{"type": "FeatureCollection", "features": [{"type": "Feature", "id": 0, "properties": {"id": 0, "osm_id": 27931726, "name": "K100", "kind": "drain", "length_m": 4010}, "geometry": {"type": "LineString", "coordinates": [[77.6216555, 12.9513968], [77.6218151, 12.9512621], [77.6218686, 12.9510759], [77.621963, 12.9509756], [77.6220533, 12.9506528], [77.6220453, 12.9505012], [77.6218683, 12.9503914], [77.6216081, 12.9501614], [77.6215167, 12.9499802], [77.6214223, 12.9495619], [77.621474, 12.9494844], [77.6218951, 12.9492961], [77.6219833, 12.9492224], [77.6219974, 12.9492106], [77.6220682, 12.9491071], [77.6221347, 12.9490098], [77.6228642, 12.9481315], [77.6232076, 12.9477468], [77.6234565, 12.9475376], [77.6237054, 12.947362], [77.6239972, 12.9465673], [77.62392, 12.9463247], [77.6239114, 12.9460821], [77.6240058, 12.9459065], [77.6253962, 12.9451704], [77.6260314, 12.9443757], [77.6260571, 12.9439324], [77.6261773, 12.9417575], [77.6268556, 12.9414653], [77.626924, 12.941381], [77.62699, 12.9408391], [77.6270623, 12.9406672], [77.6270871, 12.9406365], [77.627439, 12.940235], [77.6275184, 12.9400932], [77.6276965, 12.9397749], [77.6278338, 12.939387], [77.6279287, 12.9392141], [77.6282238, 12.9390262], [77.628472, 12.9388928], [77.6285806, 12.9384867], [77.6286659, 12.938089], [77.6287531, 12.9376364], [77.628967, 12.937221], [77.6291728, 12.9368973], [77.629559, 12.9360273], [77.6299367, 12.9348646], [77.630049, 12.9346704], [77.6301084, 12.9345718], [77.6314715, 12.9332267], [77.6332804, 12.9314417], [77.6333897, 12.9311724], [77.6339602, 12.9305982], [77.6352372, 12.9295154], [77.6356056, 12.9289784], [77.6365774, 12.928549], [77.6368083, 12.9285616], [77.6369457, 12.9286327], [77.637271, 12.9292377], [77.6372888, 12.9292597], [77.6379739, 12.9300407], [77.6382421, 12.9302179], [77.6385888, 12.9302739], [77.6388134, 12.9302326], [77.6394863, 12.9298067], [77.6402467, 12.9294002], [77.6405901, 12.9292355], [77.6407617, 12.9291989], [77.6409441, 12.9292198], [77.641333, 12.9293401], [77.6417515, 12.9294185], [77.6419526, 12.9294133], [77.6422629, 12.9292427]]}}, {"type": "Feature", "id": 1, "properties": {"id": 1, "osm_id": 27994476, "name": "K204", "kind": "drain", "length_m": 613}, "geometry": {"type": "LineString", "coordinates": [[77.6171577, 12.9160843], [77.6176079, 12.9161051], [77.618308, 12.9161136], [77.6188895, 12.9161121], [77.6198594, 12.9161707], [77.6205203, 12.9163464], [77.6226695, 12.9170306]]}}, {"type": "Feature", "id": 2, "properties": {"id": 2, "osm_id": 27994478, "name": "K200", "kind": "drain", "length_m": 39}, "geometry": {"type": "LineString", "coordinates": [[77.6226695, 12.9170306], [77.6230252, 12.917093]]}}, {"type": "Feature", "id": 3, "properties": {"id": 3, "osm_id": 27994497, "name": "K200", "kind": "drain", "length_m": 68}, "geometry": {"type": "LineString", "coordinates": [[77.6223204, 12.917541], [77.6226695, 12.9170306]]}}, {"type": "Feature", "id": 4, "properties": {"id": 4, "osm_id": 28099372, "name": "", "kind": "river", "length_m": 2589}, "geometry": {"type": "LineString", "coordinates": [[77.7606569, 12.9586142], [77.760789, 12.9590467], [77.7609747, 12.959243], [77.7616113, 12.9593941], [77.7620956, 12.959331], [77.7625775, 12.9593627], [77.762867, 12.9595199], [77.763297, 12.9596404], [77.7636317, 12.95968], [77.7638093, 12.9597533], [77.7637656, 12.9600603], [77.7638388, 12.9601809], [77.7642926, 12.9606168], [77.76443, 12.9606754], [77.7649793, 12.9605416], [77.7658376, 12.9607256], [77.7672195, 12.9612609], [77.7681979, 12.9617209], [77.7686185, 12.9618297], [77.7688331, 12.9621475], [77.7691592, 12.9622814], [77.7701034, 12.9625406], [77.7704489, 12.9627926], [77.7709789, 12.9634942], [77.7714338, 12.9642637], [77.7716741, 12.9644644], [77.7722148, 12.9645564], [77.7724895, 12.9646903], [77.7729873, 12.9651419], [77.773262, 12.9656856], [77.7734187, 12.9658933], [77.7734765, 12.96597], [77.7741031, 12.9662209], [77.7745923, 12.9664719], [77.7750301, 12.9667981], [77.7757425, 12.9670992], [77.7760858, 12.9672999], [77.7763347, 12.9674672], [77.7768594, 12.9677108], [77.7771072, 12.9677767], [77.7773818, 12.9679105], [77.777399, 12.9680861], [77.7773132, 12.968404], [77.7772788, 12.9686716], [77.7774333, 12.9689226], [77.7778024, 12.9689895], [77.7781543, 12.9690229], [77.778532, 12.9691902], [77.7788238, 12.9694997], [77.7789525, 12.9697422], [77.7790641, 12.9700768]]}}, {"type": "Feature", "id": 5, "properties": {"id": 5, "osm_id": 28709445, "name": "C100", "kind": "drain", "length_m": 86}, "geometry": {"type": "LineString", "coordinates": [[77.6201861, 12.9761454], [77.6203863, 12.9761449], [77.6207064, 12.9762402], [77.620884, 12.9764271]]}}, {"type": "Feature", "id": 6, "properties": {"id": 6, "osm_id": 36883838, "name": "C100", "kind": "drain", "length_m": 689}, "geometry": {"type": "LineString", "coordinates": [[77.5945982, 12.9955936], [77.5940913, 12.99436], [77.5947136, 12.9940594], [77.5941959, 12.9930767], [77.5948369, 12.9927004], [77.5949898, 12.9925227], [77.5951669, 12.992358], [77.5954257, 12.9919529], [77.5961311, 12.9907037]]}}, {"type": "Feature", "id": 7, "properties": {"id": 7, "osm_id": 37106576, "name": "C104", "kind": "drain", "length_m": 87}, "geometry": {"type": "LineString", "coordinates": [[77.6322481, 12.9767669], [77.6321297, 12.9761666], [77.6320501, 12.9760117]]}}, {"type": "Feature", "id": 8, "properties": {"id": 8, "osm_id": 37110753, "name": "K103", "kind": "drain", "length_m": 301}, "geometry": {"type": "LineString", "coordinates": [[77.6114666, 12.9698072], [77.611855, 12.9696692], [77.6126221, 12.9689272], [77.6128779, 12.9687783], [77.6138274, 12.9685115]]}}, {"type": "Feature", "id": 9, "properties": {"id": 9, "osm_id": 37136644, "name": "C200", "kind": "drain", "length_m": 1299}, "geometry": {"type": "LineString", "coordinates": [[77.6166507, 12.9982157], [77.6167774, 12.9981797], [77.6168907, 12.9980349], [77.617011, 12.9969726], [77.6169544, 12.9966691], [77.6168199, 12.9961173], [77.6168199, 12.9959103], [77.6169332, 12.9957798], [77.617316, 12.995521], [77.6176491, 12.9952238], [77.6179596, 12.9946894], [77.6180506, 12.9945299], [77.6180705, 12.9944831], [77.6181277, 12.9943767], [77.6185047, 12.9936754], [77.6194135, 12.9918987], [77.6195148, 12.9915511], [77.6196339, 12.9908591], [77.6196745, 12.9903279], [77.6197778, 12.9878859], [77.6199096, 12.9874927]]}}, {"type": "Feature", "id": 10, "properties": {"id": 10, "osm_id": 38536005, "name": "V110", "kind": "drain", "length_m": 504}, "geometry": {"type": "LineString", "coordinates": [[77.5791835, 12.9944082], [77.5788019, 12.9949403], [77.5784835, 12.9951077], [77.5779377, 12.9952012], [77.5776244, 12.9952849], [77.5773616, 12.9954524], [77.5770432, 12.9955706], [77.57674, 12.9955804], [77.5763054, 12.9954425], [77.5759516, 12.9955115], [77.5749985, 12.9956303]]}}, {"type": "Feature", "id": 11, "properties": {"id": 11, "osm_id": 38538359, "name": "Vrishabhavathi", "kind": "drain", "length_m": 63}, "geometry": {"type": "LineString", "coordinates": [[77.5702991, 12.9857149], [77.5702672, 12.9857195], [77.569911, 12.9857713], [77.5698747, 12.9857766], [77.5697323, 12.985816]]}}, {"type": "Feature", "id": 12, "properties": {"id": 12, "osm_id": 38771630, "name": "", "kind": "drain", "length_m": 314}, "geometry": {"type": "LineString", "coordinates": [[77.6242779, 12.9527508], [77.624118, 12.952446], [77.6237254, 12.9517041], [77.6235301, 12.9511016], [77.6233771, 12.9509334], [77.6232491, 12.9508619], [77.6232197, 12.9508455], [77.6230866, 12.9507061], [77.6228553, 12.950343]]}}, {"type": "Feature", "id": 13, "properties": {"id": 13, "osm_id": 40341337, "name": "K100", "kind": "drain", "length_m": 1826}, "geometry": {"type": "LineString", "coordinates": [[77.6059813, 12.9499885], [77.6084018, 12.9496623], [77.6100669, 12.949403], [77.6111454, 12.9493138], [77.6112542, 12.9493966], [77.6112845, 12.9497318], [77.6113458, 12.9497794], [77.611526, 12.9498547], [77.6118865, 12.9498547], [77.6122813, 12.9499132], [77.6130159, 12.950138], [77.6152167, 12.9508083], [77.6154828, 12.9508501], [77.6157403, 12.950825], [77.61659, 12.9506828], [77.6175249, 12.9506786], [77.6176436, 12.950842], [77.6182466, 12.9518037], [77.6184268, 12.9520128], [77.6186462, 12.952179], [77.6195418, 12.9521711], [77.6197671, 12.9521608], [77.6199122, 12.9521259], [77.6202369, 12.9519853], [77.6204256, 12.9519176], [77.6213115, 12.9515758]]}}, {"type": "Feature", "id": 14, "properties": {"id": 14, "osm_id": 40696215, "name": "", "kind": "drain", "length_m": 146}, "geometry": {"type": "LineString", "coordinates": [[77.6180787, 12.9226991], [77.6176693, 12.9219063], [77.6175047, 12.9215071]]}}, {"type": "Feature", "id": 15, "properties": {"id": 15, "osm_id": 52063530, "name": "", "kind": "stream", "length_m": 111}, "geometry": {"type": "LineString", "coordinates": [[77.5981849, 12.9771539], [77.5978024, 12.9771594], [77.5974368, 12.977132], [77.5971636, 12.9771153]]}}, {"type": "Feature", "id": 16, "properties": {"id": 16, "osm_id": 52444131, "name": "V109", "kind": "drain", "length_m": 202}, "geometry": {"type": "LineString", "coordinates": [[77.5718575, 12.9849049], [77.5718578, 12.9850532], [77.5712159, 12.9853972], [77.5710093, 12.9855259], [77.5702991, 12.9857149]]}}, {"type": "Feature", "id": 17, "properties": {"id": 17, "osm_id": 52444916, "name": "K113", "kind": "drain", "length_m": 681}, "geometry": {"type": "LineString", "coordinates": [[77.6159032, 12.9437585], [77.6161803, 12.9438948], [77.6163001, 12.9440165], [77.6165674, 12.9442885], [77.6166718, 12.9445941], [77.6168054, 12.9449382], [77.6165217, 12.9451871], [77.616372, 12.9455833], [77.616216, 12.946045], [77.6161599, 12.946332], [77.6161162, 12.9467313], [77.6161099, 12.9469527], [77.6162129, 12.9472585], [77.6163221, 12.9476078], [77.6163938, 12.9478512], [77.6164094, 12.9479697], [77.6164375, 12.9480883], [77.6164406, 12.9482411], [77.6164531, 12.9483628], [77.6165498, 12.9484969], [77.6166964, 12.9486872], [77.6168774, 12.9488713], [77.6170604, 12.9491135]]}}, {"type": "Feature", "id": 18, "properties": {"id": 18, "osm_id": 62781846, "name": "Vrishabhavathi", "kind": "river", "length_m": 421}, "geometry": {"type": "LineString", "coordinates": [[77.5714737, 12.989077], [77.5713793, 12.988934], [77.57069, 12.9884369], [77.5706144, 12.988272], [77.5704945, 12.9863605], [77.5704248, 12.9859584], [77.5703839, 12.9857821], [77.5702991, 12.9857149]]}}, {"type": "Feature", "id": 19, "properties": {"id": 19, "osm_id": 90843339, "name": "", "kind": "drain", "length_m": 552}, "geometry": {"type": "LineString", "coordinates": [[77.6494649, 12.9143516], [77.6472964, 12.9145685], [77.6466158, 12.9146025], [77.6465852, 12.9150916], [77.6454433, 12.9150868], [77.6453207, 12.9150932], [77.6448649, 12.9151168]]}}, {"type": "Feature", "id": 20, "properties": {"id": 20, "osm_id": 90843341, "name": "", "kind": "drain", "length_m": 246}, "geometry": {"type": "LineString", "coordinates": [[77.6505964, 12.9120641], [77.6505424, 12.913203], [77.6494516, 12.9131859], [77.6494517, 12.9131951]]}}, {"type": "Feature", "id": 21, "properties": {"id": 21, "osm_id": 105317892, "name": "C104", "kind": "drain", "length_m": 387}, "geometry": {"type": "LineString", "coordinates": [[77.6336504, 12.9814158], [77.6336368, 12.9811073], [77.6333497, 12.9806109], [77.6332571, 12.9800711], [77.6332344, 12.9795788], [77.6329429, 12.9782315], [77.6328687, 12.9780502]]}}, {"type": "Feature", "id": 22, "properties": {"id": 22, "osm_id": 105317909, "name": "C104", "kind": "drain", "length_m": 157}, "geometry": {"type": "LineString", "coordinates": [[77.6328687, 12.9780502], [77.6322481, 12.9767669]]}}, {"type": "Feature", "id": 23, "properties": {"id": 23, "osm_id": 128211142, "name": "", "kind": "drain", "length_m": 70}, "geometry": {"type": "LineString", "coordinates": [[77.6316292, 12.9009318], [77.6317028, 12.9015636]]}}, {"type": "Feature", "id": 24, "properties": {"id": 24, "osm_id": 131645659, "name": "K108", "kind": "drain", "length_m": 1356}, "geometry": {"type": "LineString", "coordinates": [[77.5907471, 12.9437158], [77.5909235, 12.9439948], [77.5910872, 12.944421], [77.5912911, 12.9447922], [77.5915137, 12.9450693], [77.5917122, 12.9452313], [77.5921601, 12.9453411], [77.592517, 12.9458494], [77.5930613, 12.9466246], [77.5934783, 12.9463941], [77.5940162, 12.9461489], [77.5946438, 12.9469435], [77.5948258, 12.947084], [77.5961003, 12.9480676], [77.5960894, 12.9480923], [77.5959232, 12.9484701], [77.5965965, 12.9488387], [77.5963417, 12.949338], [77.5969425, 12.9496752], [77.5969881, 12.9498059], [77.5983453, 12.9512749]]}}, {"type": "Feature", "id": 25, "properties": {"id": 25, "osm_id": 133134239, "name": "K209", "kind": "drain", "length_m": 776}, "geometry": {"type": "LineString", "coordinates": [[77.5848173, 12.9199641], [77.5859525, 12.9199367], [77.5864672, 12.9195628], [77.5864756, 12.9195737], [77.5870938, 12.9191212], [77.5872485, 12.9189779], [77.5872383, 12.9189662], [77.5872911, 12.9188433], [77.587274, 12.9185422], [77.5872053, 12.9174546], [77.589394, 12.917371], [77.5895474, 12.9167863]]}}, {"type": "Feature", "id": 26, "properties": {"id": 26, "osm_id": 133882608, "name": "C103", "kind": "drain", "length_m": 228}, "geometry": {"type": "LineString", "coordinates": [[77.6556724, 12.9499179], [77.6558539, 12.9478666]]}}, {"type": "Feature", "id": 27, "properties": {"id": 27, "osm_id": 133882610, "name": "C103", "kind": "drain", "length_m": 262}, "geometry": {"type": "LineString", "coordinates": [[77.6558539, 12.9478666], [77.6559185, 12.9472083], [77.656215, 12.946724], [77.6569126, 12.9458062]]}}, {"type": "Feature", "id": 28, "properties": {"id": 28, "osm_id": 133882612, "name": "C103", "kind": "drain", "length_m": 468}, "geometry": {"type": "LineString", "coordinates": [[77.6575051, 12.9568231], [77.6574699, 12.9566695], [77.6573431, 12.95638], [77.6571146, 12.9552163], [77.6570454, 12.9548613], [77.6570179, 12.9547981], [77.6569592, 12.9547216], [77.6568578, 12.9544473], [77.6567509, 12.9541251], [77.6567181, 12.9540797], [77.6565197, 12.9527336]]}}, {"type": "Feature", "id": 29, "properties": {"id": 29, "osm_id": 133882613, "name": "", "kind": "drain", "length_m": 46}, "geometry": {"type": "LineString", "coordinates": [[77.6537933, 12.950493], [77.6542119, 12.950517]]}}, {"type": "Feature", "id": 30, "properties": {"id": 30, "osm_id": 135274883, "name": "Dakshina Pinakini", "kind": "river", "length_m": 7140}, "geometry": {"type": "LineString", "coordinates": [[77.7790641, 12.9700768], [77.7794332, 12.9701186], [77.7797937, 12.9700099], [77.7804288, 12.9699263], [77.780858, 12.9700183], [77.7811755, 12.970403], [77.7814502, 12.9705954], [77.781845, 12.9706957], [77.7823428, 12.970771], [77.7827462, 12.9708212], [77.7831164, 12.9707758], [77.7834378, 12.9706002], [77.7836732, 12.9699095], [77.7839221, 12.9693993], [77.7841281, 12.9690397], [77.7843169, 12.9684876], [77.7845144, 12.9682116], [77.7848663, 12.9680025], [77.7850379, 12.9679189], [77.7852182, 12.967601], [77.7852439, 12.9673334], [77.7854757, 12.967417], [77.7858361, 12.9672246], [77.786291, 12.9669737], [77.7868318, 12.9667144], [77.7870893, 12.9665053], [77.7872266, 12.9664719], [77.7876643, 12.9662544], [77.7878188, 12.9660286], [77.7880334, 12.9659115], [77.7882909, 12.9656354], [77.7884626, 12.9652256], [77.7886771, 12.9648325], [77.7890205, 12.9645481], [77.7891492, 12.964247], [77.789132, 12.9639208], [77.7889261, 12.9638538], [77.7888402, 12.9636196], [77.7888145, 12.9632683], [77.7889003, 12.9629338], [77.7888402, 12.9625156], [77.7890119, 12.9620137], [77.7892522, 12.9616122], [77.7894153, 12.9611605], [77.7893295, 12.9609431], [77.789072, 12.9608092], [77.7888746, 12.9605834], [77.7889346, 12.9602488], [77.789175, 12.9598389], [77.7897071, 12.9593287], [77.7901706, 12.9589941], [77.7905483, 12.9588603], [77.7906856, 12.959036], [77.7907886, 12.9591949], [77.7912864, 12.9590611], [77.7919645, 12.9587599], [77.7926597, 12.9583166], [77.7929086, 12.9576725], [77.7929086, 12.9572794], [77.7927884, 12.9567357], [77.7927884, 12.956443], [77.792797, 12.9559996], [77.7925395, 12.9557654], [77.7924194, 12.9553639], [77.7922477, 12.954929], [77.7922305, 12.9544271], [77.7920074, 12.954126], [77.7913894, 12.9541092], [77.7905912, 12.9541176], [77.7900419, 12.9541427], [77.7893895, 12.9540423], [77.78866, 12.9539001], [77.788248, 12.9537077], [77.788145, 12.953323], [77.7883424, 12.9529298], [77.7886514, 12.95252], [77.7890119, 12.9519428], [77.7894925, 12.95165], [77.7899131, 12.9512653], [77.7904023, 12.9509056], [77.7910718, 12.950571], [77.7916641, 12.9501695], [77.7919387, 12.9498265], [77.7921876, 12.9493163], [77.7922992, 12.9489398], [77.7925052, 12.9485634], [77.792591, 12.9481619], [77.7926339, 12.9477353], [77.7926425, 12.9472418], [77.7927541, 12.9470159], [77.7927112, 12.9468152], [77.7928657, 12.9465224], [77.793003, 12.946238], [77.7932262, 12.9457277], [77.7934751, 12.9452091], [77.7939557, 12.9448996], [77.7943248, 12.9448494], [77.7946767, 12.9445232], [77.7950629, 12.9442722], [77.7952346, 12.9442806], [77.7954492, 12.9443726], [77.7957067, 12.9443559], [77.7959298, 12.9441384], [77.7962388, 12.9439376], [77.7966079, 12.9439376], [77.7969169, 12.9438958], [77.7973031, 12.9439711], [77.7977151, 12.943854], [77.7981099, 12.9437369], [77.7984018, 12.9438875], [77.7985305, 12.9437787], [77.7988996, 12.9437034], [77.7990455, 12.9438456], [77.7991399, 12.9441217], [77.7992944, 12.9442388], [77.7994832, 12.9445316], [77.7994918, 12.9450084], [77.7996635, 12.9451506], [77.8001355, 12.9451004], [77.8004703, 12.9450251], [77.8011226, 12.9445734], [77.801835, 12.9441802], [77.8023156, 12.9439376], [77.8025731, 12.9434776], [77.8024787, 12.9430175], [77.802247, 12.9428335], [77.8022298, 12.9426411], [77.8025045, 12.9422563], [77.8026933, 12.9420639], [77.8028821, 12.9416456], [77.8028907, 12.9412274], [77.8028907, 12.9407589], [77.8026761, 12.9404662], [77.8024873, 12.9403741], [77.8021869, 12.9406], [77.801938, 12.9405414], [77.8016977, 12.9402989], [77.801629, 12.9399643], [77.8018092, 12.9395878], [77.8022727, 12.939203], [77.8027705, 12.9389521], [77.8033284, 12.9389604], [77.8036975, 12.938927], [77.8039893, 12.9385756], [77.804264, 12.9382912], [77.8051223, 12.9377726], [77.805766, 12.9374798], [77.8062381, 12.937187], [77.8066673, 12.9367688], [77.8072337, 12.9363923]]}}, {"type": "Feature", "id": 31, "properties": {"id": 31, "osm_id": 138980172, "name": "C100", "kind": "drain", "length_m": 29}, "geometry": {"type": "LineString", "coordinates": [[77.6283484, 12.9782084], [77.6285717, 12.9780679]]}}, {"type": "Feature", "id": 32, "properties": {"id": 32, "osm_id": 138980173, "name": "C100", "kind": "drain", "length_m": 712}, "geometry": {"type": "LineString", "coordinates": [[77.6285717, 12.9780679], [77.6302344, 12.9770902], [77.6308609, 12.9767724], [77.6314274, 12.9765382], [77.6314961, 12.9764964], [77.6316935, 12.9764295], [77.6317793, 12.9763458], [77.6318566, 12.9762956], [77.6320501, 12.9760117], [77.6326097, 12.9751084], [77.632974, 12.973809]]}}, {"type": "Feature", "id": 33, "properties": {"id": 33, "osm_id": 147027406, "name": "C100", "kind": "drain", "length_m": 471}, "geometry": {"type": "LineString", "coordinates": [[77.6419995, 12.9616866], [77.6421116, 12.9616562], [77.642198, 12.9615692], [77.6423897, 12.9609978], [77.642496, 12.9605394], [77.643057, 12.9585295], [77.6431488, 12.9583769], [77.6437269, 12.957997]]}}, {"type": "Feature", "id": 34, "properties": {"id": 34, "osm_id": 152582634, "name": "K200", "kind": "drain", "length_m": 821}, "geometry": {"type": "LineString", "coordinates": [[77.6385101, 12.9162193], [77.638564, 12.9166092], [77.6384701, 12.9168601], [77.6386192, 12.9196899], [77.6390312, 12.9213193], [77.6399413, 12.923176], [77.6400129, 12.923343]]}}, {"type": "Feature", "id": 35, "properties": {"id": 35, "osm_id": 152582637, "name": "K200", "kind": "drain", "length_m": 54}, "geometry": {"type": "LineString", "coordinates": [[77.6385548, 12.9157333], [77.6385101, 12.9162193]]}}, {"type": "Feature", "id": 36, "properties": {"id": 36, "osm_id": 157204434, "name": "", "kind": "river", "length_m": 6295}, "geometry": {"type": "LineString", "coordinates": [[77.7184305, 12.9426581], [77.7190661, 12.9427585], [77.7195274, 12.9428681], [77.7204714, 12.9432803], [77.7209759, 12.9432604], [77.7212441, 12.9431244], [77.7219514, 12.9430262], [77.7223133, 12.9431366], [77.7224725, 12.9432342], [77.72288, 12.9431894], [77.7231442, 12.943181], [77.723416, 12.9433044], [77.7237775, 12.9433036], [77.7240867, 12.9431572], [77.7242892, 12.9431521], [77.7245581, 12.9432118], [77.7247409, 12.9433152], [77.7252347, 12.9433371], [77.7255762, 12.9431822], [77.7260131, 12.9430774], [77.7268645, 12.9430777], [77.7269915, 12.9431683], [77.7271966, 12.943245], [77.7276418, 12.9433667], [77.7283834, 12.9434571], [77.7286687, 12.9434603], [77.7298164, 12.9430617], [77.7306962, 12.9427166], [77.7315545, 12.9425075], [77.7317369, 12.9424029], [77.7321768, 12.9418749], [77.7322036, 12.9417547], [77.7322036, 12.9411586], [77.7322948, 12.9410698], [77.7327911, 12.9410577], [77.7339994, 12.9410175], [77.7340877, 12.9410394], [77.7341241, 12.9411186], [77.734142, 12.9412261], [77.7341455, 12.9419429], [77.7342377, 12.9421294], [77.734285, 12.9422252], [77.7346069, 12.9428291], [77.7354276, 12.9435688], [77.7356046, 12.9436472], [77.7359748, 12.9437466], [77.736184, 12.9438773], [77.7365649, 12.944238], [77.7368277, 12.9442746], [77.7372301, 12.9441439], [77.737627, 12.9440446], [77.7382117, 12.9441125], [77.7384692, 12.9442014], [77.7388716, 12.9443635], [77.7391612, 12.9443739], [77.7395475, 12.944353], [77.7397513, 12.9444001], [77.7401376, 12.9445831], [77.7403277, 12.9446976], [77.7405251, 12.9448588], [77.7410911, 12.9452026], [77.7412315, 12.9453361], [77.7413821, 12.9455503], [77.7417199, 12.9457761], [77.7420279, 12.9460201], [77.7420865, 12.9460368], [77.7421345, 12.9460221], [77.7422042, 12.9459123], [77.7422067, 12.9454998], [77.7422364, 12.9454679], [77.7432423, 12.9455097], [77.7436808, 12.9454771], [77.7440911, 12.9455084], [77.7442253, 12.9455764], [77.7444345, 12.9457071], [77.7445847, 12.9457332], [77.7454859, 12.9457698], [77.7457541, 12.9457019], [77.7461243, 12.9454875], [77.7462423, 12.9453986], [77.746351, 12.9453131], [77.7464818, 12.9451948], [77.7468807, 12.9449578], [77.7474546, 12.944841], [77.7480788, 12.9447881], [77.7484448, 12.9448372], [77.7487153, 12.9449415], [77.7490908, 12.9450774], [77.7494985, 12.9453598], [77.7495535, 12.9454518], [77.7497721, 12.9458169], [77.7497453, 12.9462172], [77.7495951, 12.9463949], [77.7494985, 12.9467295], [77.7493805, 12.9470746], [77.7491496, 12.947483], [77.7490251, 12.948034], [77.7488107, 12.9486508], [77.748651, 12.9495004], [77.7485866, 12.9503159], [77.7487206, 12.9506894], [77.7490317, 12.9507286], [77.7499115, 12.9507704], [77.7504427, 12.9510292], [77.7509844, 12.9516462], [77.75136, 12.9522735], [77.7517247, 12.9526603], [77.7521109, 12.9530263], [77.7525079, 12.9533923], [77.7542579, 12.9541637], [77.755748, 12.9546469], [77.7579796, 12.954877], [77.7595568, 12.9552828], [77.7600964, 12.9560126], [77.7603284, 12.956542], [77.7603419, 12.9573333], [77.7606569, 12.9586142]]}}, {"type": "Feature", "id": 37, "properties": {"id": 37, "osm_id": 158396755, "name": "", "kind": "drain", "length_m": 90}, "geometry": {"type": "LineString", "coordinates": [[77.6426037, 12.9552164], [77.6431759, 12.9558106]]}}, {"type": "Feature", "id": 38, "properties": {"id": 38, "osm_id": 164040899, "name": "K209", "kind": "drain", "length_m": 53}, "geometry": {"type": "LineString", "coordinates": [[77.6214479, 12.9125428], [77.6218369, 12.9128283]]}}, {"type": "Feature", "id": 39, "properties": {"id": 39, "osm_id": 164042297, "name": "", "kind": "drain", "length_m": 199}, "geometry": {"type": "LineString", "coordinates": [[77.6526413, 12.951821], [77.6529626, 12.9516102], [77.6532155, 12.9512703], [77.6535741, 12.9507833], [77.6536831, 12.9505164], [77.6537933, 12.950493]]}}, {"type": "Feature", "id": 40, "properties": {"id": 40, "osm_id": 172952784, "name": "C100", "kind": "drain", "length_m": 393}, "geometry": {"type": "LineString", "coordinates": [[77.620884, 12.9764271], [77.6210885, 12.9772282], [77.6212499, 12.9774868], [77.6213717, 12.9776715], [77.6221575, 12.9781162], [77.6229128, 12.9783869], [77.6234432, 12.9784629]]}}, {"type": "Feature", "id": 41, "properties": {"id": 41, "osm_id": 173431793, "name": "C105", "kind": "drain", "length_m": 249}, "geometry": {"type": "LineString", "coordinates": [[77.6433731, 12.9623835], [77.6433462, 12.9614645], [77.6433324, 12.961185], [77.6431885, 12.9610328], [77.642496, 12.9605394]]}}, {"type": "Feature", "id": 42, "properties": {"id": 42, "osm_id": 176049416, "name": "K209", "kind": "drain", "length_m": 145}, "geometry": {"type": "LineString", "coordinates": [[77.593156, 12.908253], [77.5931377, 12.9073849], [77.5935906, 12.9073822]]}}, {"type": "Feature", "id": 43, "properties": {"id": 43, "osm_id": 176051970, "name": "K209", "kind": "drain", "length_m": 254}, "geometry": {"type": "LineString", "coordinates": [[77.5922884, 12.9101244], [77.5923366, 12.9099885], [77.592393, 12.909829], [77.5924627, 12.9096669], [77.5925405, 12.9095885], [77.5926612, 12.9094839], [77.5927604, 12.9094237], [77.5929938, 12.9093244], [77.5931494, 12.9092643], [77.5931579, 12.9092478], [77.5931686, 12.9092017], [77.593156, 12.908253]]}}, {"type": "Feature", "id": 44, "properties": {"id": 44, "osm_id": 179122836, "name": "", "kind": "drain", "length_m": 31}, "geometry": {"type": "LineString", "coordinates": [[77.612822, 12.8930106], [77.6128742, 12.8932827]]}}, {"type": "Feature", "id": 45, "properties": {"id": 45, "osm_id": 179122844, "name": "", "kind": "drain", "length_m": 28}, "geometry": {"type": "LineString", "coordinates": [[77.6121239, 12.8868191], [77.612081, 12.8870675]]}}, {"type": "Feature", "id": 46, "properties": {"id": 46, "osm_id": 179122846, "name": "", "kind": "drain", "length_m": 22}, "geometry": {"type": "LineString", "coordinates": [[77.6120743, 12.8908717], [77.6121266, 12.8910652]]}}, {"type": "Feature", "id": 47, "properties": {"id": 47, "osm_id": 179122848, "name": "", "kind": "drain", "length_m": 139}, "geometry": {"type": "LineString", "coordinates": [[77.6123896, 12.8916595], [77.6125929, 12.8918182], [77.6127824, 12.8928044]]}}, {"type": "Feature", "id": 48, "properties": {"id": 48, "osm_id": 179122850, "name": "", "kind": "drain", "length_m": 24}, "geometry": {"type": "LineString", "coordinates": [[77.6122392, 12.8915019], [77.6123896, 12.8916595]]}}, {"type": "Feature", "id": 49, "properties": {"id": 49, "osm_id": 179122862, "name": "", "kind": "drain", "length_m": 50}, "geometry": {"type": "LineString", "coordinates": [[77.6121266, 12.8910652], [77.6122392, 12.8915019]]}}, {"type": "Feature", "id": 50, "properties": {"id": 50, "osm_id": 179122870, "name": "", "kind": "drain", "length_m": 22}, "geometry": {"type": "LineString", "coordinates": [[77.6119871, 12.8874387], [77.6121454, 12.8875642]]}}, {"type": "Feature", "id": 51, "properties": {"id": 51, "osm_id": 179122871, "name": "", "kind": "drain", "length_m": 23}, "geometry": {"type": "LineString", "coordinates": [[77.6127824, 12.8928044], [77.612822, 12.8930106]]}}, {"type": "Feature", "id": 52, "properties": {"id": 52, "osm_id": 179122873, "name": "", "kind": "drain", "length_m": 376}, "geometry": {"type": "LineString", "coordinates": [[77.6121454, 12.8875642], [77.6121958, 12.887614], [77.6119522, 12.8884611], [77.6119361, 12.8886389], [77.6119496, 12.8890154], [77.6119549, 12.889303], [77.6118732, 12.8900323], [77.6118718, 12.8902102], [77.6120743, 12.8908717]]}}, {"type": "Feature", "id": 53, "properties": {"id": 53, "osm_id": 179122874, "name": "", "kind": "drain", "length_m": 117}, "geometry": {"type": "LineString", "coordinates": [[77.6128742, 12.8932827], [77.612958, 12.8933987], [77.6130587, 12.8934925], [77.613292, 12.8934654], [77.6133656, 12.8934816], [77.6134269, 12.8935501], [77.6134964, 12.8936513], [77.6135641, 12.8938993]]}}, {"type": "Feature", "id": 54, "properties": {"id": 54, "osm_id": 179122876, "name": "", "kind": "drain", "length_m": 45}, "geometry": {"type": "LineString", "coordinates": [[77.612081, 12.8870675], [77.6119576, 12.8873368], [77.6119576, 12.8873864], [77.6119871, 12.8874387]]}}, {"type": "Feature", "id": 55, "properties": {"id": 55, "osm_id": 179122879, "name": "", "kind": "drain", "length_m": 176}, "geometry": {"type": "LineString", "coordinates": [[77.6123113, 12.8841425], [77.6122929, 12.8843038], [77.612197, 12.8857311]]}}, {"type": "Feature", "id": 56, "properties": {"id": 56, "osm_id": 179122880, "name": "", "kind": "drain", "length_m": 184}, "geometry": {"type": "LineString", "coordinates": [[77.6135641, 12.8938993], [77.6135963, 12.8942784], [77.6136982, 12.8946366], [77.6137089, 12.8948379], [77.6135185, 12.8950811], [77.6134434, 12.8952223], [77.613194, 12.8952092]]}}, {"type": "Feature", "id": 57, "properties": {"id": 57, "osm_id": 217558971, "name": "C200", "kind": "drain", "length_m": 608}, "geometry": {"type": "LineString", "coordinates": [[77.61993, 12.9993081], [77.6197249, 12.9989772], [77.6190642, 12.997911], [77.6187974, 12.9972694], [77.6185454, 12.9964042], [77.6189137, 12.9955022], [77.6180506, 12.9945299]]}}, {"type": "Feature", "id": 58, "properties": {"id": 58, "osm_id": 218039389, "name": "K200", "kind": "drain", "length_m": 460}, "geometry": {"type": "LineString", "coordinates": [[77.6247899, 12.9173926], [77.6251161, 12.917398], [77.6256599, 12.917359], [77.6284458, 12.916533], [77.6289002, 12.9164905]]}}, {"type": "Feature", "id": 59, "properties": {"id": 59, "osm_id": 224638829, "name": "C100", "kind": "drain", "length_m": 389}, "geometry": {"type": "LineString", "coordinates": [[77.6010842, 12.9876734], [77.6011428, 12.9876654], [77.6012891, 12.9875904], [77.6013675, 12.9874412], [77.6013845, 12.9870471], [77.6014622, 12.9868095], [77.6015975, 12.9866826], [77.6017397, 12.9866355], [77.6026677, 12.9865627], [77.6028841, 12.9866119], [77.6032669, 12.986822], [77.6035056, 12.9868647], [77.6038541, 12.9867759]]}}, {"type": "Feature", "id": 60, "properties": {"id": 60, "osm_id": 230185960, "name": "K200", "kind": "drain", "length_m": 44}, "geometry": {"type": "LineString", "coordinates": [[77.6400129, 12.923343], [77.6396674, 12.9235469]]}}, {"type": "Feature", "id": 61, "properties": {"id": 61, "osm_id": 230188170, "name": "K200", "kind": "drain", "length_m": 17}, "geometry": {"type": "LineString", "coordinates": [[77.6230252, 12.917093], [77.6231781, 12.9171247]]}}, {"type": "Feature", "id": 62, "properties": {"id": 62, "osm_id": 230188171, "name": "K200", "kind": "drain", "length_m": 711}, "geometry": {"type": "LineString", "coordinates": [[77.6083774, 12.9248122], [77.6084378, 12.9248403], [77.6085875, 12.9248874], [77.6089259, 12.9249803], [77.6090653, 12.9250185], [77.6101689, 12.9248925], [77.610447, 12.9248041], [77.6113125, 12.9243929], [77.6119979, 12.9241712], [77.6123191, 12.9241444], [77.6126545, 12.9240683], [77.6134027, 12.9238376], [77.613635, 12.9235924], [77.6138657, 12.9234697], [77.6141313, 12.923417], [77.614326, 12.923436], [77.6144191, 12.92346], [77.6145427, 12.9234477]]}}, {"type": "Feature", "id": 63, "properties": {"id": 63, "osm_id": 232423905, "name": "K200", "kind": "drain", "length_m": 615}, "geometry": {"type": "LineString", "coordinates": [[77.6324438, 12.916255], [77.6352984, 12.9159882], [77.6354821, 12.9159725], [77.636274, 12.9158782], [77.6380672, 12.9156332]]}}, {"type": "Feature", "id": 64, "properties": {"id": 64, "osm_id": 236730223, "name": "", "kind": "drain", "length_m": 496}, "geometry": {"type": "LineString", "coordinates": [[77.6322526, 12.9021928], [77.6323642, 12.9026745], [77.6323937, 12.9030748], [77.6323293, 12.9033044], [77.6323041, 12.9039165], [77.6323716, 12.904177], [77.632497, 12.9043824], [77.6324854, 12.904976], [77.6325102, 12.9051376], [77.6325533, 12.9054187], [77.6325672, 12.9056755], [77.6325761, 12.9057721], [77.6325217, 12.9065977]]}}, {"type": "Feature", "id": 65, "properties": {"id": 65, "osm_id": 236730227, "name": "", "kind": "drain", "length_m": 92}, "geometry": {"type": "LineString", "coordinates": [[77.6317028, 12.9015636], [77.6322526, 12.9021928]]}}, {"type": "Feature", "id": 66, "properties": {"id": 66, "osm_id": 306996877, "name": "", "kind": "drain", "length_m": 1138}, "geometry": {"type": "LineString", "coordinates": [[77.7395446, 12.9735986], [77.7395775, 12.9735136], [77.7396787, 12.9733333], [77.7396655, 12.9731477], [77.7394992, 12.9729752], [77.7394185, 12.9727374], [77.7392927, 12.9726825], [77.7391905, 12.9724135], [77.7391763, 12.9723581], [77.7390674, 12.9719323], [77.7390298, 12.9717206], [77.7390161, 12.9715719], [77.739145, 12.9715431], [77.7395767, 12.9714542], [77.7398799, 12.9714778], [77.7400783, 12.971564], [77.7402312, 12.9714177], [77.7402661, 12.9712452], [77.7403546, 12.9711991], [77.7404511, 12.9711416], [77.740376, 12.9694218], [77.7404465, 12.969224], [77.7405704, 12.9692159], [77.7407398, 12.9688287], [77.7410132, 12.9683966], [77.7410923, 12.9682156], [77.7411621, 12.9680092], [77.7412157, 12.9680144], [77.7413096, 12.9680301], [77.741382, 12.9680327], [77.7414356, 12.9680222], [77.7414704, 12.967979], [77.7414763, 12.967904], [77.7414705, 12.967868], [77.7415134, 12.967557], [77.741551, 12.9675073], [77.7415964, 12.9674327], [77.7416769, 12.9670328], [77.741728, 12.9667924], [77.7418447, 12.9666277], [77.7420243, 12.9664316], [77.7427193, 12.9658712], [77.7427444, 12.965816]]}}, {"type": "Feature", "id": 67, "properties": {"id": 67, "osm_id": 317763264, "name": "", "kind": "drain", "length_m": 600}, "geometry": {"type": "LineString", "coordinates": [[77.6272676, 12.912126], [77.6293739, 12.9123157], [77.6296358, 12.9117932], [77.6323513, 12.9125289]]}}, {"type": "Feature", "id": 68, "properties": {"id": 68, "osm_id": 322783237, "name": "Dakshina Pinakini", "kind": "river", "length_m": 227}, "geometry": {"type": "LineString", "coordinates": [[77.7789525, 12.9718082], [77.778695, 12.971298], [77.778532, 12.9706456], [77.7787294, 12.9702525], [77.7790641, 12.9700768]]}}, {"type": "Feature", "id": 69, "properties": {"id": 69, "osm_id": 322783238, "name": "Dakshina Pinakini", "kind": "river", "length_m": 3244}, "geometry": {"type": "LineString", "coordinates": [[77.7728058, 13.0029304], [77.7725199, 13.0026445], [77.7725972, 13.0023806], [77.7728107, 13.0020586], [77.7732157, 13.0018678], [77.7737028, 13.0018532], [77.7737135, 13.001526], [77.7738261, 13.0012897], [77.7743615, 13.0011397], [77.7747935, 13.0010461], [77.7749586, 13.0008078], [77.7747333, 13.0001565], [77.7747295, 12.9995716], [77.7749495, 12.9990489], [77.7751168, 12.9982518], [77.7747934, 12.9977505], [77.774438, 12.9975286], [77.7746276, 12.9972576], [77.7745718, 12.996852], [77.7744737, 12.996358], [77.7744621, 12.9961817], [77.7744549, 12.9959551], [77.7744366, 12.9957502], [77.7745316, 12.9956592], [77.7751592, 12.9957031], [77.7753858, 12.9956552], [77.7753911, 12.995292], [77.775349, 12.9951515], [77.7753255, 12.9948626], [77.7753555, 12.994549], [77.7754854, 12.9943509], [77.7757525, 12.9939599], [77.7760572, 12.9935203], [77.776179, 12.9932501], [77.7762771, 12.9928188], [77.7759043, 12.9924519], [77.7755551, 12.9922109], [77.7755208, 12.9918173], [77.775763, 12.9914637], [77.7757359, 12.9901927], [77.7759998, 12.9893663], [77.7762029, 12.9887976], [77.7761961, 12.9882226], [77.7761764, 12.9881836], [77.7759059, 12.9876495], [77.7757568, 12.9872187], [77.7759319, 12.9863186], [77.7764008, 12.9856231], [77.7765667, 12.9852903], [77.7767511, 12.9849329], [77.7768149, 12.9847358], [77.77658, 12.9840709], [77.7763013, 12.9830801], [77.7761712, 12.9824188], [77.7762943, 12.9820723], [77.7763594, 12.9819093], [77.7763942, 12.9817678], [77.7765534, 12.9815654], [77.7773291, 12.9806386], [77.7773505, 12.9802727], [77.7771896, 12.9794991], [77.7774042, 12.978924], [77.7777046, 12.9786836], [77.7779998, 12.9785829]]}}, {"type": "Feature", "id": 70, "properties": {"id": 70, "osm_id": 323098758, "name": "C103", "kind": "drain", "length_m": 388}, "geometry": {"type": "LineString", "coordinates": [[77.6598576, 12.9602463], [77.6575912, 12.9605975], [77.6575845, 12.9601433], [77.6574617, 12.9593506]]}}, {"type": "Feature", "id": 71, "properties": {"id": 71, "osm_id": 323729568, "name": "", "kind": "drain", "length_m": 234}, "geometry": {"type": "LineString", "coordinates": [[77.6877249, 12.9688679], [77.688025, 12.9688364], [77.6884817, 12.9688386], [77.6884434, 12.9684639], [77.6884905, 12.9680971], [77.68867, 12.9675317], [77.6887017, 12.9675222]]}}, {"type": "Feature", "id": 72, "properties": {"id": 72, "osm_id": 330226513, "name": "Vrishabhavathi", "kind": "drain", "length_m": 675}, "geometry": {"type": "LineString", "coordinates": [[77.5749966, 12.9957165], [77.5749985, 12.9956303], [77.5748205, 12.9951641], [77.5743567, 12.9942769], [77.5741735, 12.993975], [77.5738415, 12.9936865], [77.5730643, 12.9925187], [77.5718161, 12.9905291]]}}, {"type": "Feature", "id": 73, "properties": {"id": 73, "osm_id": 330226514, "name": "Vrishabhavathi", "kind": "drain", "length_m": 31}, "geometry": {"type": "LineString", "coordinates": [[77.5718161, 12.9905291], [77.5716708, 12.9902854]]}}, {"type": "Feature", "id": 74, "properties": {"id": 74, "osm_id": 331515393, "name": "C103", "kind": "drain", "length_m": 92}, "geometry": {"type": "LineString", "coordinates": [[77.6564562, 12.9522584], [77.6564866, 12.9514268]]}}, {"type": "Feature", "id": 75, "properties": {"id": 75, "osm_id": 331515394, "name": "C103", "kind": "drain", "length_m": 190}, "geometry": {"type": "LineString", "coordinates": [[77.6564866, 12.9514268], [77.6556798, 12.9500183], [77.6556724, 12.9499179]]}}, {"type": "Feature", "id": 76, "properties": {"id": 76, "osm_id": 331515395, "name": "", "kind": "drain", "length_m": 180}, "geometry": {"type": "LineString", "coordinates": [[77.6542119, 12.950517], [77.6551915, 12.9503374], [77.6554587, 12.9501952], [77.6556724, 12.9499179]]}}, {"type": "Feature", "id": 77, "properties": {"id": 77, "osm_id": 331683297, "name": "C104", "kind": "drain", "length_m": 1328}, "geometry": {"type": "LineString", "coordinates": [[77.6395019, 12.9924239], [77.6394881, 12.992357], [77.6390902, 12.9915697], [77.6389374, 12.9909007], [77.6389713, 12.9900684], [77.6391062, 12.988972], [77.6389175, 12.987892], [77.6387528, 12.9867786], [77.6384852, 12.9852807], [77.638341, 12.9847791], [77.6378812, 12.9840134], [77.6374935, 12.9838262], [77.6372842, 12.9830471], [77.6371126, 12.9829736], [77.636169, 12.9828002], [77.635469, 12.9827567], [77.6353029, 12.9825876]]}}, {"type": "Feature", "id": 78, "properties": {"id": 78, "osm_id": 334655247, "name": "K209", "kind": "drain", "length_m": 1731}, "geometry": {"type": "LineString", "coordinates": [[77.6091707, 12.9029316], [77.6102704, 12.9028176], [77.6105493, 12.9027574], [77.6109973, 12.9025953], [77.6112226, 12.9025091], [77.6112467, 12.9024672], [77.6112467, 12.9023966], [77.6112467, 12.902177], [77.6112869, 12.9021456], [77.6116946, 12.9020358], [77.6117375, 12.9020018], [77.6117563, 12.9019156], [77.6116785, 12.8999704], [77.6117161, 12.8999312], [77.6118261, 12.899905], [77.6122767, 12.8998161], [77.6123357, 12.8997821], [77.6123705, 12.8996985], [77.6121603, 12.8989878], [77.611869, 12.8980853], [77.6118743, 12.8979833], [77.6119494, 12.8979232], [77.6123553, 12.897859], [77.6127917, 12.8978552], [77.6129794, 12.8978918], [77.6130438, 12.897965], [77.6132744, 12.899037], [77.6133281, 12.8991416], [77.6134407, 12.8992043], [77.6135534, 12.8992096], [77.6138484, 12.8991363], [77.6139772, 12.8991416], [77.6140818, 12.8991965], [77.6149991, 12.9001403], [77.6157743, 12.9010005], [77.6168793, 12.9018737], [77.6173353, 12.9020463], [77.6173702, 12.9020881], [77.6174051, 12.9021509], [77.6175378, 12.9025966]]}}, {"type": "Feature", "id": 79, "properties": {"id": 79, "osm_id": 334655248, "name": "K209", "kind": "drain", "length_m": 816}, "geometry": {"type": "LineString", "coordinates": [[77.6013154, 12.9033872], [77.6018751, 12.903448], [77.6036847, 12.9033079], [77.6038047, 12.9032986], [77.6043653, 12.9032552], [77.6051984, 12.9031907], [77.6069834, 12.9032528], [77.6088113, 12.9032544]]}}, {"type": "Feature", "id": 80, "properties": {"id": 80, "osm_id": 335169249, "name": "Vrishabhavathi", "kind": "drain", "length_m": 9}, "geometry": {"type": "LineString", "coordinates": [[77.5749966, 12.9957165], [77.5749883, 12.9958017]]}}, {"type": "Feature", "id": 81, "properties": {"id": 81, "osm_id": 335169250, "name": "Vrishabhavathi", "kind": "drain", "length_m": 1198}, "geometry": {"type": "LineString", "coordinates": [[77.5721964, 13.0053914], [77.572234, 13.0032197], [77.572658, 13.0032128], [77.5728831, 13.0032092], [77.5728884, 13.0029217], [77.5727439, 13.0024367], [77.5738171, 13.0008919], [77.5738457, 12.9993186], [77.5739118, 12.9989545], [77.5739621, 12.9988647], [77.5740194, 12.9983703], [77.5741809, 12.9983173], [77.57447, 12.9976435], [77.5746413, 12.9972179], [77.5747499, 12.9967428], [77.5749883, 12.9958017]]}}, {"type": "Feature", "id": 82, "properties": {"id": 82, "osm_id": 338102748, "name": "", "kind": "drain", "length_m": 157}, "geometry": {"type": "LineString", "coordinates": [[77.6694426, 12.9861325], [77.6694721, 12.985615], [77.6694292, 12.9850164], [77.6694828, 12.9847629], [77.669486, 12.9847189]]}}, {"type": "Feature", "id": 83, "properties": {"id": 83, "osm_id": 340255772, "name": "", "kind": "drain", "length_m": 192}, "geometry": {"type": "LineString", "coordinates": [[77.6558963, 12.9705685], [77.6556654, 12.9708123], [77.6554683, 12.9708594], [77.6551974, 12.9712057], [77.6551773, 12.9713011], [77.6550365, 12.9714069], [77.6552899, 12.971833]]}}, {"type": "Feature", "id": 84, "properties": {"id": 84, "osm_id": 346531140, "name": "C100", "kind": "drain", "length_m": 662}, "geometry": {"type": "LineString", "coordinates": [[77.6476289, 12.9541525], [77.6479811, 12.9533665], [77.6482719, 12.9531413], [77.6484932, 12.9529949], [77.6503071, 12.9518609], [77.6503929, 12.9518107], [77.6509851, 12.9517689], [77.6519636, 12.9520449], [77.6522211, 12.951978], [77.6524796, 12.9519132], [77.6526413, 12.951821]]}}, {"type": "Feature", "id": 85, "properties": {"id": 85, "osm_id": 346531143, "name": "C100", "kind": "drain", "length_m": 68}, "geometry": {"type": "LineString", "coordinates": [[77.6437269, 12.957997], [77.6442756, 12.9576919]]}}, {"type": "Feature", "id": 86, "properties": {"id": 86, "osm_id": 349792302, "name": "C104", "kind": "drain", "length_m": 185}, "geometry": {"type": "LineString", "coordinates": [[77.6349358, 12.9816905], [77.6349206, 12.9815076], [77.6348869, 12.9812465], [77.6338635, 12.9813924], [77.6338524, 12.981394], [77.6336504, 12.9814158]]}}, {"type": "Feature", "id": 87, "properties": {"id": 87, "osm_id": 349792304, "name": "C104", "kind": "drain", "length_m": 67}, "geometry": {"type": "LineString", "coordinates": [[77.6350102, 12.9822905], [77.6350098, 12.9822693], [77.6349358, 12.9816905]]}}, {"type": "Feature", "id": 88, "properties": {"id": 88, "osm_id": 350024091, "name": "", "kind": "drain", "length_m": 1074}, "geometry": {"type": "LineString", "coordinates": [[77.7114487, 12.9489054], [77.7115332, 12.9486361], [77.7117115, 12.9484544], [77.7120036, 12.9482469], [77.7123826, 12.948148], [77.7128096, 12.9480896], [77.7130291, 12.9480629], [77.7132735, 12.9480087], [77.7134178, 12.9479221], [77.7134623, 12.947565], [77.7136724, 12.9470242], [77.7137824, 12.9469221], [77.7138138, 12.9464527], [77.7139185, 12.9462486], [77.7143164, 12.9461568], [77.7152431, 12.9456873], [77.715552, 12.9454169], [77.7165532, 12.9450674], [77.7166044, 12.9450495], [77.7166358, 12.9449832], [77.7167143, 12.9445648], [77.7168841, 12.94417], [77.7167662, 12.9439269], [77.7167045, 12.9437374], [77.7166714, 12.9435548], [77.7174032, 12.9432656], [77.7175158, 12.9430565], [77.7174829, 12.9429888]]}}, {"type": "Feature", "id": 89, "properties": {"id": 89, "osm_id": 350053034, "name": "K113", "kind": "drain", "length_m": 1009}, "geometry": {"type": "LineString", "coordinates": [[77.619505, 12.9473472], [77.619758, 12.947125], [77.6199816, 12.9467851], [77.6202231, 12.9462011], [77.6205003, 12.9460355], [77.6209564, 12.9456956], [77.6215019, 12.9455387], [77.6234158, 12.9438391], [77.6236036, 12.9435864], [77.6236394, 12.9431506], [77.623693, 12.9430024], [77.6248467, 12.9418867], [77.6250256, 12.9418606], [77.6253028, 12.9418867], [77.6254727, 12.9420088], [77.6260704, 12.9417885]]}}, {"type": "Feature", "id": 90, "properties": {"id": 90, "osm_id": 350053036, "name": "Drain", "kind": "drain", "length_m": 12}, "geometry": {"type": "LineString", "coordinates": [[77.6260704, 12.9417885], [77.6261773, 12.9417575]]}}, {"type": "Feature", "id": 91, "properties": {"id": 91, "osm_id": 350053037, "name": "K113", "kind": "drain", "length_m": 34}, "geometry": {"type": "LineString", "coordinates": [[77.6192587, 12.9475388], [77.619505, 12.9473472]]}}, {"type": "Feature", "id": 92, "properties": {"id": 92, "osm_id": 350053046, "name": "", "kind": "drain", "length_m": 159}, "geometry": {"type": "LineString", "coordinates": [[77.6994933, 12.9734993], [77.6992441, 12.9738402], [77.6988565, 12.9741983], [77.6984616, 12.9745047]]}}, {"type": "Feature", "id": 93, "properties": {"id": 93, "osm_id": 350053651, "name": "K209", "kind": "drain", "length_m": 77}, "geometry": {"type": "LineString", "coordinates": [[77.6228761, 12.9165131], [77.6232694, 12.9170918]]}}, {"type": "Feature", "id": 94, "properties": {"id": 94, "osm_id": 350053652, "name": "K209", "kind": "drain", "length_m": 31}, "geometry": {"type": "LineString", "coordinates": [[77.6232694, 12.9170918], [77.6234759, 12.9171405], [77.6235276, 12.917197]]}}, {"type": "Feature", "id": 95, "properties": {"id": 95, "osm_id": 350063769, "name": "", "kind": "drain", "length_m": 938}, "geometry": {"type": "LineString", "coordinates": [[77.5740964, 12.8945866], [77.5746207, 12.8947515], [77.5757405, 12.8953912], [77.5780071, 12.8966905], [77.5790408, 12.8972151], [77.5795565, 12.8974358], [77.580234, 12.8976953], [77.5812243, 12.8980161], [77.5814611, 12.8980722], [77.5814882, 12.8981744], [77.5815017, 12.8983261], [77.5814805, 12.8984867]]}}, {"type": "Feature", "id": 96, "properties": {"id": 96, "osm_id": 350063776, "name": "", "kind": "drain", "length_m": 256}, "geometry": {"type": "LineString", "coordinates": [[77.5797151, 12.9000323], [77.5810404, 12.9013161], [77.5813877, 12.9013149], [77.5815357, 12.9013144]]}}, {"type": "Feature", "id": 97, "properties": {"id": 97, "osm_id": 350065878, "name": "K209", "kind": "drain", "length_m": 34}, "geometry": {"type": "LineString", "coordinates": [[77.5935671, 12.9064465], [77.5935541, 12.9061417]]}}, {"type": "Feature", "id": 98, "properties": {"id": 98, "osm_id": 350065879, "name": "K209", "kind": "drain", "length_m": 65}, "geometry": {"type": "LineString", "coordinates": [[77.5935906, 12.9073822], [77.5935893, 12.9067908]]}}, {"type": "Feature", "id": 99, "properties": {"id": 99, "osm_id": 350065881, "name": "K209", "kind": "drain", "length_m": 823}, "geometry": {"type": "LineString", "coordinates": [[77.5949831, 12.9026495], [77.5962206, 12.9025515], [77.5966318, 12.9024758], [77.5974995, 12.9021595], [77.5993094, 12.9011963], [77.5994263, 12.9011467], [77.59947, 12.9011373], [77.5994981, 12.9011499], [77.5995131, 12.9011812], [77.5995211, 12.9012335], [77.5992938, 12.9018782], [77.5990493, 12.9027374], [77.5989499, 12.9033054], [77.5989724, 12.9035203], [77.5990674, 12.9036431], [77.5991428, 12.9036293]]}}, {"type": "Feature", "id": 100, "properties": {"id": 100, "osm_id": 350070388, "name": "", "kind": "drain", "length_m": 331}, "geometry": {"type": "LineString", "coordinates": [[77.613194, 12.8952092], [77.6129559, 12.895175], [77.6123553, 12.8976639], [77.6123553, 12.897859]]}}, {"type": "Feature", "id": 101, "properties": {"id": 101, "osm_id": 350072892, "name": "", "kind": "drain", "length_m": 1527}, "geometry": {"type": "LineString", "coordinates": [[77.6045239, 12.8652846], [77.6043689, 12.8654583], [77.604045, 12.8659912], [77.6038913, 12.8665948], [77.6039257, 12.8682408], [77.606171, 12.8714498], [77.6074395, 12.8733406], [77.6086207, 12.8742201], [77.608932, 12.8746854], [77.6088126, 12.8747806], [77.6084344, 12.8746776], [77.6083663, 12.8747615], [77.6082123, 12.8753191], [77.6081958, 12.8755255], [77.6082701, 12.8758526], [77.6083718, 12.8765604], [77.6083747, 12.8765863]]}}, {"type": "Feature", "id": 102, "properties": {"id": 102, "osm_id": 350072895, "name": "", "kind": "ditch", "length_m": 99}, "geometry": {"type": "LineString", "coordinates": [[77.6081228, 12.8821244], [77.6082473, 12.8821585], [77.6084491, 12.8821382], [77.6090281, 12.8820799]]}}, {"type": "Feature", "id": 103, "properties": {"id": 103, "osm_id": 350072897, "name": "", "kind": "drain", "length_m": 22}, "geometry": {"type": "LineString", "coordinates": [[77.609805, 12.8817823], [77.6100085, 12.8817756]]}}, {"type": "Feature", "id": 104, "properties": {"id": 104, "osm_id": 350072900, "name": "", "kind": "drain", "length_m": 368}, "geometry": {"type": "LineString", "coordinates": [[77.6127551, 12.879797], [77.6128573, 12.8801956], [77.6130026, 12.8805627], [77.6131505, 12.8808118], [77.6133146, 12.8814123], [77.6133146, 12.8817427], [77.6133524, 12.8820213], [77.6123349, 12.8821134]]}}, {"type": "Feature", "id": 105, "properties": {"id": 105, "osm_id": 350094190, "name": "", "kind": "drain", "length_m": 118}, "geometry": {"type": "LineString", "coordinates": [[77.6241073, 12.879161], [77.6242189, 12.8784837], [77.6245162, 12.8784306], [77.624593, 12.8783862]]}}, {"type": "Feature", "id": 106, "properties": {"id": 106, "osm_id": 350094193, "name": "", "kind": "drain", "length_m": 73}, "geometry": {"type": "LineString", "coordinates": [[77.6313663, 12.8816565], [77.6315588, 12.8822883]]}}, {"type": "Feature", "id": 107, "properties": {"id": 107, "osm_id": 350094194, "name": "", "kind": "drain", "length_m": 458}, "geometry": {"type": "LineString", "coordinates": [[77.6253634, 12.8937289], [77.6256643, 12.8937155], [77.6258943, 12.8937116], [77.6261362, 12.8937615], [77.6266513, 12.8937097], [77.6275578, 12.8937116], [77.6282833, 12.8937327], [77.6295683, 12.8936907]]}}, {"type": "Feature", "id": 108, "properties": {"id": 108, "osm_id": 350094279, "name": "", "kind": "drain", "length_m": 657}, "geometry": {"type": "LineString", "coordinates": [[77.6325217, 12.9065977], [77.6325048, 12.9067752], [77.6324781, 12.9088846], [77.6324206, 12.9101627], [77.6323513, 12.9125289]]}}, {"type": "Feature", "id": 109, "properties": {"id": 109, "osm_id": 350098024, "name": "", "kind": "drain", "length_m": 201}, "geometry": {"type": "LineString", "coordinates": [[77.6800795, 12.9185226], [77.6813419, 12.9198475]]}}, {"type": "Feature", "id": 110, "properties": {"id": 110, "osm_id": 350098025, "name": "", "kind": "drain", "length_m": 163}, "geometry": {"type": "LineString", "coordinates": [[77.6814836, 12.9286248], [77.6812785, 12.9289057], [77.6812042, 12.9291387], [77.6809844, 12.9299907]]}}, {"type": "Feature", "id": 111, "properties": {"id": 111, "osm_id": 350098026, "name": "", "kind": "drain", "length_m": 1056}, "geometry": {"type": "LineString", "coordinates": [[77.6813419, 12.9198475], [77.6815316, 12.9217264], [77.6810512, 12.9222219], [77.6809712, 12.9225146], [77.6813584, 12.9232396], [77.6817121, 12.9239004], [77.6823043, 12.9250079], [77.6824122, 12.9254087], [77.6824207, 12.9262557], [77.6821489, 12.9276104], [77.6814836, 12.9286248]]}}, {"type": "Feature", "id": 112, "properties": {"id": 112, "osm_id": 350153648, "name": "", "kind": "drain", "length_m": 576}, "geometry": {"type": "LineString", "coordinates": [[77.6572961, 12.873679], [77.6577747, 12.8735703], [77.6582812, 12.8735798], [77.6583267, 12.873818], [77.6585185, 12.8748226], [77.6585593, 12.8748598], [77.6590878, 12.8748478], [77.6590924, 12.8748816], [77.6591343, 12.8751889], [77.6592713, 12.8754203], [77.6592615, 12.8754442], [77.6590927, 12.875499], [77.6590658, 12.8755825], [77.659078, 12.8756541], [77.6591661, 12.8757424], [77.6592028, 12.8759141], [77.6592591, 12.87652], [77.6594626, 12.8769828]]}}, {"type": "Feature", "id": 113, "properties": {"id": 113, "osm_id": 350153649, "name": "", "kind": "drain", "length_m": 771}, "geometry": {"type": "LineString", "coordinates": [[77.666806, 12.8895252], [77.6663027, 12.8895813], [77.6662975, 12.8895819], [77.6661032, 12.8896036], [77.6656634, 12.8896036], [77.6655024, 12.8900376], [77.6653522, 12.890388], [77.6647274, 12.8899985], [77.6643104, 12.8900019], [77.6637401, 12.8908637], [77.6626836, 12.8924797], [77.6626776, 12.8933933]]}}, {"type": "Feature", "id": 114, "properties": {"id": 114, "osm_id": 350173888, "name": "", "kind": "drain", "length_m": 373}, "geometry": {"type": "LineString", "coordinates": [[77.7447921, 12.9617189], [77.7448309, 12.9614482], [77.7449959, 12.9611409], [77.745535, 12.960979], [77.7456293, 12.9607467], [77.745636, 12.9607303], [77.7458081, 12.960546], [77.7458486, 12.9600525], [77.7458201, 12.9597143], [77.7455779, 12.9592967], [77.7455525, 12.9591367], [77.7455709, 12.958979], [77.745585, 12.9589398]]}}, {"type": "Feature", "id": 115, "properties": {"id": 115, "osm_id": 350173889, "name": "", "kind": "drain", "length_m": 24}, "geometry": {"type": "LineString", "coordinates": [[77.7454554, 12.9569506], [77.7455655, 12.9567657]]}}, {"type": "Feature", "id": 116, "properties": {"id": 116, "osm_id": 350180783, "name": "C200", "kind": "drain", "length_m": 51}, "geometry": {"type": "LineString", "coordinates": [[77.6199096, 12.9874927], [77.6202217, 12.9871521]]}}, {"type": "Feature", "id": 117, "properties": {"id": 117, "osm_id": 350185231, "name": "", "kind": "drain", "length_m": 1480}, "geometry": {"type": "LineString", "coordinates": [[77.6442372, 12.9048748], [77.6443263, 12.9069014], [77.6444053, 12.9089949], [77.6445115, 12.9120125], [77.6416978, 12.9120753], [77.6381654, 12.9121563]]}}, {"type": "Feature", "id": 118, "properties": {"id": 118, "osm_id": 350185233, "name": "", "kind": "drain", "length_m": 605}, "geometry": {"type": "LineString", "coordinates": [[77.6473525, 12.8993036], [77.6472713, 12.8994801], [77.6470484, 12.8999801], [77.6469574, 12.9001388], [77.6467212, 12.9005902], [77.6468003, 12.9007496], [77.6468813, 12.9010179], [77.6467995, 12.9018145], [77.6466787, 12.9022267], [77.6468369, 12.9022633], [77.6467551, 12.902598], [77.6465687, 12.9029391], [77.6464078, 12.9029313], [77.6463153, 12.9042333]]}}, {"type": "Feature", "id": 119, "properties": {"id": 119, "osm_id": 350281358, "name": "", "kind": "drain", "length_m": 3652}, "geometry": {"type": "LineString", "coordinates": [[77.7237973, 12.9559857], [77.7240059, 12.9556038], [77.7246122, 12.9554375], [77.7248709, 12.9553947], [77.7257205, 12.9554247], [77.7257548, 12.9552774], [77.7258077, 12.9551931], [77.7258733, 12.9550885], [77.7259244, 12.9547629], [77.7259455, 12.9545166], [77.7258391, 12.953783], [77.7257699, 12.9532407], [77.7257575, 12.9531407], [77.7256989, 12.9526962], [77.7259297, 12.9526011], [77.7258117, 12.9514252], [77.7258391, 12.9506027], [77.7261377, 12.949887], [77.7264424, 12.9491951], [77.7268294, 12.949207], [77.7269696, 12.9489071], [77.727102, 12.9483943], [77.7271036, 12.9478738], [77.7273434, 12.9481277], [77.7275526, 12.9481277], [77.7287197, 12.9479397], [77.7288186, 12.9479238], [77.7291727, 12.947767], [77.7298486, 12.9478767], [77.7304065, 12.9486453], [77.7310878, 12.9490269], [77.7312648, 12.9490269], [77.7313882, 12.9485564], [77.7313077, 12.9482166], [77.7313614, 12.9480963], [77.7321929, 12.9482113], [77.7328366, 12.948525], [77.7330029, 12.9486975], [77.7332228, 12.9493092], [77.7333677, 12.949372], [77.734226, 12.9496177], [77.7346605, 12.949649], [77.7348375, 12.9495915], [77.7351111, 12.9497431], [77.7355349, 12.9501718], [77.7364308, 12.9506476], [77.7366507, 12.9507835], [77.7374607, 12.9511913], [77.7375251, 12.9512593], [77.7375305, 12.9515311], [77.7376324, 12.9516775], [77.7378577, 12.9518971], [77.738142, 12.9521375], [77.738539, 12.9522473], [77.7387053, 12.9522473], [77.7392363, 12.9521794], [77.7393973, 12.9522369], [77.7398586, 12.9526551], [77.7400893, 12.9527492], [77.7413607, 12.9531099], [77.7414626, 12.9531988], [77.7415699, 12.9532825], [77.741881, 12.9533138], [77.7429861, 12.9538262], [77.7436405, 12.9546888], [77.7437746, 12.9551175], [77.7440321, 12.9556821], [77.7442612, 12.9560309], [77.7443981, 12.9561897], [77.7445989, 12.9563349], [77.7448475, 12.9564508]]}}, {"type": "Feature", "id": 120, "properties": {"id": 120, "osm_id": 350281359, "name": "", "kind": "ditch", "length_m": 573}, "geometry": {"type": "LineString", "coordinates": [[77.7194038, 12.9651585], [77.7194095, 12.9651339], [77.7197742, 12.9652201], [77.7199057, 12.9651548], [77.7199915, 12.9648019], [77.7201452, 12.9643119], [77.7201876, 12.9636573], [77.7201364, 12.9628964], [77.7200586, 12.9623266], [77.7204984, 12.9623161], [77.7204592, 12.9615236], [77.7210071, 12.9614361]]}}, {"type": "Feature", "id": 121, "properties": {"id": 121, "osm_id": 350300590, "name": "", "kind": "stream", "length_m": 2396}, "geometry": {"type": "LineString", "coordinates": [[77.6663954, 12.860766], [77.667844, 12.8606136], [77.6678923, 12.861385], [77.6682584, 12.8625134], [77.6685543, 12.862814], [77.6691689, 12.8627004], [77.6703016, 12.8636842], [77.6706084, 12.8638152], [77.6708045, 12.8640819], [77.670859, 12.864156], [77.6710868, 12.8646536], [77.6713496, 12.8648838], [77.6715803, 12.8649831], [77.6717146, 12.8651766], [77.6716125, 12.8656159], [77.6716485, 12.8659257], [77.6716967, 12.8660808], [77.6718056, 12.8662749], [77.671811, 12.8664056], [77.671771, 12.8666457], [77.6718593, 12.8667037], [77.6725405, 12.8668606], [77.6731064, 12.8672414], [77.6733386, 12.8673502], [77.6743653, 12.8678312], [77.6765564, 12.8681137], [77.6805156, 12.8700578], [77.6807481, 12.8700896], [77.6807227, 12.8702348], [77.6805919, 12.8703729], [77.6801488, 12.8705394], [77.6798437, 12.8708368], [77.6794877, 12.8712865], [77.6795712, 12.8713786], [77.6801263, 12.8716511]]}}, {"type": "Feature", "id": 122, "properties": {"id": 122, "osm_id": 362418037, "name": "K103", "kind": "drain", "length_m": 755}, "geometry": {"type": "LineString", "coordinates": [[77.6163691, 12.9615177], [77.6164648, 12.9609316], [77.6166266, 12.9592509], [77.6167854, 12.9572765], [77.6175135, 12.9555835], [77.6175723, 12.9548669]]}}, {"type": "Feature", "id": 123, "properties": {"id": 123, "osm_id": 362418038, "name": "K103", "kind": "drain", "length_m": 42}, "geometry": {"type": "LineString", "coordinates": [[77.6138274, 12.9685115], [77.6140498, 12.968199]]}}, {"type": "Feature", "id": 124, "properties": {"id": 124, "osm_id": 362418039, "name": "K103", "kind": "drain", "length_m": 23}, "geometry": {"type": "LineString", "coordinates": [[77.6137893, 12.9666639], [77.6138516, 12.9664648]]}}, {"type": "Feature", "id": 125, "properties": {"id": 125, "osm_id": 362418040, "name": "K103", "kind": "drain", "length_m": 172}, "geometry": {"type": "LineString", "coordinates": [[77.6140498, 12.968199], [77.6138293, 12.9670908], [77.6137893, 12.9666639]]}}, {"type": "Feature", "id": 126, "properties": {"id": 126, "osm_id": 362418048, "name": "K103", "kind": "drain", "length_m": 28}, "geometry": {"type": "LineString", "coordinates": [[77.6143021, 12.9650276], [77.6144755, 12.964841]]}}, {"type": "Feature", "id": 127, "properties": {"id": 127, "osm_id": 363447443, "name": "C100", "kind": "drain", "length_m": 1827}, "geometry": {"type": "LineString", "coordinates": [[77.632974, 12.973809], [77.633377, 12.9726674], [77.6338117, 12.9709925], [77.6346545, 12.9682316], [77.6351317, 12.9664191], [77.6353866, 12.9660853], [77.635737, 12.9656125], [77.6380144, 12.9632519], [77.6390117, 12.9621158], [77.639248, 12.9619155], [77.6400107, 12.9616627], [77.6404142, 12.9615918], [77.6407134, 12.9615673], [77.6411135, 12.961589], [77.6412557, 12.9615916], [77.6413827, 12.9616078], [77.641579, 12.9616461], [77.6416702, 12.9616644], [77.6418258, 12.9616905], [77.6419995, 12.9616866]]}}, {"type": "Feature", "id": 128, "properties": {"id": 128, "osm_id": 363447444, "name": "C100", "kind": "drain", "length_m": 230}, "geometry": {"type": "LineString", "coordinates": [[77.6263058, 12.9786924], [77.6265575, 12.9787059], [77.6279483, 12.9783964], [77.6283484, 12.9782084]]}}, {"type": "Feature", "id": 129, "properties": {"id": 129, "osm_id": 363618851, "name": "C100", "kind": "drain", "length_m": 1382}, "geometry": {"type": "LineString", "coordinates": [[77.6118106, 12.9844175], [77.6118663, 12.9844101], [77.6121575, 12.9843701], [77.6122916, 12.9842541], [77.612427, 12.9839814], [77.6127336, 12.982932], [77.6128802, 12.9827596], [77.6129957, 12.9826797], [77.6149995, 12.9821608], [77.6154625, 12.9817292], [77.6157477, 12.9815964], [77.6160409, 12.9812124], [77.6162219, 12.9810102], [77.6178778, 12.980246], [77.6180664, 12.9800384], [77.6192013, 12.9780375], [77.6199137, 12.9765096], [77.620077, 12.9762912], [77.6201861, 12.9761454]]}}, {"type": "Feature", "id": 130, "properties": {"id": 130, "osm_id": 363618852, "name": "C100", "kind": "drain", "length_m": 340}, "geometry": {"type": "LineString", "coordinates": [[77.6053599, 12.9865695], [77.6061553, 12.9868164], [77.6069814, 12.9867882], [77.6078536, 12.9866081], [77.6081996, 12.9864875], [77.60838, 12.9863726]]}}, {"type": "Feature", "id": 131, "properties": {"id": 131, "osm_id": 374744403, "name": "", "kind": "drain", "length_m": 355}, "geometry": {"type": "LineString", "coordinates": [[77.6753006, 12.9456471], [77.6750538, 12.9451359], [77.6749573, 12.9448009], [77.674884, 12.9446124], [77.6748186, 12.944262], [77.6745898, 12.9441001], [77.6744192, 12.9438929], [77.6744026, 12.9434809], [77.6744725, 12.9429943], [77.6743627, 12.9427246]]}}, {"type": "Feature", "id": 132, "properties": {"id": 132, "osm_id": 374746501, "name": "", "kind": "drain", "length_m": 3568}, "geometry": {"type": "LineString", "coordinates": [[77.6602877, 12.9443688], [77.6607469, 12.9446563], [77.6609749, 12.9446641], [77.6613879, 12.9446719], [77.6619297, 12.9445151], [77.6619834, 12.9444524], [77.6621872, 12.9437413], [77.6622516, 12.9435897], [77.6622784, 12.9432081], [77.6623213, 12.9430408], [77.6637804, 12.9427846], [77.6646709, 12.94245], [77.6650304, 12.9423245], [77.6656634, 12.941901], [77.6656955, 12.9417912], [77.6656741, 12.9415351], [77.6657546, 12.9413782], [77.6659477, 12.9413259], [77.6665217, 12.9412005], [77.6671708, 12.9408084], [77.6690483, 12.9395536], [77.6692361, 12.939564], [77.6705825, 12.9400241], [77.6707596, 12.940181], [77.6712745, 12.9407979], [77.6725244, 12.9417285], [77.6727819, 12.9419167], [77.6729321, 12.9420422], [77.6732218, 12.9423663], [77.6743627, 12.9427246], [77.6744374, 12.9426389], [77.6744964, 12.9424338], [77.674976, 12.9421363], [77.6750457, 12.9420161], [77.6750296, 12.9416396], [77.6751155, 12.9415403], [77.6755768, 12.9412318], [77.676124, 12.9410384], [77.6773471, 12.9411168], [77.6775455, 12.9412109], [77.6787364, 12.9424186], [77.679466, 12.9433545], [77.6796162, 12.9434172], [77.6798677, 12.9434366], [77.680047, 12.9437691], [77.6801275, 12.9439048], [77.680257, 12.9440078], [77.6806276, 12.9440762], [77.6815876, 12.9439675], [77.6819074, 12.9438143], [77.682021, 12.9436204], [77.6822488, 12.9433021], [77.6825921, 12.9430224], [77.6828644, 12.9428891], [77.6830991, 12.942863], [77.6833686, 12.9429911], [77.6836301, 12.9430931], [77.6840017, 12.943127], [77.684412, 12.9433022], [77.6846534, 12.943361], [77.6849002, 12.9433532], [77.6851818, 12.9434329], [77.6854245, 12.9434382], [77.6856042, 12.943493], [77.6858349, 12.9435884], [77.6858939, 12.9435727], [77.6859556, 12.9435152], [77.6859908, 12.9433648], [77.6861709, 12.9428894]]}}, {"type": "Feature", "id": 133, "properties": {"id": 133, "osm_id": 384471736, "name": "C204", "kind": "drain", "length_m": 517}, "geometry": {"type": "LineString", "coordinates": [[77.6319855, 12.9974178], [77.6319265, 12.9966599], [77.6318772, 12.9964738], [77.6318263, 12.9962735], [77.6316944, 12.9960512], [77.6315699, 12.99584], [77.6314599, 12.9957074], [77.6310401, 12.9954728], [77.630963, 12.9954028], [77.630887, 12.9953127], [77.6308054, 12.9951872], [77.6307458, 12.9950616], [77.6306347, 12.9947041], [77.6305385, 12.9944822], [77.6304915, 12.9944706], [77.6297616, 12.9945935], [77.6296991, 12.9943288], [77.6296621, 12.9941375]]}}, {"type": "Feature", "id": 134, "properties": {"id": 134, "osm_id": 387461403, "name": "", "kind": "drain", "length_m": 107}, "geometry": {"type": "LineString", "coordinates": [[77.6485819, 12.9454045], [77.6484353, 12.945468], [77.6481583, 12.9454415], [77.6479683, 12.9454944], [77.6478298, 12.9455685], [77.6477321, 12.9457326]]}}, {"type": "Feature", "id": 135, "properties": {"id": 135, "osm_id": 398640205, "name": "", "kind": "drain", "length_m": 772}, "geometry": {"type": "LineString", "coordinates": [[77.684416, 12.9754452], [77.6848117, 12.9751917], [77.6851147, 12.9750205], [77.6853923, 12.974865], [77.6855895, 12.9747447], [77.6856659, 12.9746415], [77.6857585, 12.9744624], [77.6857799, 12.9743304], [77.685792, 12.9742102], [77.6858148, 12.9740861], [77.6858738, 12.9739933], [77.6868716, 12.9732666], [77.6868904, 12.9732353], [77.6868984, 12.9731137], [77.6868944, 12.9729452], [77.6868153, 12.9722956], [77.6867858, 12.9722251], [77.686649, 12.9718422], [77.6865765, 12.9716252], [77.6865336, 12.9714658], [77.6864733, 12.9712645], [77.6863982, 12.9709626], [77.6863499, 12.9707535], [77.6863177, 12.9706085], [77.6862735, 12.9705013], [77.6862158, 12.9704007], [77.6861393, 12.970304], [77.6860884, 12.9701432], [77.6860723, 12.9700034], [77.6861635, 12.9698439]]}}, {"type": "Feature", "id": 136, "properties": {"id": 136, "osm_id": 398640206, "name": "", "kind": "drain", "length_m": 529}, "geometry": {"type": "LineString", "coordinates": [[77.6732433, 12.9816057], [77.6732835, 12.9815586], [77.6734981, 12.9815586], [77.6738495, 12.9816645], [77.67394, 12.9815634], [77.6739146, 12.981174], [77.6739665, 12.9809707], [77.6740281, 12.9808001], [77.6741116, 12.9806584], [77.6742409, 12.9805702], [77.6744131, 12.9804956], [77.6748287, 12.9804172], [77.675547, 12.9802642], [77.6758264, 12.9801899], [77.6756118, 12.9789002]]}}, {"type": "Feature", "id": 137, "properties": {"id": 137, "osm_id": 405432923, "name": "MD382", "kind": "drain", "length_m": 844}, "geometry": {"type": "LineString", "coordinates": [[77.7338237, 12.9312498], [77.7338049, 12.9313831], [77.733888, 12.9315099], [77.7338974, 12.9316589], [77.7338934, 12.9319111], [77.7338746, 12.9323712], [77.733927, 12.9327974], [77.733947, 12.9328967], [77.7339644, 12.9330771], [77.7339873, 12.9333464], [77.7339497, 12.9335058], [77.7338518, 12.9335516], [77.7337914, 12.9336038], [77.733774, 12.9337241], [77.7337942, 12.9338522], [77.733766, 12.9340613], [77.7337405, 12.9342482], [77.7337539, 12.9343894], [77.7337794, 12.9345567], [77.7337244, 12.9347161], [77.7336962, 12.9348416], [77.7335983, 12.9352142], [77.7333985, 12.935967], [77.7332427, 12.9367155], [77.7331608, 12.9369865], [77.7331598, 12.9371447], [77.7332271, 12.9371935], [77.7333918, 12.9372466], [77.7334776, 12.9373135], [77.733617, 12.9375954], [77.7336599, 12.937759], [77.7336091, 12.937857], [77.733368, 12.9382654], [77.7333039, 12.9383378]]}}, {"type": "Feature", "id": 138, "properties": {"id": 138, "osm_id": 413271624, "name": "", "kind": "ditch", "length_m": 522}, "geometry": {"type": "LineString", "coordinates": [[77.6481888, 12.8948916], [77.6479528, 12.895004], [77.6478803, 12.8951609], [77.6478723, 12.8953126], [77.6477221, 12.8957649], [77.6475853, 12.8960028], [77.6474565, 12.8964133], [77.6473975, 12.8970878], [77.6473975, 12.8974094], [77.6474565, 12.8975036], [77.6475451, 12.8978278], [77.6475446, 12.8978417], [77.6475438, 12.8978602], [77.6474995, 12.8990043], [77.6473525, 12.8993036]]}}, {"type": "Feature", "id": 139, "properties": {"id": 139, "osm_id": 414833861, "name": "", "kind": "drain", "length_m": 2127}, "geometry": {"type": "LineString", "coordinates": [[77.7082283, 12.9650662], [77.7082672, 12.9645704], [77.7083709, 12.9639276], [77.7085156, 12.9633903], [77.708757, 12.9625582], [77.708656, 12.9625293], [77.7086793, 12.9623812], [77.7087505, 12.9621704], [77.7087259, 12.9620196], [77.7087285, 12.96147], [77.709105, 12.960512], [77.7097566, 12.9597754], [77.7096817, 12.9595278], [77.7095792, 12.9593834], [77.7092681, 12.9593912], [77.7086162, 12.9588815], [77.7087718, 12.9586593], [77.7094136, 12.9568746], [77.7093185, 12.9567203], [77.7092519, 12.9562048], [77.7093056, 12.9558363], [77.7093941, 12.9556716], [77.7096328, 12.9552168], [77.7097401, 12.9549083], [77.7099359, 12.9545398], [77.7101451, 12.9542366], [77.7103758, 12.9539699], [77.710526, 12.9536197], [77.7106172, 12.9534341], [77.7108344, 12.9530315], [77.7109605, 12.9524591], [77.7111402, 12.9520147], [77.7114138, 12.9515128], [77.7114728, 12.9512174], [77.7116096, 12.9510214], [77.711733, 12.950658], [77.7119422, 12.9502816], [77.7124089, 12.9499313], [77.7125859, 12.9497588], [77.7126755, 12.9495698], [77.7126404, 12.948954], [77.7123826, 12.948148]]}}, {"type": "Feature", "id": 140, "properties": {"id": 140, "osm_id": 414833862, "name": "", "kind": "drain", "length_m": 408}, "geometry": {"type": "LineString", "coordinates": [[77.7154452, 12.9716606], [77.7175561, 12.9713312], [77.7191346, 12.9709771]]}}, {"type": "Feature", "id": 141, "properties": {"id": 141, "osm_id": 414833863, "name": "", "kind": "drain", "length_m": 61}, "geometry": {"type": "LineString", "coordinates": [[77.7191346, 12.9709771], [77.7193395, 12.9708777], [77.7196683, 12.9708908]]}}, {"type": "Feature", "id": 142, "properties": {"id": 142, "osm_id": 414833864, "name": "", "kind": "drain", "length_m": 425}, "geometry": {"type": "LineString", "coordinates": [[77.7155632, 12.9702491], [77.7174743, 12.9701903], [77.7181716, 12.9702687], [77.7187972, 12.9704245], [77.7188167, 12.9704674], [77.7191346, 12.9709771]]}}, {"type": "Feature", "id": 143, "properties": {"id": 143, "osm_id": 414833865, "name": "", "kind": "ditch", "length_m": 392}, "geometry": {"type": "LineString", "coordinates": [[77.7091564, 12.9708014], [77.7090284, 12.9705903], [77.7089538, 12.9703641], [77.7086015, 12.9692007], [77.7084351, 12.9690285], [77.7082937, 12.9689393], [77.7081544, 12.9688502], [77.7080858, 12.9688421], [77.7080068, 12.9687792], [77.7079694, 12.9687185], [77.7078737, 12.9685179], [77.707645, 12.9683112], [77.7074038, 12.9682018], [77.7073019, 12.9681511], [77.7072084, 12.9680397]]}}, {"type": "Feature", "id": 144, "properties": {"id": 144, "osm_id": 414836218, "name": "", "kind": "drain", "length_m": 154}, "geometry": {"type": "LineString", "coordinates": [[77.7016452, 12.9751047], [77.7014119, 12.9745454], [77.7012563, 12.9737691]]}}, {"type": "Feature", "id": 145, "properties": {"id": 145, "osm_id": 415125447, "name": "", "kind": "drain", "length_m": 412}, "geometry": {"type": "LineString", "coordinates": [[77.6701126, 12.9799513], [77.6701654, 12.9799538], [77.6715508, 12.9808869], [77.6722911, 12.9816971], [77.6732433, 12.9816057]]}}, {"type": "Feature", "id": 146, "properties": {"id": 146, "osm_id": 415202937, "name": "C105", "kind": "drain", "length_m": 330}, "geometry": {"type": "LineString", "coordinates": [[77.6466031, 12.9647784], [77.6465747, 12.9647832], [77.6463273, 12.9648254], [77.6463032, 12.9648934], [77.6461208, 12.9651443], [77.6459572, 12.9654423], [77.6455656, 12.9658187], [77.6453403, 12.9659886], [77.6447904, 12.9662055], [77.644195, 12.9662709]]}}, {"type": "Feature", "id": 147, "properties": {"id": 147, "osm_id": 419934426, "name": "", "kind": "drain", "length_m": 168}, "geometry": {"type": "LineString", "coordinates": [[77.6670408, 12.9658017], [77.6671802, 12.9657664], [77.6674417, 12.9655952], [77.6676536, 12.9655364], [77.6685179, 12.965414]]}}, {"type": "Feature", "id": 148, "properties": {"id": 148, "osm_id": 419934427, "name": "", "kind": "drain", "length_m": 142}, "geometry": {"type": "LineString", "coordinates": [[77.6649394, 12.9668009], [77.66496, 12.9666606], [77.6649672, 12.9664277], [77.6654051, 12.9663977], [77.6654284, 12.9661731], [77.6654794, 12.9659849], [77.6655169, 12.9659405]]}}, {"type": "Feature", "id": 149, "properties": {"id": 149, "osm_id": 423079497, "name": "Drain", "kind": "drain", "length_m": 129}, "geometry": {"type": "LineString", "coordinates": [[77.6199611, 12.9774497], [77.620077, 12.9762912]]}}, {"type": "Feature", "id": 150, "properties": {"id": 150, "osm_id": 423079499, "name": "C204", "kind": "drain", "length_m": 1303}, "geometry": {"type": "LineString", "coordinates": [[77.6296621, 12.9941375], [77.6296467, 12.9939889], [77.629653, 12.9939047], [77.6297486, 12.9926194], [77.6286347, 12.9923295], [77.6281822, 12.9922117], [77.627401, 12.9920102], [77.6239121, 12.9911035], [77.6238155, 12.9904135], [77.6218244, 12.98928], [77.6220001, 12.9879157]]}}, {"type": "Feature", "id": 151, "properties": {"id": 151, "osm_id": 423079501, "name": "C204", "kind": "drain", "length_m": 72}, "geometry": {"type": "LineString", "coordinates": [[77.6220001, 12.9879157], [77.6220832, 12.9874858], [77.6220497, 12.9872771]]}}, {"type": "Feature", "id": 152, "properties": {"id": 152, "osm_id": 423097284, "name": "C200", "kind": "stream", "length_m": 1124}, "geometry": {"type": "LineString", "coordinates": [[77.6202217, 12.9871521], [77.6203546, 12.9869827], [77.6207028, 12.9864229], [77.6211202, 12.985537], [77.6212841, 12.9847672], [77.6211798, 12.9831696], [77.6206581, 12.9815865], [77.619898, 12.9793352], [77.6198756, 12.9785691], [77.6199611, 12.9774497]]}}, {"type": "Feature", "id": 153, "properties": {"id": 153, "osm_id": 431601692, "name": "", "kind": "stream", "length_m": 282}, "geometry": {"type": "LineString", "coordinates": [[77.6488445, 12.951166], [77.6491073, 12.9506484], [77.649118, 12.9505021], [77.6490376, 12.9503426], [77.6488927, 12.9501309], [77.6486326, 12.9499531], [77.6484931, 12.9498512], [77.6483536, 12.9498303], [77.6482705, 12.9498904], [77.6481042, 12.9502772], [77.6479003, 12.9504262]]}}, {"type": "Feature", "id": 154, "properties": {"id": 154, "osm_id": 431601693, "name": "", "kind": "stream", "length_m": 237}, "geometry": {"type": "LineString", "coordinates": [[77.6467952, 12.9505413], [77.6467657, 12.9501753], [77.6467791, 12.9500812], [77.6468569, 12.9499793], [77.6468543, 12.9498799], [77.6468918, 12.9496211], [77.6472298, 12.9491898], [77.6473987, 12.9489415], [77.6475624, 12.9488186], [77.6477072, 12.9488369]]}}, {"type": "Feature", "id": 155, "properties": {"id": 155, "osm_id": 431601694, "name": "", "kind": "stream", "length_m": 311}, "geometry": {"type": "LineString", "coordinates": [[77.6473317, 12.9529017], [77.6474953, 12.9527475], [77.6475892, 12.9525488], [77.6475945, 12.9523893], [77.6475302, 12.9523057], [77.6474846, 12.9521619], [77.6474926, 12.9519972], [77.6475516, 12.9518012], [77.6475704, 12.9516208], [77.6475704, 12.9514039], [77.6476375, 12.9512078], [77.647726, 12.9511059], [77.647852, 12.9510431], [77.6480022, 12.9508837], [77.6480183, 12.9508183], [77.648013, 12.9505935], [77.6479003, 12.9504262]]}}, {"type": "Feature", "id": 156, "properties": {"id": 156, "osm_id": 431601695, "name": "", "kind": "stream", "length_m": 661}, "geometry": {"type": "LineString", "coordinates": [[77.6448587, 12.9554816], [77.6449955, 12.955398], [77.6450384, 12.9553484], [77.6450491, 12.9551288], [77.6450867, 12.9550739], [77.6452181, 12.9550713], [77.6453603, 12.9549772], [77.6454729, 12.9549772], [77.6457009, 12.9548883], [77.6457894, 12.9548073], [77.6458109, 12.95464], [77.6458752, 12.9543917], [77.6460362, 12.9539891], [77.646055, 12.9537748], [77.6459906, 12.9534506], [77.646012, 12.9531553], [77.6459799, 12.9529095], [77.6459477, 12.9528024], [77.6458994, 12.9526952], [77.645894, 12.9523763], [77.6458001, 12.9519764], [77.6458028, 12.9518274], [77.6458726, 12.9516862], [77.6459557, 12.9514875], [77.6462749, 12.9511608], [77.6466611, 12.9506223], [77.6467952, 12.9505413]]}}, {"type": "Feature", "id": 157, "properties": {"id": 157, "osm_id": 431601696, "name": "", "kind": "stream", "length_m": 414}, "geometry": {"type": "LineString", "coordinates": [[77.6477072, 12.9488369], [77.6478896, 12.9487219], [77.6479513, 12.948654], [77.6480076, 12.9485311], [77.6480452, 12.9483847], [77.6482007, 12.9481338], [77.6483482, 12.9479665], [77.6485279, 12.9479142], [77.6486567, 12.9479273], [77.6493132, 12.9472555], [77.6496243, 12.9472084], [77.6507278, 12.9472849]]}}, {"type": "Feature", "id": 158, "properties": {"id": 158, "osm_id": 431603509, "name": "", "kind": "stream", "length_m": 133}, "geometry": {"type": "LineString", "coordinates": [[77.6479003, 12.9504262], [77.6478172, 12.9504262], [77.6476911, 12.9505021], [77.6475731, 12.9505935], [77.6474068, 12.9506328], [77.6473478, 12.950685], [77.6472673, 12.9506929], [77.6471654, 12.9506432], [77.6470393, 12.9505648], [77.6467952, 12.9505413]]}}, {"type": "Feature", "id": 159, "properties": {"id": 159, "osm_id": 431603510, "name": "", "kind": "stream", "length_m": 53}, "geometry": {"type": "LineString", "coordinates": [[77.6481149, 12.9490983], [77.6478118, 12.9488814], [77.6477072, 12.9488369]]}}, {"type": "Feature", "id": 160, "properties": {"id": 160, "osm_id": 431603511, "name": "", "kind": "stream", "length_m": 81}, "geometry": {"type": "LineString", "coordinates": [[77.645837, 12.9555209], [77.6458531, 12.9553823], [77.6458612, 12.9552856], [77.6458478, 12.9549144], [77.6457894, 12.9548073]]}}, {"type": "Feature", "id": 161, "properties": {"id": 161, "osm_id": 450307525, "name": "", "kind": "drain", "length_m": 49}, "geometry": {"type": "LineString", "coordinates": [[77.6723045, 12.9108667], [77.6726438, 12.9111609]]}}, {"type": "Feature", "id": 162, "properties": {"id": 162, "osm_id": 450537556, "name": "", "kind": "drain", "length_m": 1064}, "geometry": {"type": "LineString", "coordinates": [[77.7025518, 12.9070085], [77.7022326, 12.9071092], [77.7014936, 12.9073641], [77.7011168, 12.9074831], [77.7009968, 12.9075523], [77.7008781, 12.9076308], [77.7008191, 12.9077563], [77.70063, 12.9080216], [77.7004261, 12.9080726], [77.6998086, 12.9082188], [77.6993975, 12.9084648], [77.6991105, 12.9085223], [77.6989326, 12.9084569], [77.6986438, 12.9085537], [77.6981369, 12.9087237], [77.6977197, 12.9089577], [77.6974093, 12.9091661], [77.6971847, 12.9092981], [77.6968347, 12.9094628], [77.6969875, 12.9096452], [77.6969889, 12.9098452], [77.6965785, 12.9102583], [77.6964369, 12.9104527], [77.6963009, 12.9106191], [77.6962758, 12.9106432], [77.6960555, 12.9109027], [77.6958958, 12.911097], [77.6956532, 12.9113034], [77.6948163, 12.9115432], [77.6947683, 12.9115712]]}}, {"type": "Feature", "id": 163, "properties": {"id": 163, "osm_id": 450584276, "name": "", "kind": "river", "length_m": 901}, "geometry": {"type": "LineString", "coordinates": [[77.681175, 12.9316871], [77.6812151, 12.9318942], [77.6812229, 12.9320589], [77.6812068, 12.9322301], [77.6811106, 12.9325399], [77.6811062, 12.9327477], [77.6810757, 12.9329085], [77.6808718, 12.9329712], [77.68055, 12.9330653], [77.680271, 12.9333686], [77.6799534, 12.9338749], [77.6799528, 12.9342497], [77.6798925, 12.9344648], [77.6798455, 12.9346325], [77.679756, 12.9347306], [77.6797007, 12.9348403], [77.6796578, 12.9350181], [77.6795679, 12.9352246], [77.6794673, 12.9353671], [77.6793936, 12.9354873], [77.6793429, 12.9356298], [77.6792206, 12.935771], [77.6791271, 12.9359043], [77.6791133, 12.9359932], [77.6791227, 12.9360729], [77.6791994, 12.9362076], [77.679238, 12.9363565], [77.6792943, 12.9364559], [77.6793376, 12.9365879], [77.6794486, 12.9368205], [77.679512, 12.9371094], [77.6795639, 12.9373969], [77.6796162, 12.9376139], [77.6796166, 12.937716], [77.6795988, 12.937857], [77.6795492, 12.9379721], [77.679502, 12.9380468], [77.6795844, 12.9382779], [77.6796068, 12.9383994], [77.6797141, 12.9384596], [77.6797936, 12.9385079], [77.6800267, 12.9386569]]}}, {"type": "Feature", "id": 164, "properties": {"id": 164, "osm_id": 454700257, "name": "C105", "kind": "drain", "length_m": 374}, "geometry": {"type": "LineString", "coordinates": [[77.6478545, 12.9678453], [77.6478025, 12.9678287], [77.6478589, 12.9675895], [77.6474822, 12.966624], [77.6473404, 12.9662871], [77.6470987, 12.9658731], [77.6467352, 12.9651816], [77.6466031, 12.9647784]]}}, {"type": "Feature", "id": 165, "properties": {"id": 165, "osm_id": 461806452, "name": "K200", "kind": "drain", "length_m": 312}, "geometry": {"type": "LineString", "coordinates": [[77.6427948, 12.923194], [77.6416629, 12.9229117], [77.6404948, 12.9231855], [77.6400129, 12.923343]]}}, {"type": "Feature", "id": 166, "properties": {"id": 166, "osm_id": 491562458, "name": "C105", "kind": "drain", "length_m": 700}, "geometry": {"type": "LineString", "coordinates": [[77.6553395, 12.9724002], [77.6552899, 12.971833], [77.6549412, 12.9719127], [77.6542774, 12.97208], [77.653466, 12.9722225], [77.6521745, 12.9723152], [77.6510198, 12.9725479], [77.6506577, 12.9725361], [77.6507342, 12.9713965]]}}, {"type": "Feature", "id": 167, "properties": {"id": 167, "osm_id": 514073942, "name": "K207", "kind": "drain", "length_m": 427}, "geometry": {"type": "LineString", "coordinates": [[77.5959365, 12.931386], [77.595934, 12.9316092], [77.5959983, 12.9316876], [77.5964248, 12.9319386], [77.5966796, 12.9320301], [77.5968379, 12.932153], [77.5969344, 12.9323543], [77.5971463, 12.9325765], [77.597369, 12.9326078], [77.597672, 12.9326026], [77.5983667, 12.9324928], [77.5992211, 12.9323856]]}}, {"type": "Feature", "id": 168, "properties": {"id": 168, "osm_id": 514073943, "name": "K207", "kind": "drain", "length_m": 616}, "geometry": {"type": "LineString", "coordinates": [[77.5903764, 12.9287388], [77.590524, 12.9288983], [77.5907852, 12.9291702], [77.5909585, 12.9293479], [77.5912589, 12.9294708], [77.5917444, 12.9297453], [77.5919133, 12.9300224], [77.5920582, 12.9307308], [77.5920677, 12.9307774], [77.5920791, 12.9308327], [77.5921681, 12.9312668], [77.592262, 12.9314916], [77.5926938, 12.9314419], [77.5943112, 12.9312328]]}}, {"type": "Feature", "id": 169, "properties": {"id": 169, "osm_id": 514073944, "name": "K207", "kind": "drain", "length_m": 59}, "geometry": {"type": "LineString", "coordinates": [[77.5943112, 12.9312328], [77.5942921, 12.9306985]]}}, {"type": "Feature", "id": 170, "properties": {"id": 170, "osm_id": 553066845, "name": "C103", "kind": "drain", "length_m": 177}, "geometry": {"type": "LineString", "coordinates": [[77.6600471, 12.9617364], [77.6600341, 12.9616886], [77.6596757, 12.9605361], [77.6598576, 12.9602463]]}}, {"type": "Feature", "id": 171, "properties": {"id": 171, "osm_id": 604000949, "name": "V304", "kind": "drain", "length_m": 460}, "geometry": {"type": "LineString", "coordinates": [[77.570685, 12.9265139], [77.5707109, 12.9268183], [77.5707302, 12.9270442], [77.5707645, 12.9274139], [77.5707823, 12.9275833], [77.5708011, 12.9277619], [77.5708106, 12.9278584], [77.5708157, 12.9279023], [77.5708592, 12.9282729], [77.5710115, 12.9292029], [77.5710182, 12.9292437], [77.5709981, 12.9292731], [77.5706747, 12.9292836], [77.5704272, 12.9292911], [77.5702113, 12.9293188], [77.5701024, 12.9294134], [77.5700668, 12.92948], [77.5698881, 12.9298098]]}}, {"type": "Feature", "id": 172, "properties": {"id": 172, "osm_id": 656867581, "name": "", "kind": "drain", "length_m": 9}, "geometry": {"type": "LineString", "coordinates": [[77.6314425, 12.8816201], [77.6313663, 12.8816565]]}}, {"type": "Feature", "id": 173, "properties": {"id": 173, "osm_id": 656867582, "name": "", "kind": "drain", "length_m": 12}, "geometry": {"type": "LineString", "coordinates": [[77.6323223, 12.8783326], [77.6324142, 12.8784003]]}}, {"type": "Feature", "id": 174, "properties": {"id": 174, "osm_id": 673541711, "name": "", "kind": "stream", "length_m": 1499}, "geometry": {"type": "LineString", "coordinates": [[77.6594626, 12.8769828], [77.6596632, 12.8774491], [77.6597509, 12.877653], [77.6600372, 12.8783233], [77.6610502, 12.8794588], [77.6617745, 12.8792298], [77.6622639, 12.8791582], [77.662489, 12.8794301], [77.6626654, 12.8797609], [77.6626798, 12.8797879], [77.6626176, 12.8798874], [77.6620795, 12.8799549], [77.6618446, 12.8801188], [77.661918, 12.8804623], [77.6617565, 12.8809203], [77.6623927, 12.8817027], [77.663205, 12.8824183], [77.6633291, 12.8825282], [77.6649284, 12.8839447], [77.666399, 12.8859552]]}}, {"type": "Feature", "id": 175, "properties": {"id": 175, "osm_id": 673541712, "name": "", "kind": "stream", "length_m": 530}, "geometry": {"type": "LineString", "coordinates": [[77.6639736, 12.887172], [77.6644403, 12.8870099], [77.6650679, 12.8868739], [77.6653361, 12.8870465], [77.6657224, 12.8879198], [77.6657224, 12.8883381], [77.6653522, 12.8891853], [77.6650733, 12.8897971], [77.6647274, 12.8899985]]}}, {"type": "Feature", "id": 176, "properties": {"id": 176, "osm_id": 673627534, "name": "K113", "kind": "drain", "length_m": 296}, "geometry": {"type": "LineString", "coordinates": [[77.6170604, 12.9491135], [77.6172395, 12.9489749], [77.6192587, 12.9475388]]}}, {"type": "Feature", "id": 177, "properties": {"id": 177, "osm_id": 673640248, "name": "K109", "kind": "drain", "length_m": 373}, "geometry": {"type": "LineString", "coordinates": [[77.5925034, 12.9604969], [77.5917085, 12.9572225]]}}, {"type": "Feature", "id": 178, "properties": {"id": 178, "osm_id": 673640250, "name": "K109", "kind": "drain", "length_m": 66}, "geometry": {"type": "LineString", "coordinates": [[77.5928463, 12.9607486], [77.5925839, 12.9608184], [77.5925034, 12.9604969]]}}, {"type": "Feature", "id": 179, "properties": {"id": 179, "osm_id": 673640252, "name": "", "kind": "drain", "length_m": 300}, "geometry": {"type": "LineString", "coordinates": [[77.5886324, 12.9741222], [77.5886732, 12.9735502], [77.5888771, 12.9728916], [77.5896013, 12.9718409], [77.5897362, 12.9717192]]}}, {"type": "Feature", "id": 180, "properties": {"id": 180, "osm_id": 673640254, "name": "K109", "kind": "drain", "length_m": 765}, "geometry": {"type": "LineString", "coordinates": [[77.5917417, 12.9700374], [77.5904864, 12.9689448], [77.5905991, 12.968009], [77.5909545, 12.9681143], [77.591393, 12.9682443], [77.5918114, 12.9682757], [77.5918362, 12.9682741], [77.5922298, 12.9682495], [77.5937855, 12.9678731], [77.5941449, 12.9676588], [77.5946546, 12.9671622]]}}, {"type": "Feature", "id": 181, "properties": {"id": 181, "osm_id": 673640933, "name": "K109", "kind": "drain", "length_m": 740}, "geometry": {"type": "LineString", "coordinates": [[77.5946546, 12.9671622], [77.5944561, 12.9658866], [77.5942361, 12.9649875], [77.5942044, 12.9647908], [77.5941288, 12.9643218], [77.5939143, 12.9629905], [77.5936782, 12.9617097], [77.5933215, 12.9606223]]}}, {"type": "Feature", "id": 182, "properties": {"id": 182, "osm_id": 673640934, "name": "", "kind": "drain", "length_m": 45}, "geometry": {"type": "LineString", "coordinates": [[77.5913729, 12.9702203], [77.5914479, 12.970189], [77.5917417, 12.9700374]]}}, {"type": "Feature", "id": 183, "properties": {"id": 183, "osm_id": 673645155, "name": "K110", "kind": "drain", "length_m": 813}, "geometry": {"type": "LineString", "coordinates": [[77.5817129, 12.9481329], [77.5828367, 12.9488387], [77.5838426, 12.9528538], [77.5840919, 12.9532979], [77.5845641, 12.9535452], [77.5846338, 12.9537281], [77.5846982, 12.9538523], [77.5847879, 12.9540228], [77.5849074, 12.9540353], [77.5849584, 12.9542575]]}}, {"type": "Feature", "id": 184, "properties": {"id": 184, "osm_id": 673645156, "name": "K110", "kind": "drain", "length_m": 440}, "geometry": {"type": "LineString", "coordinates": [[77.5843173, 12.9556611], [77.5847411, 12.9564035], [77.585291, 12.9580503], [77.5856391, 12.9593999]]}}, {"type": "Feature", "id": 185, "properties": {"id": 185, "osm_id": 673645161, "name": "K110", "kind": "drain", "length_m": 200}, "geometry": {"type": "LineString", "coordinates": [[77.5849584, 12.9542575], [77.5850201, 12.9545581], [77.5848645, 12.9554729], [77.5843173, 12.9556611]]}}, {"type": "Feature", "id": 186, "properties": {"id": 186, "osm_id": 673667955, "name": "K107", "kind": "drain", "length_m": 142}, "geometry": {"type": "LineString", "coordinates": [[77.6042622, 12.9559016], [77.6036346, 12.9553998], [77.6031491, 12.9554886]]}}, {"type": "Feature", "id": 187, "properties": {"id": 187, "osm_id": 673668005, "name": "K107", "kind": "drain", "length_m": 22}, "geometry": {"type": "LineString", "coordinates": [[77.6031491, 12.9554886], [77.6030641, 12.955306]]}}, {"type": "Feature", "id": 188, "properties": {"id": 188, "osm_id": 673668006, "name": "K107", "kind": "drain", "length_m": 365}, "geometry": {"type": "LineString", "coordinates": [[77.6020843, 12.9530158], [77.6014566, 12.951965], [77.6015291, 12.9516566], [77.601307, 12.9499078]]}}, {"type": "Feature", "id": 189, "properties": {"id": 189, "osm_id": 673668008, "name": "K107", "kind": "drain", "length_m": 275}, "geometry": {"type": "LineString", "coordinates": [[77.6030641, 12.955306], [77.6022747, 12.9536014], [77.6020843, 12.9530158]]}}, {"type": "Feature", "id": 190, "properties": {"id": 190, "osm_id": 673670438, "name": "K100", "kind": "drain", "length_m": 1560}, "geometry": {"type": "LineString", "coordinates": [[77.5717297, 12.9743736], [77.5718611, 12.9741305], [77.5718719, 12.9735529], [77.5720596, 12.9734561], [77.572006, 12.9728295], [77.5721362, 12.972742], [77.5725263, 12.9723218], [77.5722527, 12.9706647], [77.5722018, 12.9703928], [77.5724995, 12.9703275], [77.5725746, 12.9702491], [77.5723547, 12.9697159], [77.5730762, 12.9693656], [77.574892, 12.9683776], [77.5743362, 12.9672441], [77.5739372, 12.9664303], [77.5742725, 12.9661271], [77.5742483, 12.9659598], [77.5752622, 12.9656096], [77.5771505, 12.9646503]]}}, {"type": "Feature", "id": 191, "properties": {"id": 191, "osm_id": 673670439, "name": "K100", "kind": "drain", "length_m": 453}, "geometry": {"type": "LineString", "coordinates": [[77.5771505, 12.9646503], [77.5776085, 12.9643422], [77.5786503, 12.9636874], [77.5791989, 12.9634269], [77.5806632, 12.9624519]]}}, {"type": "Feature", "id": 192, "properties": {"id": 192, "osm_id": 673673527, "name": "K200", "kind": "drain", "length_m": 22}, "geometry": {"type": "LineString", "coordinates": [[77.6322444, 12.916274], [77.6322768, 12.9162706], [77.6324438, 12.916255]]}}, {"type": "Feature", "id": 193, "properties": {"id": 193, "osm_id": 673673530, "name": "", "kind": "drain", "length_m": 414}, "geometry": {"type": "LineString", "coordinates": [[77.6323513, 12.9125289], [77.6323108, 12.914711], [77.6322768, 12.9162706]]}}, {"type": "Feature", "id": 194, "properties": {"id": 194, "osm_id": 673673534, "name": "K200", "kind": "drain", "length_m": 61}, "geometry": {"type": "LineString", "coordinates": [[77.6380672, 12.9156332], [77.6381168, 12.9156264], [77.6383548, 12.9155984], [77.6384688, 12.9156075], [77.6385548, 12.9157333]]}}, {"type": "Feature", "id": 195, "properties": {"id": 195, "osm_id": 673673539, "name": "", "kind": "drain", "length_m": 250}, "geometry": {"type": "LineString", "coordinates": [[77.6463153, 12.9042333], [77.6442406, 12.9047026], [77.6442372, 12.9048748]]}}, {"type": "Feature", "id": 196, "properties": {"id": 196, "osm_id": 673677232, "name": "K200", "kind": "drain", "length_m": 296}, "geometry": {"type": "LineString", "coordinates": [[77.5986296, 12.9349214], [77.5988603, 12.9342469], [77.5990641, 12.9340169], [77.5991848, 12.9336326], [77.5992706, 12.932881], [77.5992211, 12.9323856]]}}, {"type": "Feature", "id": 197, "properties": {"id": 197, "osm_id": 673677233, "name": "K200", "kind": "drain", "length_m": 274}, "geometry": {"type": "LineString", "coordinates": [[77.5992211, 12.9323856], [77.5994222, 12.9322614], [77.5994396, 12.9319869], [77.5995894, 12.9318181], [77.6003891, 12.9311726], [77.6006024, 12.9311034], [77.6007955, 12.9310445], [77.6007606, 12.9307361]]}}, {"type": "Feature", "id": 198, "properties": {"id": 198, "osm_id": 673677234, "name": "K200", "kind": "drain", "length_m": 398}, "geometry": {"type": "LineString", "coordinates": [[77.6049253, 12.9279922], [77.6048227, 12.9276459], [77.6047908, 12.9274235], [77.6047786, 12.9273807], [77.6047128, 12.92705], [77.6045589, 12.9266059], [77.6044406, 12.9262645], [77.6046152, 12.9262044], [77.6047558, 12.926156], [77.6048286, 12.9261224], [77.6050632, 12.926014], [77.6052935, 12.9259076], [77.605338, 12.9258906], [77.6056114, 12.9257861], [77.6056433, 12.9257759], [77.6061475, 12.9256144]]}}, {"type": "Feature", "id": 199, "properties": {"id": 199, "osm_id": 673677235, "name": "K200", "kind": "drain", "length_m": 37}, "geometry": {"type": "LineString", "coordinates": [[77.6046391, 12.9281754], [77.6049253, 12.9279922]]}}, {"type": "Feature", "id": 200, "properties": {"id": 200, "osm_id": 673677236, "name": "K200", "kind": "drain", "length_m": 298}, "geometry": {"type": "LineString", "coordinates": [[77.6007606, 12.9307361], [77.6017356, 12.9304616], [77.6018563, 12.9303766], [77.601914, 12.9302355], [77.6019582, 12.9300276], [77.6029935, 12.9294187]]}}, {"type": "Feature", "id": 201, "properties": {"id": 201, "osm_id": 673677239, "name": "K108", "kind": "drain", "length_m": 416}, "geometry": {"type": "LineString", "coordinates": [[77.5880617, 12.9416493], [77.5884399, 12.9416632], [77.5884587, 12.9420134], [77.5885578, 12.9421109], [77.5888208, 12.9422592], [77.5890935, 12.942567], [77.5893116, 12.9428133], [77.5895294, 12.9427408], [77.5895558, 12.9427555], [77.5896233, 12.9427931], [77.5897413, 12.9428689], [77.5898722, 12.9428943], [77.5899988, 12.9431355], [77.5900373, 12.9431464], [77.5903314, 12.9432296], [77.5904789, 12.9432976], [77.5905784, 12.9434527], [77.5907471, 12.9437158]]}}, {"type": "Feature", "id": 202, "properties": {"id": 202, "osm_id": 673682030, "name": "C100", "kind": "drain", "length_m": 387}, "geometry": {"type": "LineString", "coordinates": [[77.5961311, 12.9907037], [77.5963739, 12.9902201], [77.5966528, 12.9899457], [77.5972517, 12.9894183], [77.5975994, 12.9890713], [77.5983836, 12.9884854], [77.5986732, 12.9883155]]}}, {"type": "Feature", "id": 203, "properties": {"id": 203, "osm_id": 673683082, "name": "", "kind": "drain", "length_m": 233}, "geometry": {"type": "LineString", "coordinates": [[77.6564956, 12.9780877], [77.6561469, 12.9772147], [77.6557393, 12.9761186]]}}, {"type": "Feature", "id": 204, "properties": {"id": 204, "osm_id": 673683083, "name": "C105", "kind": "drain", "length_m": 217}, "geometry": {"type": "LineString", "coordinates": [[77.6570092, 12.9734339], [77.6563427, 12.9731556], [77.655943, 12.9729517], [77.6553395, 12.9724002]]}}, {"type": "Feature", "id": 205, "properties": {"id": 205, "osm_id": 673683084, "name": "", "kind": "drain", "length_m": 379}, "geometry": {"type": "LineString", "coordinates": [[77.6557231, 12.9760751], [77.6556292, 12.9758843], [77.6566645, 12.974614], [77.6573485, 12.9735973], [77.6570092, 12.9734339]]}}, {"type": "Feature", "id": 206, "properties": {"id": 206, "osm_id": 673683085, "name": "C105", "kind": "drain", "length_m": 322}, "geometry": {"type": "LineString", "coordinates": [[77.6507342, 12.9713965], [77.6504948, 12.9700432], [77.6503466, 12.9693029], [77.6501406, 12.9685524]]}}, {"type": "Feature", "id": 207, "properties": {"id": 207, "osm_id": 673683086, "name": "C105", "kind": "drain", "length_m": 261}, "geometry": {"type": "LineString", "coordinates": [[77.644195, 12.9662709], [77.6440756, 12.965305], [77.6439978, 12.9648737], [77.6437737, 12.9639514]]}}, {"type": "Feature", "id": 208, "properties": {"id": 208, "osm_id": 673683354, "name": "", "kind": "drain", "length_m": 197}, "geometry": {"type": "LineString", "coordinates": [[77.6573221, 12.9696342], [77.656712, 12.9697098], [77.6562906, 12.9702209], [77.6558963, 12.9705685]]}}, {"type": "Feature", "id": 209, "properties": {"id": 209, "osm_id": 673686629, "name": "C103", "kind": "drain", "length_m": 56}, "geometry": {"type": "LineString", "coordinates": [[77.6565197, 12.9527336], [77.6564741, 12.9527152], [77.6564611, 12.9525073], [77.6564562, 12.9522584]]}}, {"type": "Feature", "id": 210, "properties": {"id": 210, "osm_id": 673686632, "name": "", "kind": "drain", "length_m": 105}, "geometry": {"type": "LineString", "coordinates": [[77.6573807, 12.9527989], [77.6564611, 12.9525073]]}}, {"type": "Feature", "id": 211, "properties": {"id": 211, "osm_id": 673686636, "name": "C103", "kind": "drain", "length_m": 66}, "geometry": {"type": "LineString", "coordinates": [[77.6574617, 12.9593506], [77.657437, 12.9591311], [77.6578112, 12.9590736]]}}, {"type": "Feature", "id": 212, "properties": {"id": 212, "osm_id": 673686638, "name": "C103", "kind": "drain", "length_m": 111}, "geometry": {"type": "LineString", "coordinates": [[77.6597434, 12.9592594], [77.6598827, 12.9602063], [77.6598576, 12.9602463]]}}, {"type": "Feature", "id": 213, "properties": {"id": 213, "osm_id": 673692290, "name": "", "kind": "drain", "length_m": 477}, "geometry": {"type": "LineString", "coordinates": [[77.6979759, 12.9922404], [77.6974261, 12.9923038], [77.6973752, 12.9923011], [77.6973087, 12.9922711], [77.6969305, 12.9919536], [77.6967595, 12.991787], [77.6966318, 12.9915741], [77.6965081, 12.9913864], [77.6963959, 12.9911981], [77.6963478, 12.9910944], [77.6956752, 12.9907816], [77.6955745, 12.9906724], [77.6952947, 12.9906953], [77.6950711, 12.9905547], [77.6948243, 12.9904815], [77.6944396, 12.9904225], [77.6943801, 12.990393]]}}, {"type": "Feature", "id": 214, "properties": {"id": 214, "osm_id": 673692294, "name": "", "kind": "drain", "length_m": 511}, "geometry": {"type": "LineString", "coordinates": [[77.6686165, 12.9654235], [77.6686574, 12.9654194], [77.668646, 12.9658762], [77.6704806, 12.9661245], [77.6711833, 12.9663833], [77.6718003, 12.9666812], [77.6719666, 12.96671], [77.6726588, 12.9669614]]}}, {"type": "Feature", "id": 215, "properties": {"id": 215, "osm_id": 673847949, "name": "C204", "kind": "drain", "length_m": 126}, "geometry": {"type": "LineString", "coordinates": [[77.6235473, 12.9918275], [77.6239631, 12.9918301], [77.6239121, 12.9911035]]}}, {"type": "Feature", "id": 216, "properties": {"id": 216, "osm_id": 673853317, "name": "K104", "kind": "drain", "length_m": 246}, "geometry": {"type": "LineString", "coordinates": [[77.6028809, 12.9425781], [77.603412, 12.9427009], [77.6035528, 12.9429414], [77.6033221, 12.9433074], [77.6032323, 12.9434577], [77.6032457, 12.9439635], [77.6032698, 12.9442615]]}}, {"type": "Feature", "id": 217, "properties": {"id": 217, "osm_id": 673853318, "name": "K104", "kind": "drain", "length_m": 117}, "geometry": {"type": "LineString", "coordinates": [[77.6022989, 12.9417651], [77.6025671, 12.9423062], [77.6026435, 12.9425075], [77.6028809, 12.9425781]]}}, {"type": "Feature", "id": 218, "properties": {"id": 218, "osm_id": 673853320, "name": "K104", "kind": "drain", "length_m": 753}, "geometry": {"type": "LineString", "coordinates": [[77.6032698, 12.9442615], [77.6041228, 12.9449909], [77.6044546, 12.9455575], [77.6050428, 12.9465619], [77.6052466, 12.9478584], [77.6060969, 12.9486662], [77.6058501, 12.9495079], [77.6056248, 12.9499885]]}}, {"type": "Feature", "id": 219, "properties": {"id": 219, "osm_id": 673853322, "name": "K104", "kind": "drain", "length_m": 539}, "geometry": {"type": "LineString", "coordinates": [[77.5993806, 12.9380557], [77.5995362, 12.9382308], [77.5999052, 12.9386454], [77.6000968, 12.9388608], [77.6001812, 12.9388856], [77.6002702, 12.9388791], [77.6004035, 12.9389191], [77.6005514, 12.9389617], [77.6005822, 12.9390125], [77.6006578, 12.9391357], [77.6007445, 12.9392683], [77.6008692, 12.9394804], [77.6009095, 12.9395273], [77.6010892, 12.9397523], [77.6011786, 12.9398189], [77.6012836, 12.9399054], [77.6013896, 12.9399928], [77.6015233, 12.9403365], [77.6016291, 12.9406087], [77.6016793, 12.9407378], [77.6017092, 12.9407815], [77.6018021, 12.9409173], [77.6018933, 12.9410506], [77.6019798, 12.9411771], [77.6019958, 12.9412005], [77.6021326, 12.9413259], [77.6022989, 12.9417651]]}}, {"type": "Feature", "id": 220, "properties": {"id": 220, "osm_id": 673948788, "name": "K101", "kind": "drain", "length_m": 347}, "geometry": {"type": "LineString", "coordinates": [[77.6244552, 12.9389685], [77.6253095, 12.9396921], [77.6255643, 12.9399117], [77.6258272, 12.9402176], [77.6259425, 12.9402921], [77.6262414, 12.9404192], [77.6266265, 12.9405234], [77.6270623, 12.9406672]]}}, {"type": "Feature", "id": 221, "properties": {"id": 221, "osm_id": 673948794, "name": "K102", "kind": "drain", "length_m": 357}, "geometry": {"type": "LineString", "coordinates": [[77.6132932, 12.9330235], [77.6157605, 12.9351508]]}}, {"type": "Feature", "id": 222, "properties": {"id": 222, "osm_id": 673948795, "name": "K101", "kind": "drain", "length_m": 1721}, "geometry": {"type": "LineString", "coordinates": [[77.6115766, 12.9370963], [77.6141837, 12.9365186], [77.6148167, 12.936482], [77.6157605, 12.9351508], [77.6160198, 12.9349475], [77.6169223, 12.9346652], [77.6174238, 12.9345345], [77.6182754, 12.9345554], [77.6203407, 12.9345815], [77.6207726, 12.9353488], [77.6210046, 12.9354285], [77.6211709, 12.9355043], [77.6216698, 12.9359409], [77.621997, 12.9364245], [77.6224583, 12.9370597], [77.6227775, 12.9374375], [77.6231651, 12.9378596], [77.6244552, 12.9389685]]}}, {"type": "Feature", "id": 223, "properties": {"id": 223, "osm_id": 674356911, "name": "", "kind": "drain", "length_m": 97}, "geometry": {"type": "LineString", "coordinates": [[77.625457, 12.9325843], [77.6263475, 12.9326314]]}}, {"type": "Feature", "id": 224, "properties": {"id": 224, "osm_id": 674356912, "name": "", "kind": "drain", "length_m": 489}, "geometry": {"type": "LineString", "coordinates": [[77.6263475, 12.9326314], [77.6264602, 12.9326314], [77.6269054, 12.9325921], [77.6269752, 12.9324797], [77.6273426, 12.9326392], [77.630049, 12.9346704]]}}, {"type": "Feature", "id": 225, "properties": {"id": 225, "osm_id": 675252711, "name": "C106", "kind": "drain", "length_m": 194}, "geometry": {"type": "LineString", "coordinates": [[77.6338631, 12.9654083], [77.6348287, 12.9654946], [77.6353866, 12.9660853]]}}, {"type": "Feature", "id": 226, "properties": {"id": 226, "osm_id": 675252713, "name": "C106", "kind": "drain", "length_m": 1502}, "geometry": {"type": "LineString", "coordinates": [[77.6231128, 12.9685945], [77.6232147, 12.968456], [77.6237029, 12.9677633], [77.6241904, 12.9678569], [77.624234, 12.9678653], [77.6243412, 12.9678548], [77.6244195, 12.9678995], [77.6244512, 12.9679176], [77.624867, 12.9681685], [77.6249501, 12.9681972], [77.6251917, 12.9682077], [77.6252505, 12.9682103], [77.6254356, 12.9681084], [77.6265475, 12.9681456], [77.6266855, 12.9681502], [77.6288179, 12.9682103], [77.6289231, 12.9682023], [77.6290244, 12.9681946], [77.6303413, 12.9680796], [77.6309636, 12.9681214], [77.6330396, 12.9684638], [77.6331082, 12.968018], [77.6332998, 12.9671596], [77.6335788, 12.9657298], [77.6336157, 12.9655926], [77.6337277, 12.9654828], [77.6338631, 12.9654083]]}}, {"type": "Feature", "id": 227, "properties": {"id": 227, "osm_id": 675271441, "name": "", "kind": "drain", "length_m": 453}, "geometry": {"type": "LineString", "coordinates": [[77.6793748, 12.9956851], [77.6797584, 12.9955988], [77.6799231, 12.9955576], [77.6802465, 12.9955413], [77.6806623, 12.995557], [77.6806891, 12.9956321], [77.6807776, 12.9956877], [77.6809265, 12.9957752], [77.681116, 12.9957648], [77.6812232, 12.9957868], [77.6816111, 12.9958471], [77.6820341, 12.9959015], [77.6822823, 12.9959281], [77.6823881, 12.9959757], [77.6827222, 12.9959725], [77.6828966, 12.9957661], [77.6829207, 12.9953531]]}}, {"type": "Feature", "id": 228, "properties": {"id": 228, "osm_id": 675271447, "name": "", "kind": "drain", "length_m": 150}, "geometry": {"type": "LineString", "coordinates": [[77.6696603, 12.9940566], [77.6691824, 12.9938791], [77.6689973, 12.9937589], [77.6688755, 12.9936122], [77.6688587, 12.9933041], [77.6688413, 12.9931701]]}}, {"type": "Feature", "id": 229, "properties": {"id": 229, "osm_id": 675271451, "name": "", "kind": "drain", "length_m": 116}, "geometry": {"type": "LineString", "coordinates": [[77.6689547, 12.992678], [77.6690215, 12.9925358], [77.6690617, 12.9923972], [77.6690751, 12.9919582], [77.6690326, 12.9916516]]}}, {"type": "Feature", "id": 230, "properties": {"id": 230, "osm_id": 675271454, "name": "", "kind": "drain", "length_m": 65}, "geometry": {"type": "LineString", "coordinates": [[77.6680881, 12.9905913], [77.6683241, 12.990586], [77.6684636, 12.9904057], [77.6684049, 12.9902912]]}}, {"type": "Feature", "id": 231, "properties": {"id": 231, "osm_id": 675271457, "name": "", "kind": "drain", "length_m": 326}, "geometry": {"type": "LineString", "coordinates": [[77.6710358, 12.9965684], [77.6709285, 12.9964142], [77.6708025, 12.9960901], [77.6706281, 12.9959072], [77.6705423, 12.9957059], [77.6704873, 12.9955788], [77.6704798, 12.9954611], [77.6703654, 12.9951388], [77.6701615, 12.9949323], [77.6699981, 12.9948124], [77.6698101, 12.9945874], [77.6697959, 12.9943082], [77.6697323, 12.9941621], [77.6696603, 12.9940566]]}}, {"type": "Feature", "id": 232, "properties": {"id": 232, "osm_id": 675271459, "name": "", "kind": "drain", "length_m": 796}, "geometry": {"type": "LineString", "coordinates": [[77.6626928, 12.993704], [77.6626687, 12.9936269], [77.662666, 12.9929866], [77.6627199, 12.9928314], [77.6629617, 12.99278], [77.6632042, 12.9926963], [77.6634375, 12.9926274], [77.6637215, 12.992574], [77.6639228, 12.9925335], [77.6644522, 12.9924446], [77.6651518, 12.9922324], [77.6653885, 12.9921875], [77.6658562, 12.9916471], [77.6662772, 12.9912053], [77.6669556, 12.9907039], [77.6675997, 12.9903287], [77.6679488, 12.9901586], [77.6682417, 12.9899726]]}}, {"type": "Feature", "id": 233, "properties": {"id": 233, "osm_id": 675271461, "name": "", "kind": "drain", "length_m": 655}, "geometry": {"type": "LineString", "coordinates": [[77.6656735, 12.9960023], [77.6657197, 12.9958366], [77.665945, 12.9950892], [77.6664144, 12.9938974], [77.6667094, 12.9932336], [77.6673907, 12.9919268], [77.6680881, 12.9905913]]}}, {"type": "Feature", "id": 234, "properties": {"id": 234, "osm_id": 676038906, "name": "", "kind": "drain", "length_m": 258}, "geometry": {"type": "LineString", "coordinates": [[77.6656839, 12.9983051], [77.6657807, 12.9981379], [77.6656735, 12.9960023]]}}, {"type": "Feature", "id": 235, "properties": {"id": 235, "osm_id": 676038907, "name": "", "kind": "drain", "length_m": 19}, "geometry": {"type": "LineString", "coordinates": [[77.6655974, 12.9984585], [77.6656839, 12.9983051]]}}, {"type": "Feature", "id": 236, "properties": {"id": 236, "osm_id": 676038908, "name": "", "kind": "drain", "length_m": 55}, "geometry": {"type": "LineString", "coordinates": [[77.6628144, 12.999413], [77.6629691, 12.9993191], [77.6630064, 12.9993014], [77.6630454, 12.9992879], [77.6630858, 12.9992786], [77.6631285, 12.9992736], [77.6631716, 12.9992734], [77.6632816, 12.9992956]]}}, {"type": "Feature", "id": 237, "properties": {"id": 237, "osm_id": 676052989, "name": "", "kind": "drain", "length_m": 408}, "geometry": {"type": "LineString", "coordinates": [[77.7665211, 12.9698314], [77.766945, 12.9694865], [77.7671206, 12.9693525], [77.76727, 12.969166], [77.7673031, 12.9690392], [77.7673278, 12.9688651], [77.7674437, 12.9686931], [77.7674887, 12.9686668], [77.7675933, 12.9685976], [77.7676746, 12.9685539], [77.7677241, 12.9684429], [77.7678341, 12.9683619], [77.7681264, 12.968273], [77.769143, 12.9680352], [77.7694273, 12.9678509]]}}, {"type": "Feature", "id": 238, "properties": {"id": 238, "osm_id": 676052994, "name": "", "kind": "drain", "length_m": 532}, "geometry": {"type": "LineString", "coordinates": [[77.7627218, 12.955154], [77.762711, 12.9552272], [77.7626198, 12.9557396], [77.7622122, 12.9558703], [77.7618581, 12.9558859], [77.7618259, 12.9570936], [77.7613592, 12.9576059], [77.7611071, 12.958066], [77.760789, 12.9590467]]}}, {"type": "Feature", "id": 239, "properties": {"id": 239, "osm_id": 676052995, "name": "", "kind": "drain", "length_m": 626}, "geometry": {"type": "LineString", "coordinates": [[77.7574992, 12.9516561], [77.7577275, 12.9517873], [77.7582693, 12.9520173], [77.7589452, 12.952629], [77.7591598, 12.9528172], [77.7602863, 12.953638], [77.7610427, 12.9544012], [77.7617186, 12.9548351], [77.7620941, 12.9549763]]}}, {"type": "Feature", "id": 240, "properties": {"id": 240, "osm_id": 676052996, "name": "", "kind": "drain", "length_m": 467}, "geometry": {"type": "LineString", "coordinates": [[77.7641782, 12.9714122], [77.7638993, 12.9706751], [77.7636498, 12.9701785], [77.7636069, 12.9696766], [77.763446, 12.9693421], [77.7632797, 12.9682182], [77.7632703, 12.9673517]]}}, {"type": "Feature", "id": 241, "properties": {"id": 241, "osm_id": 676052997, "name": "", "kind": "drain", "length_m": 1098}, "geometry": {"type": "LineString", "coordinates": [[77.7561912, 12.9731275], [77.7561292, 12.9729752], [77.756317, 12.9728704], [77.7563368, 12.9727949], [77.7564106, 12.9726929], [77.7564763, 12.9726073], [77.7565034, 12.9725387], [77.7565336, 12.972493], [77.7565923, 12.9724413], [77.7570462, 12.9718199], [77.7573091, 12.971224], [77.7580292, 12.9711312], [77.7583163, 12.9709901], [77.7588326, 12.9706045], [77.7594334, 12.9699955], [77.759884, 12.9692428], [77.760753, 12.9687618], [77.7611393, 12.9688036], [77.7615309, 12.9687827], [77.7619439, 12.9686573], [77.7623355, 12.9684063], [77.7622926, 12.9677215], [77.7624965, 12.9672301], [77.7627218, 12.9671596], [77.7628776, 12.9671976]]}}, {"type": "Feature", "id": 242, "properties": {"id": 242, "osm_id": 676097200, "name": "", "kind": "drain", "length_m": 646}, "geometry": {"type": "LineString", "coordinates": [[77.7230841, 12.9846009], [77.7231431, 12.9849381], [77.7232557, 12.9858711], [77.7239934, 12.9867597], [77.72457, 12.987583], [77.7245942, 12.9877738], [77.7249911, 12.9884142], [77.724959, 12.9885657], [77.7248624, 12.9888193], [77.724983, 12.9890492], [77.7251843, 12.9896739], [77.7250743, 12.9897497]]}}, {"type": "Feature", "id": 243, "properties": {"id": 243, "osm_id": 676097201, "name": "", "kind": "drain", "length_m": 92}, "geometry": {"type": "LineString", "coordinates": [[77.7564709, 12.971322], [77.7569698, 12.9712488], [77.7573091, 12.971224]]}}, {"type": "Feature", "id": 244, "properties": {"id": 244, "osm_id": 677292062, "name": "MD284", "kind": "drain", "length_m": 506}, "geometry": {"type": "LineString", "coordinates": [[77.7250716, 12.9899954], [77.7246559, 12.9901443], [77.7237773, 12.9904143], [77.7238378, 12.9907638], [77.7239317, 12.9920235], [77.7241961, 12.9936217]]}}, {"type": "Feature", "id": 245, "properties": {"id": 245, "osm_id": 677292063, "name": "", "kind": "drain", "length_m": 27}, "geometry": {"type": "LineString", "coordinates": [[77.7250743, 12.9897497], [77.7250716, 12.9899954]]}}, {"type": "Feature", "id": 246, "properties": {"id": 246, "osm_id": 677292064, "name": "MD284", "kind": "drain", "length_m": 29}, "geometry": {"type": "LineString", "coordinates": [[77.724499, 12.9953323], [77.7244842, 12.9955962]]}}, {"type": "Feature", "id": 247, "properties": {"id": 247, "osm_id": 677292065, "name": "MD284", "kind": "drain", "length_m": 149}, "geometry": {"type": "LineString", "coordinates": [[77.7244842, 12.9955962], [77.7245201, 12.9956805], [77.7257877, 12.995868]]}}, {"type": "Feature", "id": 248, "properties": {"id": 248, "osm_id": 677292069, "name": "MD284", "kind": "drain", "length_m": 12}, "geometry": {"type": "LineString", "coordinates": [[77.7257877, 12.995868], [77.7258145, 12.9959725]]}}, {"type": "Feature", "id": 249, "properties": {"id": 249, "osm_id": 677293840, "name": "", "kind": "drain", "length_m": 142}, "geometry": {"type": "LineString", "coordinates": [[77.7320748, 12.9697577], [77.7321099, 12.9697981], [77.7321477, 12.9698641], [77.7321712, 12.9699152], [77.7322183, 12.9700412], [77.732293, 12.9700813], [77.7323728, 12.9702007], [77.7324288, 12.9703719], [77.7324647, 12.9704465], [77.732513, 12.9704877], [77.7327616, 12.9707715], [77.7327901, 12.9707996]]}}, {"type": "Feature", "id": 250, "properties": {"id": 250, "osm_id": 677293841, "name": "", "kind": "drain", "length_m": 42}, "geometry": {"type": "LineString", "coordinates": [[77.7329557, 12.9709217], [77.7330155, 12.9709725], [77.7331273, 12.9712502]]}}, {"type": "Feature", "id": 251, "properties": {"id": 251, "osm_id": 677293842, "name": "", "kind": "drain", "length_m": 129}, "geometry": {"type": "LineString", "coordinates": [[77.7332353, 12.9714642], [77.7332836, 12.9714899], [77.7333323, 12.9715015], [77.7333773, 12.9715115], [77.7335447, 12.9714847], [77.7335725, 12.9714909], [77.7337449, 12.9717172], [77.7337867, 12.9717658], [77.7341364, 12.9720934]]}}, {"type": "Feature", "id": 252, "properties": {"id": 252, "osm_id": 677293843, "name": "", "kind": "drain", "length_m": 26}, "geometry": {"type": "LineString", "coordinates": [[77.7331273, 12.9712502], [77.7332353, 12.9714642]]}}, {"type": "Feature", "id": 253, "properties": {"id": 253, "osm_id": 677293844, "name": "", "kind": "drain", "length_m": 60}, "geometry": {"type": "LineString", "coordinates": [[77.7341364, 12.9720934], [77.7343255, 12.972384], [77.7344069, 12.9725689]]}}, {"type": "Feature", "id": 254, "properties": {"id": 254, "osm_id": 677293845, "name": "", "kind": "drain", "length_m": 26}, "geometry": {"type": "LineString", "coordinates": [[77.7344069, 12.9725689], [77.73444, 12.9726279], [77.7345252, 12.9727706]]}}, {"type": "Feature", "id": 255, "properties": {"id": 255, "osm_id": 677293846, "name": "", "kind": "drain", "length_m": 20}, "geometry": {"type": "LineString", "coordinates": [[77.7345252, 12.9727706], [77.7346898, 12.9728584]]}}, {"type": "Feature", "id": 256, "properties": {"id": 256, "osm_id": 677293847, "name": "", "kind": "drain", "length_m": 22}, "geometry": {"type": "LineString", "coordinates": [[77.7327901, 12.9707996], [77.7329557, 12.9709217]]}}, {"type": "Feature", "id": 257, "properties": {"id": 257, "osm_id": 677294175, "name": "", "kind": "drain", "length_m": 22}, "geometry": {"type": "LineString", "coordinates": [[77.7427444, 12.965816], [77.7428502, 12.9656451]]}}, {"type": "Feature", "id": 258, "properties": {"id": 258, "osm_id": 677294176, "name": "", "kind": "drain", "length_m": 365}, "geometry": {"type": "LineString", "coordinates": [[77.7428502, 12.9656451], [77.7429879, 12.9649299], [77.7438242, 12.9649209], [77.7455871, 12.9646507]]}}, {"type": "Feature", "id": 259, "properties": {"id": 259, "osm_id": 677326093, "name": "", "kind": "drain", "length_m": 194}, "geometry": {"type": "LineString", "coordinates": [[77.6981065, 12.974782], [77.6979001, 12.9748482], [77.697348, 12.9749193], [77.6970645, 12.9749782], [77.6967005, 12.9755876]]}}, {"type": "Feature", "id": 260, "properties": {"id": 260, "osm_id": 677326095, "name": "", "kind": "drain", "length_m": 87}, "geometry": {"type": "LineString", "coordinates": [[77.6908815, 12.9866526], [77.6901967, 12.9862511]]}}, {"type": "Feature", "id": 261, "properties": {"id": 261, "osm_id": 677326096, "name": "", "kind": "drain", "length_m": 209}, "geometry": {"type": "LineString", "coordinates": [[77.6893829, 12.9849754], [77.6893024, 12.9847663], [77.6892682, 12.984759], [77.6889075, 12.9840016], [77.6889181, 12.9839593], [77.688957, 12.9839044], [77.6891474, 12.9838155], [77.6896123, 12.9836829]]}}, {"type": "Feature", "id": 262, "properties": {"id": 262, "osm_id": 677326102, "name": "", "kind": "drain", "length_m": 49}, "geometry": {"type": "LineString", "coordinates": [[77.6888218, 12.9788612], [77.6885935, 12.9784823]]}}, {"type": "Feature", "id": 263, "properties": {"id": 263, "osm_id": 677326103, "name": "", "kind": "drain", "length_m": 1033}, "geometry": {"type": "LineString", "coordinates": [[77.6885935, 12.9784823], [77.688548, 12.9784086], [77.6887773, 12.9782445], [77.6889497, 12.9779795], [77.6891293, 12.9776813], [77.68922, 12.9774535], [77.6894909, 12.9771805], [77.689881, 12.9768791], [77.6902937, 12.9765811], [77.6905395, 12.9764037], [77.6909975, 12.9762118], [77.6913995, 12.9760625], [77.6915507, 12.975947], [77.69165, 12.9757619], [77.6917344, 12.9755981], [77.6918404, 12.9754282], [77.6918616, 12.975152], [77.6918602, 12.9747878], [77.6917478, 12.9741096], [77.6915762, 12.9734039], [77.691485, 12.9729648], [77.6913938, 12.9724995], [77.6913321, 12.9723113], [77.6912919, 12.9721963], [77.6912865, 12.9720787], [77.6912972, 12.9719062], [77.6912677, 12.9717781], [77.691214, 12.971569], [77.6911665, 12.9714741], [77.690584, 12.971455], [77.6905263, 12.9713865]]}}, {"type": "Feature", "id": 264, "properties": {"id": 264, "osm_id": 677326104, "name": "", "kind": "drain", "length_m": 196}, "geometry": {"type": "LineString", "coordinates": [[77.6943488, 12.9902675], [77.6940518, 12.9896138], [77.6939298, 12.9893798], [77.6937086, 12.9888819], [77.6935861, 12.9886618]]}}, {"type": "Feature", "id": 265, "properties": {"id": 265, "osm_id": 677326105, "name": "", "kind": "drain", "length_m": 14}, "geometry": {"type": "LineString", "coordinates": [[77.6943801, 12.990393], [77.6943488, 12.9902675]]}}, {"type": "Feature", "id": 266, "properties": {"id": 266, "osm_id": 677326106, "name": "", "kind": "drain", "length_m": 167}, "geometry": {"type": "LineString", "coordinates": [[77.6921481, 12.9874974], [77.6912382, 12.9868042], [77.691026, 12.986714], [77.6908815, 12.9866526]]}}, {"type": "Feature", "id": 267, "properties": {"id": 267, "osm_id": 677326107, "name": "", "kind": "drain", "length_m": 203}, "geometry": {"type": "LineString", "coordinates": [[77.6935861, 12.9886618], [77.6932794, 12.9883593], [77.6921481, 12.9874974]]}}, {"type": "Feature", "id": 268, "properties": {"id": 268, "osm_id": 678335361, "name": "K209", "kind": "drain", "length_m": 470}, "geometry": {"type": "LineString", "coordinates": [[77.6218369, 12.9128283], [77.6222095, 12.9131071], [77.6222981, 12.9133289], [77.6224157, 12.9135534], [77.6224513, 12.9138381], [77.6225276, 12.9140746], [77.6226063, 12.914164], [77.6226905, 12.914105], [77.6230362, 12.9152443], [77.6231552, 12.9160312], [77.6228761, 12.9165131]]}}, {"type": "Feature", "id": 269, "properties": {"id": 269, "osm_id": 678335362, "name": "K200", "kind": "drain", "length_m": 178}, "geometry": {"type": "LineString", "coordinates": [[77.6231781, 12.9171247], [77.6235276, 12.917197], [77.6237708, 12.9172474], [77.6247899, 12.9173926]]}}, {"type": "Feature", "id": 270, "properties": {"id": 270, "osm_id": 678335365, "name": "K200", "kind": "drain", "length_m": 118}, "geometry": {"type": "LineString", "coordinates": [[77.6289002, 12.9164905], [77.6290211, 12.9164792], [77.6299897, 12.9164406]]}}, {"type": "Feature", "id": 271, "properties": {"id": 271, "osm_id": 678335366, "name": "K200", "kind": "drain", "length_m": 246}, "geometry": {"type": "LineString", "coordinates": [[77.6299897, 12.9164406], [77.6310916, 12.9163967], [77.6322444, 12.916274]]}}, {"type": "Feature", "id": 272, "properties": {"id": 272, "osm_id": 679567123, "name": "", "kind": "drain", "length_m": 266}, "geometry": {"type": "LineString", "coordinates": [[77.7314472, 12.9967017], [77.7314145, 12.9976296], [77.7313804, 12.997807], [77.7311696, 12.9982608], [77.731102, 12.998399], [77.7309735, 12.9987715], [77.7307527, 12.9988851]]}}, {"type": "Feature", "id": 273, "properties": {"id": 273, "osm_id": 682369910, "name": "C100", "kind": "drain", "length_m": 47}, "geometry": {"type": "LineString", "coordinates": [[77.5986732, 12.9883155], [77.5990761, 12.9881559]]}}, {"type": "Feature", "id": 274, "properties": {"id": 274, "osm_id": 688824202, "name": "", "kind": "drain", "length_m": 30}, "geometry": {"type": "LineString", "coordinates": [[77.6734648, 12.9164596], [77.6737304, 12.9165241]]}}, {"type": "Feature", "id": 275, "properties": {"id": 275, "osm_id": 688824203, "name": "", "kind": "drain", "length_m": 421}, "geometry": {"type": "LineString", "coordinates": [[77.6737304, 12.9165241], [77.6737951, 12.9164537], [77.6738598, 12.9163832], [77.6742551, 12.9159529], [77.674425, 12.9157707], [77.6750053, 12.9154646], [77.6753024, 12.9153354], [77.6753404, 12.9153378], [77.675829, 12.9159502], [77.6762675, 12.9168609]]}}, {"type": "Feature", "id": 276, "properties": {"id": 276, "osm_id": 688824204, "name": "", "kind": "drain", "length_m": 769}, "geometry": {"type": "LineString", "coordinates": [[77.670266, 12.9109485], [77.6709205, 12.9110844], [77.6714623, 12.9114243], [77.672739, 12.9132387], [77.6731473, 12.9142799], [77.6736238, 12.9150472], [77.6736502, 12.9155145], [77.6734595, 12.9161291], [77.6734648, 12.9164596]]}}, {"type": "Feature", "id": 277, "properties": {"id": 277, "osm_id": 688824205, "name": "", "kind": "drain", "length_m": 90}, "geometry": {"type": "LineString", "coordinates": [[77.6696207, 12.9114562], [77.670266, 12.9109485]]}}, {"type": "Feature", "id": 278, "properties": {"id": 278, "osm_id": 688824207, "name": "", "kind": "drain", "length_m": 608}, "geometry": {"type": "LineString", "coordinates": [[77.6689786, 12.9072151], [77.6681095, 12.907534], [77.6682919, 12.9083027], [77.6682758, 12.9089354], [77.6681819, 12.908985], [77.6683281, 12.9095079], [77.6683187, 12.9101158], [77.6685575, 12.9105093], [77.6691958, 12.9111785], [77.6695392, 12.9114713], [77.6696207, 12.9114562]]}}, {"type": "Feature", "id": 279, "properties": {"id": 279, "osm_id": 688824208, "name": "", "kind": "drain", "length_m": 588}, "geometry": {"type": "LineString", "coordinates": [[77.6674904, 12.9010069], [77.6676199, 12.9012458], [77.6680192, 12.9024063], [77.6682045, 12.9041574], [77.6698261, 12.905453]]}}, {"type": "Feature", "id": 280, "properties": {"id": 280, "osm_id": 688824209, "name": "", "kind": "drain", "length_m": 119}, "geometry": {"type": "LineString", "coordinates": [[77.6667367, 12.9003531], [77.6670835, 12.9003928], [77.6673045, 12.9006638], [77.6674904, 12.9010069]]}}, {"type": "Feature", "id": 281, "properties": {"id": 281, "osm_id": 688824210, "name": "", "kind": "drain", "length_m": 103}, "geometry": {"type": "LineString", "coordinates": [[77.6664872, 12.8994546], [77.6666072, 12.8999157], [77.6667367, 12.9003531]]}}, {"type": "Feature", "id": 282, "properties": {"id": 282, "osm_id": 688824215, "name": "", "kind": "drain", "length_m": 374}, "geometry": {"type": "LineString", "coordinates": [[77.6651788, 12.8967005], [77.6660156, 12.8975113], [77.666308, 12.8978995], [77.666308, 12.8980174], [77.6660408, 12.8983417], [77.6660559, 12.898553], [77.6664552, 12.8993476], [77.6664872, 12.8994546]]}}, {"type": "Feature", "id": 283, "properties": {"id": 283, "osm_id": 688824216, "name": "", "kind": "drain", "length_m": 386}, "geometry": {"type": "LineString", "coordinates": [[77.6627634, 12.8946893], [77.6635505, 12.8963467], [77.6643873, 12.8966022], [77.6648461, 12.8965727], [77.6651788, 12.8967005]]}}, {"type": "Feature", "id": 284, "properties": {"id": 284, "osm_id": 688824217, "name": "", "kind": "drain", "length_m": 144}, "geometry": {"type": "LineString", "coordinates": [[77.6626776, 12.8933933], [77.6626848, 12.8939718], [77.6627634, 12.8946893]]}}, {"type": "Feature", "id": 285, "properties": {"id": 285, "osm_id": 699268538, "name": "K209", "kind": "drain", "length_m": 128}, "geometry": {"type": "LineString", "coordinates": [[77.6001568, 12.9036177], [77.6008405, 12.9034953], [77.6013154, 12.9033872]]}}, {"type": "Feature", "id": 286, "properties": {"id": 286, "osm_id": 699268539, "name": "K209", "kind": "drain", "length_m": 23}, "geometry": {"type": "LineString", "coordinates": [[77.5947753, 12.9026555], [77.5949831, 12.9026495]]}}, {"type": "Feature", "id": 287, "properties": {"id": 287, "osm_id": 699268540, "name": "K209", "kind": "drain", "length_m": 485}, "geometry": {"type": "LineString", "coordinates": [[77.5935541, 12.9061417], [77.5935492, 12.9055305], [77.5937422, 12.9055124], [77.5938128, 12.9049164], [77.5938767, 12.9041905], [77.5940138, 12.9027742], [77.5940458, 12.9026673], [77.5942285, 12.902654], [77.5945118, 12.9026584], [77.5947753, 12.9026555]]}}, {"type": "Feature", "id": 288, "properties": {"id": 288, "osm_id": 724476805, "name": "", "kind": "drain", "length_m": 306}, "geometry": {"type": "LineString", "coordinates": [[77.7451158, 12.9637459], [77.7450165, 12.9635891], [77.7448904, 12.9635708], [77.7443567, 12.9635342], [77.7443486, 12.9630088], [77.744464, 12.962554], [77.7447671, 12.962141], [77.7447921, 12.9617189]]}}, {"type": "Feature", "id": 289, "properties": {"id": 289, "osm_id": 770680856, "name": "", "kind": "drain", "length_m": 11}, "geometry": {"type": "LineString", "coordinates": [[77.6782812, 12.9686618], [77.67836, 12.9687216]]}}, {"type": "Feature", "id": 290, "properties": {"id": 290, "osm_id": 770680857, "name": "", "kind": "drain", "length_m": 133}, "geometry": {"type": "LineString", "coordinates": [[77.688905, 12.9686779], [77.6888883, 12.9685658], [77.6888803, 12.9684063], [77.6888601, 12.9682907], [77.6887319, 12.9681148], [77.6887052, 12.9678142], [77.6886919, 12.9676241], [77.6887017, 12.9675222]]}}, {"type": "Feature", "id": 291, "properties": {"id": 291, "osm_id": 770680858, "name": "", "kind": "drain", "length_m": 48}, "geometry": {"type": "LineString", "coordinates": [[77.6889695, 12.9691073], [77.6889361, 12.9688768], [77.688905, 12.9686779]]}}, {"type": "Feature", "id": 292, "properties": {"id": 292, "osm_id": 770680859, "name": "", "kind": "drain", "length_m": 114}, "geometry": {"type": "LineString", "coordinates": [[77.6892075, 12.970101], [77.6892029, 12.9698464], [77.6891904, 12.969715], [77.6891796, 12.9696908], [77.689171, 12.9696601], [77.6890714, 12.9694168], [77.6889788, 12.9691792], [77.6889695, 12.9691073]]}}, {"type": "Feature", "id": 293, "properties": {"id": 293, "osm_id": 770680860, "name": "", "kind": "drain", "length_m": 21}, "geometry": {"type": "LineString", "coordinates": [[77.6892166, 12.9702892], [77.6892075, 12.970101]]}}, {"type": "Feature", "id": 294, "properties": {"id": 294, "osm_id": 770680862, "name": "", "kind": "drain", "length_m": 30}, "geometry": {"type": "LineString", "coordinates": [[77.6892245, 12.970558], [77.6892166, 12.9702892]]}}, {"type": "Feature", "id": 295, "properties": {"id": 295, "osm_id": 770680863, "name": "", "kind": "drain", "length_m": 149}, "geometry": {"type": "LineString", "coordinates": [[77.6904696, 12.9712669], [77.690263, 12.9711508], [77.6902154, 12.9711429], [77.6900779, 12.9711518], [77.6896956, 12.9711718], [77.689317, 12.9711913], [77.6892755, 12.9711879], [77.6892582, 12.9711634], [77.6892515, 12.9710496]]}}, {"type": "Feature", "id": 296, "properties": {"id": 296, "osm_id": 770680865, "name": "", "kind": "drain", "length_m": 10}, "geometry": {"type": "LineString", "coordinates": [[77.6824569, 12.9696568], [77.6825451, 12.9696848]]}}, {"type": "Feature", "id": 297, "properties": {"id": 297, "osm_id": 770680866, "name": "", "kind": "drain", "length_m": 20}, "geometry": {"type": "LineString", "coordinates": [[77.6824022, 12.9694877], [77.6824569, 12.9696568]]}}, {"type": "Feature", "id": 298, "properties": {"id": 298, "osm_id": 770680867, "name": "", "kind": "drain", "length_m": 203}, "geometry": {"type": "LineString", "coordinates": [[77.6862465, 12.9697153], [77.6864554, 12.9693837], [77.6867113, 12.9692297], [77.6870245, 12.9691983], [77.6873416, 12.9691336], [77.6876589, 12.9690651], [77.6877249, 12.9688679]]}}, {"type": "Feature", "id": 299, "properties": {"id": 299, "osm_id": 770680868, "name": "", "kind": "drain", "length_m": 11}, "geometry": {"type": "LineString", "coordinates": [[77.6861921, 12.9697996], [77.6862465, 12.9697153]]}}, {"type": "Feature", "id": 300, "properties": {"id": 300, "osm_id": 775607618, "name": "", "kind": "drain", "length_m": 811}, "geometry": {"type": "LineString", "coordinates": [[77.5753111, 12.9052078], [77.5754157, 12.9050935], [77.5755153, 12.9049951], [77.5757021, 12.9047895], [77.5758382, 12.904664], [77.5759066, 12.9045817], [77.575983, 12.9044843], [77.5760199, 12.9044425], [77.5760655, 12.9044085], [77.5761185, 12.9043862], [77.5761735, 12.9043784], [77.5762895, 12.9043402], [77.5764098, 12.9042692], [77.5765255, 12.9041797], [77.5765979, 12.9041248], [77.5766248, 12.9040993], [77.576836, 12.9039379], [77.5770198, 12.9038392], [77.5771987, 12.9038509], [77.577269, 12.9038718], [77.5773916, 12.9037445], [77.5775783, 12.9035906], [77.5776456, 12.9033159], [77.5778036, 12.9029797], [77.5778892, 12.9028277], [77.5778827, 12.9022879], [77.5779766, 12.9019234], [77.5781456, 12.9016175], [77.5782609, 12.9010083], [77.578387, 12.9008776], [77.578682, 12.9005534], [77.5797151, 12.9000323]]}}, {"type": "Feature", "id": 301, "properties": {"id": 301, "osm_id": 778219724, "name": "", "kind": "drain", "length_m": 445}, "geometry": {"type": "LineString", "coordinates": [[77.6825451, 12.9696848], [77.6825985, 12.9699078], [77.6827755, 12.9698972], [77.6827978, 12.9700071], [77.6838702, 12.9698701], [77.6839238, 12.97004], [77.6852583, 12.9698218], [77.6854035, 12.9698297], [77.6861635, 12.9698439], [77.6861921, 12.9697996]]}}, {"type": "Feature", "id": 302, "properties": {"id": 302, "osm_id": 795219270, "name": "", "kind": "drain", "length_m": 27}, "geometry": {"type": "LineString", "coordinates": [[77.6083747, 12.8765863], [77.6084171, 12.8768235]]}}, {"type": "Feature", "id": 303, "properties": {"id": 303, "osm_id": 795219271, "name": "", "kind": "drain", "length_m": 270}, "geometry": {"type": "LineString", "coordinates": [[77.6084171, 12.8768235], [77.6086853, 12.8775308], [77.6091418, 12.8790858], [77.6091609, 12.8791506]]}}, {"type": "Feature", "id": 304, "properties": {"id": 304, "osm_id": 795219272, "name": "", "kind": "drain", "length_m": 550}, "geometry": {"type": "LineString", "coordinates": [[77.6100085, 12.8817756], [77.6106433, 12.8817157], [77.6106598, 12.8819408], [77.6123044, 12.8820213], [77.6123349, 12.8821134], [77.6127581, 12.8840131], [77.6123113, 12.8841425]]}}, {"type": "Feature", "id": 305, "properties": {"id": 305, "osm_id": 795219273, "name": "", "kind": "drain", "length_m": 128}, "geometry": {"type": "LineString", "coordinates": [[77.6092049, 12.8793088], [77.6092518, 12.8794584], [77.6094196, 12.8801527], [77.609451, 12.8804417]]}}, {"type": "Feature", "id": 306, "properties": {"id": 306, "osm_id": 795219274, "name": "", "kind": "drain", "length_m": 18}, "geometry": {"type": "LineString", "coordinates": [[77.6091609, 12.8791506], [77.6092049, 12.8793088]]}}, {"type": "Feature", "id": 307, "properties": {"id": 307, "osm_id": 795219275, "name": "", "kind": "drain", "length_m": 19}, "geometry": {"type": "LineString", "coordinates": [[77.609451, 12.8804417], [77.6094699, 12.8806165]]}}, {"type": "Feature", "id": 308, "properties": {"id": 308, "osm_id": 795219276, "name": "", "kind": "drain", "length_m": 150}, "geometry": {"type": "LineString", "coordinates": [[77.6094699, 12.8806165], [77.6095033, 12.8809237], [77.6095846, 12.8816728], [77.6096066, 12.881772], [77.609805, 12.8817823]]}}, {"type": "Feature", "id": 309, "properties": {"id": 309, "osm_id": 796870501, "name": "", "kind": "drain", "length_m": 197}, "geometry": {"type": "LineString", "coordinates": [[77.6329774, 12.8801063], [77.632944, 12.8804827], [77.632788, 12.8809195], [77.6326832, 12.8810021], [77.6320229, 12.8810973], [77.6319253, 12.8811201], [77.6318776, 12.8811411]]}}, {"type": "Feature", "id": 310, "properties": {"id": 310, "osm_id": 796870502, "name": "", "kind": "drain", "length_m": 9}, "geometry": {"type": "LineString", "coordinates": [[77.6329777, 12.880026], [77.6329774, 12.8801063]]}}, {"type": "Feature", "id": 311, "properties": {"id": 311, "osm_id": 796870503, "name": "", "kind": "drain", "length_m": 85}, "geometry": {"type": "LineString", "coordinates": [[77.6318822, 12.8812253], [77.6319291, 12.8814952], [77.6314425, 12.8816201]]}}, {"type": "Feature", "id": 312, "properties": {"id": 312, "osm_id": 796870504, "name": "", "kind": "drain", "length_m": 9}, "geometry": {"type": "LineString", "coordinates": [[77.6318776, 12.8811411], [77.6318822, 12.8812253]]}}, {"type": "Feature", "id": 313, "properties": {"id": 313, "osm_id": 796870505, "name": "", "kind": "drain", "length_m": 9}, "geometry": {"type": "LineString", "coordinates": [[77.6315588, 12.8822883], [77.6315713, 12.8823701]]}}, {"type": "Feature", "id": 314, "properties": {"id": 314, "osm_id": 796870506, "name": "", "kind": "drain", "length_m": 15}, "geometry": {"type": "LineString", "coordinates": [[77.6315713, 12.8823701], [77.6314367, 12.8824112]]}}, {"type": "Feature", "id": 315, "properties": {"id": 315, "osm_id": 796870507, "name": "", "kind": "drain", "length_m": 611}, "geometry": {"type": "LineString", "coordinates": [[77.6313538, 12.8824371], [77.631182, 12.8824908], [77.6317453, 12.8841254], [77.6316985, 12.8849422], [77.6316204, 12.8850259], [77.6312483, 12.885168], [77.6310974, 12.8851655], [77.6308033, 12.885135], [77.6305535, 12.8852365], [77.6304364, 12.8853583], [77.6303635, 12.8854699], [77.6303401, 12.8855891], [77.6303531, 12.8858098], [77.6300851, 12.8858402], [77.6299161, 12.8859989], [77.629804, 12.8861041], [77.6297754, 12.8861852], [77.6297856, 12.8863973]]}}, {"type": "Feature", "id": 316, "properties": {"id": 316, "osm_id": 796870508, "name": "", "kind": "drain", "length_m": 9}, "geometry": {"type": "LineString", "coordinates": [[77.6314367, 12.8824112], [77.6313538, 12.8824371]]}}, {"type": "Feature", "id": 317, "properties": {"id": 317, "osm_id": 796870509, "name": "", "kind": "drain", "length_m": 28}, "geometry": {"type": "LineString", "coordinates": [[77.6330124, 12.8790587], [77.63299, 12.8793126]]}}, {"type": "Feature", "id": 318, "properties": {"id": 318, "osm_id": 796870510, "name": "", "kind": "drain", "length_m": 79}, "geometry": {"type": "LineString", "coordinates": [[77.63299, 12.8793126], [77.6329777, 12.880026]]}}, {"type": "Feature", "id": 319, "properties": {"id": 319, "osm_id": 796870511, "name": "", "kind": "drain", "length_m": 79}, "geometry": {"type": "LineString", "coordinates": [[77.6325529, 12.8785121], [77.632674, 12.8786481], [77.6328768, 12.8789596], [77.6330124, 12.8790587]]}}, {"type": "Feature", "id": 320, "properties": {"id": 320, "osm_id": 796870512, "name": "", "kind": "drain", "length_m": 19}, "geometry": {"type": "LineString", "coordinates": [[77.6324142, 12.8784003], [77.6325529, 12.8785121]]}}, {"type": "Feature", "id": 321, "properties": {"id": 321, "osm_id": 796870513, "name": "", "kind": "drain", "length_m": 33}, "geometry": {"type": "LineString", "coordinates": [[77.6270206, 12.87757], [77.6273188, 12.8775314]]}}, {"type": "Feature", "id": 322, "properties": {"id": 322, "osm_id": 796870514, "name": "", "kind": "drain", "length_m": 553}, "geometry": {"type": "LineString", "coordinates": [[77.6273188, 12.8775314], [77.62768, 12.8775121], [77.6284152, 12.8776446], [77.630445, 12.8779439], [77.6313194, 12.8781773], [77.6319908, 12.8783397], [77.6323223, 12.8783326]]}}, {"type": "Feature", "id": 323, "properties": {"id": 323, "osm_id": 796870515, "name": "", "kind": "drain", "length_m": 24}, "geometry": {"type": "LineString", "coordinates": [[77.6253828, 12.8778268], [77.6255837, 12.8777423]]}}, {"type": "Feature", "id": 324, "properties": {"id": 324, "osm_id": 796870516, "name": "", "kind": "drain", "length_m": 159}, "geometry": {"type": "LineString", "coordinates": [[77.6255837, 12.8777423], [77.6260384, 12.8776167], [77.6268682, 12.8776117], [77.6270206, 12.87757]]}}, {"type": "Feature", "id": 325, "properties": {"id": 325, "osm_id": 796870517, "name": "", "kind": "drain", "length_m": 90}, "geometry": {"type": "LineString", "coordinates": [[77.6247353, 12.878313], [77.6248573, 12.8781428], [77.625178, 12.8779244], [77.6253828, 12.8778268]]}}, {"type": "Feature", "id": 326, "properties": {"id": 326, "osm_id": 796870518, "name": "", "kind": "drain", "length_m": 17}, "geometry": {"type": "LineString", "coordinates": [[77.624593, 12.8783862], [77.6247353, 12.878313]]}}, {"type": "Feature", "id": 327, "properties": {"id": 327, "osm_id": 796870553, "name": "", "kind": "drain", "length_m": 24}, "geometry": {"type": "LineString", "coordinates": [[77.6316745, 12.9007184], [77.6316292, 12.9009318]]}}, {"type": "Feature", "id": 328, "properties": {"id": 328, "osm_id": 796870554, "name": "", "kind": "drain", "length_m": 11}, "geometry": {"type": "LineString", "coordinates": [[77.6318461, 12.8989932], [77.6318665, 12.8990913]]}}, {"type": "Feature", "id": 329, "properties": {"id": 329, "osm_id": 796870555, "name": "", "kind": "drain", "length_m": 184}, "geometry": {"type": "LineString", "coordinates": [[77.6318665, 12.8990913], [77.6319319, 12.8993677], [77.6319323, 12.8994706], [77.6318233, 12.9001116], [77.6317656, 12.9003874], [77.6316825, 12.900607], [77.6316745, 12.9007184]]}}, {"type": "Feature", "id": 330, "properties": {"id": 330, "osm_id": 796870556, "name": "", "kind": "drain", "length_m": 228}, "geometry": {"type": "LineString", "coordinates": [[77.6312252, 12.8968086], [77.6313743, 12.8969987], [77.6314667, 12.8972364], [77.6315198, 12.8974012], [77.6317026, 12.8985685], [77.6317579, 12.8987707]]}}, {"type": "Feature", "id": 331, "properties": {"id": 331, "osm_id": 796870557, "name": "", "kind": "drain", "length_m": 18}, "geometry": {"type": "LineString", "coordinates": [[77.6311265, 12.8966776], [77.6312252, 12.8968086]]}}, {"type": "Feature", "id": 332, "properties": {"id": 332, "osm_id": 796870558, "name": "", "kind": "drain", "length_m": 10}, "geometry": {"type": "LineString", "coordinates": [[77.6307912, 12.8955063], [77.6308063, 12.8955912]]}}, {"type": "Feature", "id": 333, "properties": {"id": 333, "osm_id": 796870559, "name": "", "kind": "drain", "length_m": 30}, "geometry": {"type": "LineString", "coordinates": [[77.6308063, 12.8955912], [77.630797, 12.89586]]}}, {"type": "Feature", "id": 334, "properties": {"id": 334, "osm_id": 796870560, "name": "", "kind": "drain", "length_m": 14}, "geometry": {"type": "LineString", "coordinates": [[77.630797, 12.89586], [77.6307215, 12.8959603]]}}, {"type": "Feature", "id": 335, "properties": {"id": 335, "osm_id": 796870561, "name": "", "kind": "drain", "length_m": 104}, "geometry": {"type": "LineString", "coordinates": [[77.6307215, 12.8959603], [77.6307313, 12.8963375], [77.6307588, 12.8964141], [77.6308965, 12.8964371], [77.6309987, 12.8964831], [77.6311265, 12.8966776]]}}, {"type": "Feature", "id": 336, "properties": {"id": 336, "osm_id": 796870562, "name": "", "kind": "drain", "length_m": 10}, "geometry": {"type": "LineString", "coordinates": [[77.6296425, 12.8945428], [77.6296617, 12.8946273]]}}, {"type": "Feature", "id": 337, "properties": {"id": 337, "osm_id": 796870563, "name": "", "kind": "drain", "length_m": 222}, "geometry": {"type": "LineString", "coordinates": [[77.6296617, 12.8946273], [77.629758, 12.8946968], [77.6301808, 12.8946508], [77.6306448, 12.8945396], [77.6307077, 12.8945895], [77.6307641, 12.8950911], [77.6307912, 12.8955063]]}}, {"type": "Feature", "id": 338, "properties": {"id": 338, "osm_id": 796870564, "name": "", "kind": "drain", "length_m": 28}, "geometry": {"type": "LineString", "coordinates": [[77.6295963, 12.8942896], [77.6296425, 12.8945428]]}}, {"type": "Feature", "id": 339, "properties": {"id": 339, "osm_id": 796870565, "name": "", "kind": "drain", "length_m": 11}, "geometry": {"type": "LineString", "coordinates": [[77.6295732, 12.8941896], [77.6295963, 12.8942896]]}}, {"type": "Feature", "id": 340, "properties": {"id": 340, "osm_id": 796870566, "name": "", "kind": "drain", "length_m": 13}, "geometry": {"type": "LineString", "coordinates": [[77.6297856, 12.8863973], [77.6297909, 12.886517]]}}, {"type": "Feature", "id": 341, "properties": {"id": 341, "osm_id": 796870567, "name": "", "kind": "drain", "length_m": 37}, "geometry": {"type": "LineString", "coordinates": [[77.6297909, 12.886517], [77.6297988, 12.8866977], [77.6296707, 12.8867846]]}}, {"type": "Feature", "id": 342, "properties": {"id": 342, "osm_id": 796870568, "name": "", "kind": "drain", "length_m": 10}, "geometry": {"type": "LineString", "coordinates": [[77.6295488, 12.8874819], [77.6294702, 12.8875201]]}}, {"type": "Feature", "id": 343, "properties": {"id": 343, "osm_id": 796870569, "name": "", "kind": "drain", "length_m": 226}, "geometry": {"type": "LineString", "coordinates": [[77.6294702, 12.8875201], [77.6293793, 12.8875651], [77.6286876, 12.8880574], [77.6286577, 12.8881797], [77.6286738, 12.8887062], [77.628679, 12.8888773], [77.6286018, 12.88915]]}}, {"type": "Feature", "id": 344, "properties": {"id": 344, "osm_id": 796870570, "name": "", "kind": "drain", "length_m": 8}, "geometry": {"type": "LineString", "coordinates": [[77.6296106, 12.8871031], [77.6296034, 12.887175]]}}, {"type": "Feature", "id": 345, "properties": {"id": 345, "osm_id": 796870571, "name": "", "kind": "drain", "length_m": 35}, "geometry": {"type": "LineString", "coordinates": [[77.6296034, 12.887175], [77.6295783, 12.8874249], [77.6295488, 12.8874819]]}}, {"type": "Feature", "id": 346, "properties": {"id": 346, "osm_id": 796870572, "name": "", "kind": "drain", "length_m": 13}, "geometry": {"type": "LineString", "coordinates": [[77.6296707, 12.8867846], [77.6296262, 12.8868896]]}}, {"type": "Feature", "id": 347, "properties": {"id": 347, "osm_id": 796870573, "name": "", "kind": "drain", "length_m": 24}, "geometry": {"type": "LineString", "coordinates": [[77.6296262, 12.8868896], [77.6296106, 12.8871031]]}}, {"type": "Feature", "id": 348, "properties": {"id": 348, "osm_id": 796870574, "name": "", "kind": "drain", "length_m": 47}, "geometry": {"type": "LineString", "coordinates": [[77.628679, 12.8902234], [77.6288877, 12.8904656], [77.6289536, 12.8905502]]}}, {"type": "Feature", "id": 349, "properties": {"id": 349, "osm_id": 796870575, "name": "", "kind": "drain", "length_m": 16}, "geometry": {"type": "LineString", "coordinates": [[77.6286348, 12.8900889], [77.628679, 12.8902234]]}}, {"type": "Feature", "id": 350, "properties": {"id": 350, "osm_id": 796870576, "name": "", "kind": "drain", "length_m": 270}, "geometry": {"type": "LineString", "coordinates": [[77.6289942, 12.8906058], [77.629048, 12.8906722], [77.6292909, 12.8908639], [77.6293548, 12.8910144], [77.6294798, 12.8917302], [77.6296714, 12.8919454], [77.6297991, 12.8920206], [77.6299428, 12.8920777], [77.6302115, 12.892591]]}}, {"type": "Feature", "id": 351, "properties": {"id": 351, "osm_id": 796870577, "name": "", "kind": "drain", "length_m": 8}, "geometry": {"type": "LineString", "coordinates": [[77.6289536, 12.8905502], [77.6289942, 12.8906058]]}}, {"type": "Feature", "id": 352, "properties": {"id": 352, "osm_id": 796870578, "name": "", "kind": "drain", "length_m": 14}, "geometry": {"type": "LineString", "coordinates": [[77.6286018, 12.88915], [77.6285766, 12.8892701]]}}, {"type": "Feature", "id": 353, "properties": {"id": 353, "osm_id": 796870579, "name": "", "kind": "drain", "length_m": 91}, "geometry": {"type": "LineString", "coordinates": [[77.6285766, 12.8892701], [77.6286348, 12.8900889]]}}, {"type": "Feature", "id": 354, "properties": {"id": 354, "osm_id": 796870580, "name": "", "kind": "drain", "length_m": 14}, "geometry": {"type": "LineString", "coordinates": [[77.6302115, 12.892591], [77.6302474, 12.8927096]]}}, {"type": "Feature", "id": 355, "properties": {"id": 355, "osm_id": 796870581, "name": "", "kind": "drain", "length_m": 236}, "geometry": {"type": "LineString", "coordinates": [[77.6302474, 12.8927096], [77.6303578, 12.8934237], [77.6303126, 12.8934937], [77.6295809, 12.8935871], [77.6295683, 12.8936907], [77.6295732, 12.8941896]]}}, {"type": "Feature", "id": 356, "properties": {"id": 356, "osm_id": 796944004, "name": "", "kind": "drain", "length_m": 9}, "geometry": {"type": "LineString", "coordinates": [[77.7687635, 12.9635838], [77.7688439, 12.9635669]]}}, {"type": "Feature", "id": 357, "properties": {"id": 357, "osm_id": 796944005, "name": "", "kind": "drain", "length_m": 35}, "geometry": {"type": "LineString", "coordinates": [[77.7684858, 12.9637498], [77.7685851, 12.9636753], [77.7687635, 12.9635838]]}}, {"type": "Feature", "id": 358, "properties": {"id": 358, "osm_id": 796944006, "name": "", "kind": "drain", "length_m": 4}, "geometry": {"type": "LineString", "coordinates": [[77.7632676, 12.967285], [77.7632699, 12.9672531]]}}, {"type": "Feature", "id": 359, "properties": {"id": 359, "osm_id": 796944007, "name": "", "kind": "drain", "length_m": 7}, "geometry": {"type": "LineString", "coordinates": [[77.7632703, 12.9673517], [77.7632676, 12.967285]]}}, {"type": "Feature", "id": 360, "properties": {"id": 360, "osm_id": 796944008, "name": "", "kind": "drain", "length_m": 100}, "geometry": {"type": "LineString", "coordinates": [[77.7696123, 12.9631355], [77.7702373, 12.9629487], [77.7704489, 12.9627926]]}}, {"type": "Feature", "id": 361, "properties": {"id": 361, "osm_id": 796944009, "name": "", "kind": "drain", "length_m": 8}, "geometry": {"type": "LineString", "coordinates": [[77.7695426, 12.963163], [77.7696123, 12.9631355]]}}, {"type": "Feature", "id": 362, "properties": {"id": 362, "osm_id": 796944010, "name": "", "kind": "drain", "length_m": 92}, "geometry": {"type": "LineString", "coordinates": [[77.7688439, 12.9635669], [77.7690518, 12.9635185], [77.7691483, 12.963346], [77.7695426, 12.963163]]}}, {"type": "Feature", "id": 363, "properties": {"id": 363, "osm_id": 796944011, "name": "", "kind": "drain", "length_m": 15}, "geometry": {"type": "LineString", "coordinates": [[77.7683812, 12.9638374], [77.7684858, 12.9637498]]}}, {"type": "Feature", "id": 364, "properties": {"id": 364, "osm_id": 796944012, "name": "", "kind": "drain", "length_m": 12}, "geometry": {"type": "LineString", "coordinates": [[77.7640682, 12.9671935], [77.7641273, 12.9671034]]}}, {"type": "Feature", "id": 365, "properties": {"id": 365, "osm_id": 796944013, "name": "", "kind": "drain", "length_m": 118}, "geometry": {"type": "LineString", "coordinates": [[77.7629952, 12.9672164], [77.7631509, 12.9672563], [77.7632699, 12.9672531], [77.7639341, 12.9672354], [77.7640682, 12.9671935]]}}, {"type": "Feature", "id": 366, "properties": {"id": 366, "osm_id": 796944014, "name": "", "kind": "drain", "length_m": 611}, "geometry": {"type": "LineString", "coordinates": [[77.7641273, 12.9671034], [77.7642345, 12.9664878], [77.7651197, 12.9658082], [77.7653718, 12.9655416], [77.7667183, 12.96493], [77.7677214, 12.9644072], [77.7683812, 12.9638374]]}}, {"type": "Feature", "id": 367, "properties": {"id": 367, "osm_id": 796944015, "name": "", "kind": "drain", "length_m": 13}, "geometry": {"type": "LineString", "coordinates": [[77.7628776, 12.9671976], [77.7629952, 12.9672164]]}}, {"type": "Feature", "id": 368, "properties": {"id": 368, "osm_id": 796944016, "name": "", "kind": "drain", "length_m": 12}, "geometry": {"type": "LineString", "coordinates": [[77.7627405, 12.9550469], [77.7627218, 12.955154]]}}, {"type": "Feature", "id": 369, "properties": {"id": 369, "osm_id": 796944017, "name": "", "kind": "drain", "length_m": 899}, "geometry": {"type": "LineString", "coordinates": [[77.7623999, 12.9471971], [77.7624965, 12.9476833], [77.7626413, 12.9483368], [77.7627271, 12.9485668], [77.7627218, 12.9492517], [77.7627915, 12.9496334], [77.7628934, 12.9498216], [77.7629846, 12.9503339], [77.7630705, 12.950611], [77.7626949, 12.9513377], [77.7625233, 12.951667], [77.7626306, 12.952676], [77.7626091, 12.9533452], [77.7627325, 12.9538], [77.7628666, 12.9545162], [77.7627405, 12.9550469]]}}, {"type": "Feature", "id": 370, "properties": {"id": 370, "osm_id": 796944018, "name": "", "kind": "drain", "length_m": 58}, "geometry": {"type": "LineString", "coordinates": [[77.7622202, 12.9550233], [77.762711, 12.9552272]]}}, {"type": "Feature", "id": 371, "properties": {"id": 371, "osm_id": 796944019, "name": "", "kind": "drain", "length_m": 15}, "geometry": {"type": "LineString", "coordinates": [[77.7620941, 12.9549763], [77.7622202, 12.9550233]]}}, {"type": "Feature", "id": 372, "properties": {"id": 372, "osm_id": 796944020, "name": "", "kind": "drain", "length_m": 98}, "geometry": {"type": "LineString", "coordinates": [[77.7695051, 12.9677895], [77.7698886, 12.9675229], [77.7699664, 12.9674079], [77.7699584, 12.9671726], [77.7699986, 12.9671452]]}}, {"type": "Feature", "id": 373, "properties": {"id": 373, "osm_id": 796944021, "name": "", "kind": "drain", "length_m": 11}, "geometry": {"type": "LineString", "coordinates": [[77.7694273, 12.9678509], [77.7695051, 12.9677895]]}}, {"type": "Feature", "id": 374, "properties": {"id": 374, "osm_id": 796944022, "name": "", "kind": "drain", "length_m": 407}, "geometry": {"type": "LineString", "coordinates": [[77.7700455, 12.9671125], [77.7706397, 12.9667387], [77.7713719, 12.9661846], [77.7719539, 12.9659023], [77.7734187, 12.9658933]]}}, {"type": "Feature", "id": 375, "properties": {"id": 375, "osm_id": 796944023, "name": "", "kind": "drain", "length_m": 6}, "geometry": {"type": "LineString", "coordinates": [[77.7699986, 12.9671452], [77.7700455, 12.9671125]]}}, {"type": "Feature", "id": 376, "properties": {"id": 376, "osm_id": 797252892, "name": "", "kind": "drain", "length_m": 665}, "geometry": {"type": "LineString", "coordinates": [[77.6343747, 12.8689077], [77.6341878, 12.8688587], [77.6339167, 12.8687015], [77.6338094, 12.868555], [77.6336271, 12.86844], [77.6333338, 12.8683894], [77.633045, 12.8684583], [77.6324885, 12.8684463], [77.6319998, 12.8683203], [77.6316806, 12.8683073], [77.6315303, 12.8683741], [77.6314184, 12.8684695], [77.6316762, 12.8695972], [77.6315442, 12.8697307], [77.6312728, 12.8701069], [77.6311184, 12.8705195], [77.6308769, 12.8708399], [77.6307135, 12.871003]]}}, {"type": "Feature", "id": 377, "properties": {"id": 377, "osm_id": 797817901, "name": "", "kind": "drain", "length_m": 15}, "geometry": {"type": "LineString", "coordinates": [[77.6898679, 12.9916863], [77.6898414, 12.9915509]]}}, {"type": "Feature", "id": 378, "properties": {"id": 378, "osm_id": 797817902, "name": "", "kind": "drain", "length_m": 169}, "geometry": {"type": "LineString", "coordinates": [[77.6898414, 12.9915509], [77.6899693, 12.9914367], [77.6900218, 12.9913531], [77.6900353, 12.9912407], [77.6900419, 12.9910826], [77.689902, 12.9907013], [77.6904236, 12.9904309]]}}, {"type": "Feature", "id": 379, "properties": {"id": 379, "osm_id": 797817903, "name": "", "kind": "drain", "length_m": 266}, "geometry": {"type": "LineString", "coordinates": [[77.6905041, 12.9904037], [77.6906522, 12.9903528], [77.6910237, 12.9902803], [77.690809, 12.9897888], [77.6908332, 12.9897536], [77.6913402, 12.9894622], [77.6913482, 12.9894321], [77.6913268, 12.9893655], [77.6912422, 12.9892348], [77.6915929, 12.9889133]]}}, {"type": "Feature", "id": 380, "properties": {"id": 380, "osm_id": 797817904, "name": "", "kind": "drain", "length_m": 9}, "geometry": {"type": "LineString", "coordinates": [[77.6904236, 12.9904309], [77.6905041, 12.9904037]]}}, {"type": "Feature", "id": 381, "properties": {"id": 381, "osm_id": 797817905, "name": "", "kind": "drain", "length_m": 12}, "geometry": {"type": "LineString", "coordinates": [[77.6915929, 12.9889133], [77.6916816, 12.9888453]]}}, {"type": "Feature", "id": 382, "properties": {"id": 382, "osm_id": 797817906, "name": "", "kind": "drain", "length_m": 253}, "geometry": {"type": "LineString", "coordinates": [[77.6916816, 12.9888453], [77.6917559, 12.9886834], [77.6910853, 12.9871675], [77.691026, 12.986714]]}}, {"type": "Feature", "id": 383, "properties": {"id": 383, "osm_id": 797890879, "name": "", "kind": "drain", "length_m": 581}, "geometry": {"type": "LineString", "coordinates": [[77.6899857, 12.9835526], [77.6900822, 12.9835188], [77.6903371, 12.9830615], [77.6902672, 12.9825204], [77.6901184, 12.9821245], [77.6900111, 12.9815155], [77.6899132, 12.9810646], [77.6899467, 12.9806125], [77.6898971, 12.9802936], [77.6895565, 12.980061], [77.6888218, 12.9788612]]}}, {"type": "Feature", "id": 384, "properties": {"id": 384, "osm_id": 797942017, "name": "", "kind": "drain", "length_m": 621}, "geometry": {"type": "LineString", "coordinates": [[77.6967005, 12.9755876], [77.6965297, 12.9759357], [77.696107, 12.9760168], [77.6961364, 12.9762842], [77.6959968, 12.9764117], [77.6951795, 12.9763861], [77.6945412, 12.9763228], [77.694132, 12.9763036], [77.6940132, 12.9762941], [77.6939503, 12.9762841], [77.6933448, 12.9761629], [77.6932111, 12.9759855], [77.6930547, 12.9759079], [77.6922704, 12.9757813], [77.6917344, 12.9755981]]}}, {"type": "Feature", "id": 385, "properties": {"id": 385, "osm_id": 797942719, "name": "", "kind": "drain", "length_m": 38}, "geometry": {"type": "LineString", "coordinates": [[77.6983818, 12.9745645], [77.6981065, 12.974782]]}}, {"type": "Feature", "id": 386, "properties": {"id": 386, "osm_id": 797942720, "name": "", "kind": "drain", "length_m": 11}, "geometry": {"type": "LineString", "coordinates": [[77.6984616, 12.9745047], [77.6983818, 12.9745645]]}}, {"type": "Feature", "id": 387, "properties": {"id": 387, "osm_id": 798390630, "name": "", "kind": "drain", "length_m": 36}, "geometry": {"type": "LineString", "coordinates": [[77.6121455, 12.8864978], [77.6121239, 12.8868191]]}}, {"type": "Feature", "id": 388, "properties": {"id": 388, "osm_id": 798390631, "name": "", "kind": "drain", "length_m": 12}, "geometry": {"type": "LineString", "coordinates": [[77.6121526, 12.8863916], [77.6121455, 12.8864978]]}}, {"type": "Feature", "id": 389, "properties": {"id": 389, "osm_id": 798390632, "name": "", "kind": "drain", "length_m": 64}, "geometry": {"type": "LineString", "coordinates": [[77.6121912, 12.8858175], [77.6121526, 12.8863916]]}}, {"type": "Feature", "id": 390, "properties": {"id": 390, "osm_id": 798390633, "name": "", "kind": "drain", "length_m": 10}, "geometry": {"type": "LineString", "coordinates": [[77.612197, 12.8857311], [77.6121912, 12.8858175]]}}, {"type": "Feature", "id": 391, "properties": {"id": 391, "osm_id": 799366212, "name": "", "kind": "drain", "length_m": 27}, "geometry": {"type": "LineString", "coordinates": [[77.6684049, 12.9902912], [77.668294, 12.9900747]]}}, {"type": "Feature", "id": 392, "properties": {"id": 392, "osm_id": 799366213, "name": "", "kind": "drain", "length_m": 13}, "geometry": {"type": "LineString", "coordinates": [[77.668294, 12.9900747], [77.6682417, 12.9899726]]}}, {"type": "Feature", "id": 393, "properties": {"id": 393, "osm_id": 799422490, "name": "", "kind": "drain", "length_m": 1345}, "geometry": {"type": "LineString", "coordinates": [[77.6887017, 12.9675222], [77.688696, 12.9671924], [77.6887044, 12.9669531], [77.6887062, 12.9665177], [77.6887791, 12.9652605], [77.6889491, 12.963697], [77.6891511, 12.9613416], [77.6891364, 12.9611796], [77.6890393, 12.960917], [77.6889427, 12.9606661], [77.688822, 12.9601569], [77.6888461, 12.9586168], [77.6889964, 12.9574458], [77.6895972, 12.9556892], [77.6896438, 12.9555494]]}}, {"type": "Feature", "id": 394, "properties": {"id": 394, "osm_id": 799422491, "name": "", "kind": "drain", "length_m": 430}, "geometry": {"type": "LineString", "coordinates": [[77.6897317, 12.955308], [77.6897661, 12.9552014], [77.6899271, 12.9550446], [77.690329, 12.9547133], [77.6904692, 12.954565], [77.6906701, 12.9542986], [77.6908417, 12.9541104], [77.6909571, 12.9539902], [77.6910241, 12.953368], [77.6910442, 12.9532138], [77.6910174, 12.9531472], [77.690978, 12.9526447], [77.6909164, 12.9522604], [77.6908739, 12.9519251]]}}, {"type": "Feature", "id": 395, "properties": {"id": 395, "osm_id": 799422492, "name": "", "kind": "drain", "length_m": 28}, "geometry": {"type": "LineString", "coordinates": [[77.6896438, 12.9555494], [77.6897317, 12.955308]]}}, {"type": "Feature", "id": 396, "properties": {"id": 396, "osm_id": 799422493, "name": "", "kind": "drain", "length_m": 354}, "geometry": {"type": "LineString", "coordinates": [[77.692472, 12.9470388], [77.692726, 12.9467475], [77.6930711, 12.9464689], [77.6932739, 12.9463651], [77.6939377, 12.9462207], [77.6945168, 12.9460927], [77.6954319, 12.9459711]]}}, {"type": "Feature", "id": 397, "properties": {"id": 397, "osm_id": 799422494, "name": "", "kind": "drain", "length_m": 308}, "geometry": {"type": "LineString", "coordinates": [[77.6926749, 12.949808], [77.6926133, 12.9494694], [77.6925519, 12.9487245], [77.6924729, 12.9479439], [77.6924376, 12.9474745], [77.6924376, 12.947234], [77.692472, 12.9470388]]}}, {"type": "Feature", "id": 398, "properties": {"id": 398, "osm_id": 799422495, "name": "", "kind": "drain", "length_m": 341}, "geometry": {"type": "LineString", "coordinates": [[77.6907997, 12.9519977], [77.6908739, 12.9519251], [77.6909275, 12.9517055], [77.690957, 12.9513955], [77.6909859, 12.9511937], [77.6909966, 12.951089], [77.6912176, 12.9508339], [77.6916331, 12.9506818], [77.6920836, 12.9502977], [77.6923044, 12.9501846], [77.692453, 12.9500621], [77.6926116, 12.9499404], [77.6926749, 12.949808]]}}, {"type": "Feature", "id": 399, "properties": {"id": 399, "osm_id": 799422496, "name": "", "kind": "drain", "length_m": 186}, "geometry": {"type": "LineString", "coordinates": [[77.6780167, 12.9665032], [77.6781684, 12.9665375], [77.6781395, 12.966687], [77.6781869, 12.9672702], [77.6789941, 12.9672455]]}}, {"type": "Feature", "id": 400, "properties": {"id": 400, "osm_id": 799422497, "name": "", "kind": "drain", "length_m": 470}, "geometry": {"type": "LineString", "coordinates": [[77.6789941, 12.9672455], [77.6790654, 12.9674654], [77.680503, 12.9671742], [77.6813828, 12.9669023], [77.6819192, 12.9667533], [77.6828134, 12.9664932], [77.6829766, 12.9665203], [77.6830192, 12.9665404]]}}, {"type": "Feature", "id": 401, "properties": {"id": 401, "osm_id": 799422499, "name": "", "kind": "drain", "length_m": 14}, "geometry": {"type": "LineString", "coordinates": [[77.6694265, 12.9862605], [77.6694426, 12.9861325]]}}, {"type": "Feature", "id": 402, "properties": {"id": 402, "osm_id": 799422500, "name": "", "kind": "drain", "length_m": 478}, "geometry": {"type": "LineString", "coordinates": [[77.6682417, 12.9899726], [77.6688683, 12.9896179], [77.6694131, 12.9886572], [77.6695928, 12.9884978], [77.6696164, 12.9876315], [77.669617, 12.987225], [77.6695829, 12.9866161], [77.6694265, 12.9862605]]}}, {"type": "Feature", "id": 403, "properties": {"id": 403, "osm_id": 799452935, "name": "", "kind": "drain", "length_m": 30}, "geometry": {"type": "LineString", "coordinates": [[77.6822502, 12.9692614], [77.6823923, 12.9694571], [77.6824022, 12.9694877]]}}, {"type": "Feature", "id": 404, "properties": {"id": 404, "osm_id": 799452936, "name": "", "kind": "drain", "length_m": 526}, "geometry": {"type": "LineString", "coordinates": [[77.6740606, 12.9674497], [77.6741333, 12.9672809], [77.6742343, 12.9672168], [77.6743093, 12.9671821], [77.6744047, 12.9670576], [77.6746058, 12.9669282], [77.6751531, 12.9668993], [77.6754481, 12.9668159], [77.6767053, 12.9666967], [77.6769528, 12.9663829], [77.677197, 12.9662273], [77.6780319, 12.9661134], [77.6780167, 12.9665032]]}}, {"type": "Feature", "id": 405, "properties": {"id": 405, "osm_id": 799458435, "name": "", "kind": "drain", "length_m": 15}, "geometry": {"type": "LineString", "coordinates": [[77.6905263, 12.9713865], [77.6904696, 12.9712669]]}}, {"type": "Feature", "id": 406, "properties": {"id": 406, "osm_id": 815469111, "name": "K200", "kind": "drain", "length_m": 384}, "geometry": {"type": "LineString", "coordinates": [[77.6412178, 12.9260364], [77.6414502, 12.9261257], [77.641734, 12.9275154], [77.6418084, 12.927884], [77.6419161, 12.9281001], [77.6420438, 12.9284696], [77.6421779, 12.9288721], [77.6422629, 12.9292427]]}}, {"type": "Feature", "id": 407, "properties": {"id": 407, "osm_id": 871572935, "name": "", "kind": "drain", "length_m": 155}, "geometry": {"type": "LineString", "coordinates": [[77.6841521, 12.9765336], [77.6838795, 12.9761039], [77.6842672, 12.9758542], [77.684298, 12.9758007], [77.6843838, 12.9755105], [77.684416, 12.9754452]]}}, {"type": "Feature", "id": 408, "properties": {"id": 408, "osm_id": 871572936, "name": "", "kind": "drain", "length_m": 972}, "geometry": {"type": "LineString", "coordinates": [[77.6756118, 12.9789002], [77.6774128, 12.9783347], [77.6778392, 12.9781726], [77.6787708, 12.9780331], [77.6791662, 12.9779578], [77.6800945, 12.9778321], [77.6813362, 12.9776367], [77.6820731, 12.9775325], [77.6826538, 12.9772885], [77.6831333, 12.977004], [77.6834443, 12.9768815], [77.6839768, 12.97663], [77.6841521, 12.9765336]]}}, {"type": "Feature", "id": 409, "properties": {"id": 409, "osm_id": 886485939, "name": "K204", "kind": "drain", "length_m": 86}, "geometry": {"type": "LineString", "coordinates": [[77.6166299, 12.9153981], [77.6167486, 12.9155783], [77.6170646, 12.9160494]]}}, {"type": "Feature", "id": 410, "properties": {"id": 410, "osm_id": 914039372, "name": "", "kind": "drain", "length_m": 6}, "geometry": {"type": "LineString", "coordinates": [[77.6726287, 12.9111814], [77.6725965, 12.9112253]]}}, {"type": "Feature", "id": 411, "properties": {"id": 411, "osm_id": 914039373, "name": "", "kind": "drain", "length_m": 7}, "geometry": {"type": "LineString", "coordinates": [[77.6725965, 12.9112253], [77.6725593, 12.9112759]]}}, {"type": "Feature", "id": 412, "properties": {"id": 412, "osm_id": 914039374, "name": "", "kind": "drain", "length_m": 3}, "geometry": {"type": "LineString", "coordinates": [[77.6726438, 12.9111609], [77.6726287, 12.9111814]]}}, {"type": "Feature", "id": 413, "properties": {"id": 413, "osm_id": 1033968690, "name": "", "kind": "drain", "length_m": 2653}, "geometry": {"type": "LineString", "coordinates": [[77.6422629, 12.9292427], [77.6423711, 12.9291832], [77.6428775, 12.9289981], [77.642929, 12.9289793], [77.6431843, 12.9286898], [77.6433849, 12.9285794], [77.6441243, 12.9286153], [77.6445215, 12.9284834], [77.6446053, 12.9284879], [77.6448548, 12.9286421], [77.6452383, 12.9291702], [77.6453766, 12.9291979], [77.6465285, 12.928433], [77.6466572, 12.928433], [77.6469469, 12.9284643], [77.6477462, 12.9281454], [77.6481646, 12.9278265], [77.6487496, 12.9277371], [77.6495194, 12.9278074], [77.6498706, 12.9278149], [77.6502256, 12.9277389], [77.6505546, 12.9277214], [77.6509166, 12.9277428], [77.6510453, 12.9278683], [77.6514691, 12.9283232], [77.6515174, 12.9284696], [77.6515013, 12.9286735], [77.6515054, 12.9288474], [77.6516205, 12.9290286], [77.651791, 12.9291561], [77.65266, 12.92951], [77.6529497, 12.9295466], [77.6534647, 12.9293636], [77.6537329, 12.9293584], [77.6542506, 12.9293919], [77.6544462, 12.92931], [77.6545429, 12.9292695], [77.6548334, 12.9289851], [77.6549057, 12.9289517], [77.6549963, 12.9289424], [77.6553928, 12.9290088], [77.655766, 12.9291022], [77.6558948, 12.9292172], [77.656048, 12.9293453], [77.656281, 12.9293323], [77.6570045, 12.9293278], [77.6576384, 12.9293531], [77.6581355, 12.929445], [77.658339, 12.9295058], [77.6589739, 12.9294891], [77.660041, 12.9296993], [77.6602746, 12.9297761], [77.6604337, 12.9298532], [77.6606646, 12.9299753], [77.6607978, 12.9299335], [77.6611626, 12.9296146], [77.6614737, 12.9294525], [77.6623052, 12.9291649], [77.6626993, 12.9289549], [77.6629543, 12.9287205], [77.6633567, 12.928412], [77.6636485, 12.9280488]]}}, {"type": "Feature", "id": 414, "properties": {"id": 414, "osm_id": 1033968692, "name": "", "kind": "stream", "length_m": 2058}, "geometry": {"type": "LineString", "coordinates": [[77.7469943, 12.9547187], [77.7469907, 12.9547095], [77.7469723, 12.9546388], [77.7471102, 12.9544956], [77.7473207, 12.9543288], [77.7477524, 12.9538784], [77.7479803, 12.9536354], [77.7481744, 12.9534314], [77.7482288, 12.9530323], [77.7482974, 12.952603], [77.7483434, 12.9524047], [77.7483516, 12.9523694], [77.7484305, 12.9522941], [77.7485317, 12.9522714], [77.7486369, 12.9523048], [77.7487745, 12.9523275], [77.7490682, 12.9523795], [77.7494783, 12.9524614], [77.7498731, 12.9526036], [77.7504825, 12.9527876], [77.751109, 12.9530637], [77.7511777, 12.9532059], [77.751564, 12.9535154], [77.7520446, 12.9537328], [77.752139, 12.9539419], [77.752345, 12.9542933], [77.7526454, 12.9545024], [77.7526883, 12.9549875], [77.7528177, 12.955128], [77.7530635, 12.9553497], [77.7532138, 12.9553886], [77.7537444, 12.9555145], [77.7541236, 12.955582], [77.7541365, 12.9556506], [77.7540872, 12.9559435], [77.7541671, 12.9560454], [77.7542563, 12.9560763], [77.7547462, 12.9561841], [77.7550652, 12.9563704], [77.7557057, 12.9564345], [77.7561578, 12.9563534], [77.7563342, 12.9563602], [77.7564171, 12.9563615], [77.7566144, 12.9563345], [77.7573071, 12.9565313], [77.7574985, 12.9565668], [77.7582216, 12.9564661], [77.7585057, 12.9564867], [77.7587476, 12.9565451], [77.7594426, 12.9568425], [77.7594978, 12.9573665], [77.7596539, 12.9574706], [77.7596574, 12.9575301], [77.7596257, 12.9577864], [77.7595799, 12.957839], [77.7595389, 12.9578413], [77.7594849, 12.9578242], [77.7593193, 12.9578402], [77.7592454, 12.957847], [77.7591972, 12.9578207], [77.7590049, 12.9576718], [77.7588636, 12.9576532], [77.7588134, 12.9576737], [77.7587643, 12.9578095], [77.7586831, 12.9579775], [77.7585819, 12.9581006], [77.7585237, 12.9582194], [77.7583523, 12.9584001]]}}, {"type": "Feature", "id": 415, "properties": {"id": 415, "osm_id": 1083590194, "name": "K103", "kind": "drain", "length_m": 200}, "geometry": {"type": "LineString", "coordinates": [[77.6176783, 12.9535749], [77.6177097, 12.9531929], [77.6177792, 12.9528812], [77.6179059, 12.9527254], [77.6186462, 12.952179]]}}, {"type": "Feature", "id": 416, "properties": {"id": 416, "osm_id": 1083590195, "name": "K103", "kind": "drain", "length_m": 143}, "geometry": {"type": "LineString", "coordinates": [[77.6175723, 12.9548669], [77.6176783, 12.9535749]]}}, {"type": "Feature", "id": 417, "properties": {"id": 417, "osm_id": 1087678573, "name": "", "kind": "stream", "length_m": 121}, "geometry": {"type": "LineString", "coordinates": [[77.7448475, 12.9564508], [77.745122, 12.9565498], [77.7454603, 12.9566953], [77.7455655, 12.9567657], [77.7456087, 12.9568031], [77.7456609, 12.9568311], [77.7458319, 12.9569541]]}}, {"type": "Feature", "id": 418, "properties": {"id": 418, "osm_id": 1089439870, "name": "", "kind": "ditch", "length_m": 43}, "geometry": {"type": "LineString", "coordinates": [[77.6998456, 12.875015], [77.7002396, 12.875014]]}}, {"type": "Feature", "id": 419, "properties": {"id": 419, "osm_id": 1089439871, "name": "", "kind": "ditch", "length_m": 122}, "geometry": {"type": "LineString", "coordinates": [[77.6987323, 12.8748463], [77.6998456, 12.875015]]}}, {"type": "Feature", "id": 420, "properties": {"id": 420, "osm_id": 1089439882, "name": "", "kind": "ditch", "length_m": 20}, "geometry": {"type": "LineString", "coordinates": [[77.7012844, 12.8745782], [77.7014574, 12.8745151]]}}, {"type": "Feature", "id": 421, "properties": {"id": 421, "osm_id": 1089439883, "name": "", "kind": "ditch", "length_m": 129}, "geometry": {"type": "LineString", "coordinates": [[77.7002396, 12.875014], [77.7006559, 12.8749638], [77.7007078, 12.8749535], [77.7007775, 12.8749299], [77.7008419, 12.8748685], [77.700913, 12.8747652], [77.7009934, 12.8746907], [77.7012844, 12.8745782]]}}, {"type": "Feature", "id": 422, "properties": {"id": 422, "osm_id": 1089439884, "name": "", "kind": "ditch", "length_m": 18}, "geometry": {"type": "LineString", "coordinates": [[77.6985701, 12.8748263], [77.6987323, 12.8748463]]}}, {"type": "Feature", "id": 423, "properties": {"id": 423, "osm_id": 1089439885, "name": "", "kind": "ditch", "length_m": 115}, "geometry": {"type": "LineString", "coordinates": [[77.6975237, 12.8749738], [77.6985701, 12.8748263]]}}, {"type": "Feature", "id": 424, "properties": {"id": 424, "osm_id": 1089439886, "name": "", "kind": "ditch", "length_m": 14}, "geometry": {"type": "LineString", "coordinates": [[77.6973953, 12.8749932], [77.6975237, 12.8749738]]}}, {"type": "Feature", "id": 425, "properties": {"id": 425, "osm_id": 1089439887, "name": "", "kind": "ditch", "length_m": 113}, "geometry": {"type": "LineString", "coordinates": [[77.6964739, 12.8754424], [77.6971801, 12.8750258], [77.6973953, 12.8749932]]}}, {"type": "Feature", "id": 426, "properties": {"id": 426, "osm_id": 1089439888, "name": "", "kind": "ditch", "length_m": 57}, "geometry": {"type": "LineString", "coordinates": [[77.696198, 12.8758822], [77.6964739, 12.8754424]]}}, {"type": "Feature", "id": 427, "properties": {"id": 427, "osm_id": 1089439889, "name": "", "kind": "ditch", "length_m": 148}, "geometry": {"type": "LineString", "coordinates": [[77.6957409, 12.876886], [77.6958478, 12.8767942], [77.6959309, 12.8767228], [77.6963579, 12.8764568], [77.696198, 12.8758822]]}}, {"type": "Feature", "id": 428, "properties": {"id": 428, "osm_id": 1092251263, "name": "C200", "kind": "drain", "length_m": 242}, "geometry": {"type": "LineString", "coordinates": [[77.6115096, 13.0007152], [77.6115411, 13.0007029], [77.6120004, 13.0005775], [77.6122248, 13.000455], [77.6126213, 13.0000411], [77.6127011, 12.9999579], [77.6127834, 12.9996041], [77.6130894, 12.9993625]]}}, {"type": "Feature", "id": 429, "properties": {"id": 429, "osm_id": 1092251264, "name": "C200", "kind": "drain", "length_m": 11}, "geometry": {"type": "LineString", "coordinates": [[77.6130894, 12.9993625], [77.6131705, 12.9992984]]}}, {"type": "Feature", "id": 430, "properties": {"id": 430, "osm_id": 1092251265, "name": "C200", "kind": "drain", "length_m": 424}, "geometry": {"type": "LineString", "coordinates": [[77.6131705, 12.9992984], [77.6132944, 12.9992006], [77.6148164, 12.9981246], [77.6152412, 12.9979176], [77.615496, 12.99789], [77.6156509, 12.9979366], [77.6161766, 12.9982058], [77.6163858, 12.9982633], [77.6164971, 12.9982593], [77.616553, 12.9982434]]}}, {"type": "Feature", "id": 431, "properties": {"id": 431, "osm_id": 1092251268, "name": "C200", "kind": "drain", "length_m": 11}, "geometry": {"type": "LineString", "coordinates": [[77.616553, 12.9982434], [77.6166507, 12.9982157]]}}, {"type": "Feature", "id": 432, "properties": {"id": 432, "osm_id": 1092668726, "name": "K103", "kind": "drain", "length_m": 166}, "geometry": {"type": "LineString", "coordinates": [[77.6138516, 12.9664648], [77.6143021, 12.9650276]]}}, {"type": "Feature", "id": 433, "properties": {"id": 433, "osm_id": 1092674470, "name": "K103", "kind": "drain", "length_m": 1166}, "geometry": {"type": "LineString", "coordinates": [[77.6042046, 12.9757824], [77.6041161, 12.9752309], [77.6040678, 12.9748813], [77.6040705, 12.9741338], [77.6041556, 12.9739756], [77.6044165, 12.9737829], [77.6044111, 12.9732379], [77.6056556, 12.9724524], [77.6060593, 12.9719434], [77.6069978, 12.9714937], [77.6074396, 12.9713483], [77.6080244, 12.9711245], [77.6090214, 12.9708008], [77.6100068, 12.9705143], [77.6114666, 12.9698072]]}}, {"type": "Feature", "id": 434, "properties": {"id": 434, "osm_id": 1092680590, "name": "", "kind": "drain", "length_m": 391}, "geometry": {"type": "LineString", "coordinates": [[77.7214801, 12.9378387], [77.7216116, 12.938257], [77.7216035, 12.9390726], [77.7213997, 12.9392373], [77.720945, 12.9394059], [77.7208756, 12.9394918], [77.7208062, 12.9395777], [77.7205873, 12.9396617], [77.720359, 12.9400451], [77.7202945, 12.9406885]]}}, {"type": "Feature", "id": 435, "properties": {"id": 435, "osm_id": 1092680599, "name": "", "kind": "drain", "length_m": 166}, "geometry": {"type": "LineString", "coordinates": [[77.6924522, 12.9371014], [77.6924485, 12.9372639], [77.6924144, 12.937546], [77.6923728, 12.937742], [77.6922414, 12.9381916], [77.6918833, 12.938355]]}}, {"type": "Feature", "id": 436, "properties": {"id": 436, "osm_id": 1092680600, "name": "", "kind": "drain", "length_m": 863}, "geometry": {"type": "LineString", "coordinates": [[77.7285155, 12.8845456], [77.7285558, 12.8849391], [77.7284914, 12.8852424], [77.7283412, 12.8854045], [77.7265334, 12.8859379], [77.7257019, 12.8863667], [77.7256107, 12.8863667], [77.7249455, 12.8868007], [77.7237117, 12.8871825], [77.7231967, 12.8872661], [77.7220702, 12.8876113], [77.7218392, 12.8877903]]}}, {"type": "Feature", "id": 437, "properties": {"id": 437, "osm_id": 1092680605, "name": "", "kind": "drain", "length_m": 808}, "geometry": {"type": "LineString", "coordinates": [[77.7419615, 12.9074713], [77.7395689, 12.908172], [77.7391076, 12.9085694], [77.7392417, 12.9091079], [77.7393061, 12.9101066], [77.7395421, 12.9106243], [77.7395475, 12.9109851], [77.7396601, 12.9113406], [77.7397567, 12.9122086], [77.7398425, 12.9124753], [77.739833, 12.9127162]]}}, {"type": "Feature", "id": 438, "properties": {"id": 438, "osm_id": 1092680607, "name": "", "kind": "drain", "length_m": 1329}, "geometry": {"type": "LineString", "coordinates": [[77.7437331, 12.8979507], [77.7437274, 12.8979721], [77.743727, 12.8979943], [77.7437317, 12.898016], [77.7437428, 12.8980382], [77.7437592, 12.8980569], [77.74378, 12.8980709], [77.7438457, 12.898118], [77.7438574, 12.8981502], [77.743875, 12.8981798], [77.743898, 12.8982056], [77.7439287, 12.8982286], [77.7439637, 12.898245], [77.7440013, 12.8982539], [77.744122, 12.8984252], [77.7442695, 12.8985102], [77.7444305, 12.898684], [77.744527, 12.8987219], [77.7447081, 12.8989193], [77.7447993, 12.8989612], [77.7449012, 12.8990775], [77.7450554, 12.8991716], [77.7452914, 12.8991795], [77.7455905, 12.8996383], [77.7447082, 12.9007194], [77.7448797, 12.9013325], [77.7446812, 12.9019443], [77.7443674, 12.9024934], [77.7444667, 12.9035182], [77.7443969, 12.9036333], [77.7439678, 12.9037849], [77.7438176, 12.9039836], [77.7437371, 12.904266], [77.7428734, 12.904815], [77.7427179, 12.905317], [77.7427232, 12.9057562], [77.7428144, 12.906117], [77.7419615, 12.9074713]]}}, {"type": "Feature", "id": 439, "properties": {"id": 439, "osm_id": 1092680609, "name": "MD385", "kind": "drain", "length_m": 334}, "geometry": {"type": "LineString", "coordinates": [[77.7392042, 12.9207243], [77.7391613, 12.9213692], [77.7393141, 12.9218738], [77.739349, 12.922232], [77.7392283, 12.922913], [77.7390459, 12.9230921], [77.7388957, 12.9232698], [77.7388179, 12.9234215], [77.7387683, 12.9235535]]}}, {"type": "Feature", "id": 440, "properties": {"id": 440, "osm_id": 1092680610, "name": "", "kind": "drain", "length_m": 891}, "geometry": {"type": "LineString", "coordinates": [[77.7444023, 12.9293048], [77.7440871, 12.9291715], [77.7437693, 12.928846], [77.7436084, 12.928697], [77.7432328, 12.9285192], [77.7425945, 12.9281911], [77.7421224, 12.9279036], [77.7417911, 12.9277886], [77.7412775, 12.9276827], [77.7407256, 12.9273434], [77.7406311, 12.9272696], [77.7401483, 12.9265193], [77.7397701, 12.9263808], [77.7393839, 12.9266997], [77.7384075, 12.9269429], [77.7382022, 12.9267789], [77.7376055, 12.9263337]]}}, {"type": "Feature", "id": 441, "properties": {"id": 441, "osm_id": 1092680611, "name": "MD382", "kind": "drain", "length_m": 1664}, "geometry": {"type": "LineString", "coordinates": [[77.7227606, 12.9205737], [77.7232343, 12.9213562], [77.7241999, 12.9218947], [77.7249911, 12.9221431], [77.7256268, 12.9226607], [77.7260265, 12.9235992], [77.7269116, 12.9244828], [77.7273273, 12.9249482], [77.7278396, 12.9252697], [77.7283788, 12.9261534], [77.7285087, 12.926287], [77.7285921, 12.9267089], [77.7288093, 12.9273062], [77.7298754, 12.9279284], [77.7302444, 12.9287739], [77.7303958, 12.9290185], [77.7304937, 12.9291113], [77.730554, 12.9291728], [77.7306519, 12.9292329], [77.7307069, 12.9293414], [77.7307887, 12.9293871], [77.7308719, 12.929412], [77.730955, 12.9294865], [77.7309631, 12.9295218], [77.7310207, 12.9295884], [77.7310851, 12.9295832], [77.7311777, 12.9295976], [77.7312434, 12.9296734], [77.7313269, 12.9297327], [77.7318053, 12.9297388], [77.7321352, 12.929642], [77.732276, 12.9296799], [77.7324289, 12.9296512], [77.7325858, 12.9299244], [77.7328406, 12.9299806], [77.7331782, 12.9298865]]}}, {"type": "Feature", "id": 442, "properties": {"id": 442, "osm_id": 1092683240, "name": "", "kind": "drain", "length_m": 493}, "geometry": {"type": "LineString", "coordinates": [[77.7094048, 12.9364977], [77.7094263, 12.9365657], [77.7094316, 12.9365996], [77.7094477, 12.9366415], [77.7095523, 12.9368558], [77.7096301, 12.9370362], [77.7096355, 12.9371198], [77.7096677, 12.9371225], [77.7097025, 12.9371329], [77.7098018, 12.9371826], [77.7098286, 12.9372009], [77.7098528, 12.9372244], [77.7098876, 12.9372845], [77.7098957, 12.9373185], [77.7099118, 12.9374309], [77.7099439, 12.9375329], [77.7099815, 12.9376087], [77.7100351, 12.9377342], [77.7100646, 12.9377943], [77.7100834, 12.937823], [77.7100942, 12.9378544], [77.7101129, 12.9378832], [77.7101397, 12.9379459], [77.7101397, 12.9379799], [77.7101585, 12.9380897], [77.7101827, 12.9381733], [77.7102604, 12.9383616], [77.7103087, 12.9384452], [77.7103543, 12.9385158], [77.7103785, 12.9385419], [77.710408, 12.9385628], [77.710534, 12.9386073], [77.7106252, 12.9386282], [77.7107137, 12.9386439], [77.7110329, 12.9385942], [77.7111483, 12.9385315], [77.7112421, 12.938487], [77.7112904, 12.9384687], [77.7113306, 12.9384452], [77.7114379, 12.9384008], [77.7114916, 12.9383851], [77.7116284, 12.9383354], [77.7124266, 12.9381241]]}}, {"type": "Feature", "id": 443, "properties": {"id": 443, "osm_id": 1092941896, "name": "", "kind": "drain", "length_m": 1008}, "geometry": {"type": "LineString", "coordinates": [[77.75977, 12.9880515], [77.759867, 12.9880196], [77.7606352, 12.9880532], [77.7611683, 12.988054], [77.7615964, 12.9880231], [77.7618879, 12.987978], [77.7624446, 12.9878937], [77.7626561, 12.9878431], [77.7628057, 12.9876956], [77.7631622, 12.9873574], [77.7638131, 12.9869756], [77.7639453, 12.9869212], [77.7640487, 12.9868692], [77.7640772, 12.98682], [77.7640926, 12.9867717], [77.7641185, 12.9866312], [77.7641643, 12.9864995], [77.7642614, 12.9863965], [77.7643716, 12.9862915], [77.7645537, 12.9861586], [77.764874, 12.9860068], [77.7655622, 12.9859495], [77.7659163, 12.9858973], [77.7660048, 12.9858633], [77.7661073, 12.9858245], [77.7663918, 12.9856717], [77.7666507, 12.9855245], [77.7666914, 12.9854926], [77.7667585, 12.9854686], [77.7668146, 12.9854774], [77.7668828, 12.9855093], [77.7669659, 12.9855764], [77.7670305, 12.9856281], [77.7670649, 12.9856412], [77.7671208, 12.9856334], [77.76726, 12.9855831], [77.767461, 12.9855342], [77.767602, 12.9854901], [77.7676855, 12.9854431], [77.7677211, 12.9854214], [77.7677339, 12.9853964], [77.7677643, 12.9853326], [77.7678162, 12.9852337], [77.767842, 12.9851937], [77.767861, 12.985149]]}}, {"type": "Feature", "id": 444, "properties": {"id": 444, "osm_id": 1092941900, "name": "", "kind": "drain", "length_m": 891}, "geometry": {"type": "LineString", "coordinates": [[77.7675471, 12.927914], [77.7675819, 12.9277402], [77.7675122, 12.9276735], [77.7672815, 12.9275873], [77.7671903, 12.9275441], [77.767083, 12.9275101], [77.7669194, 12.9274003], [77.766851, 12.9272526], [77.7666982, 12.9270095], [77.7665171, 12.926752], [77.7662395, 12.9261534], [77.7661537, 12.9259704], [77.7659927, 12.9254005], [77.7659579, 12.9251443], [77.7660491, 12.9248332], [77.7660517, 12.9244018], [77.7659418, 12.9239574], [77.7659069, 12.9237822], [77.7658693, 12.9233378], [77.7657996, 12.9230999], [77.7658881, 12.9224489], [77.7659069, 12.9221718], [77.7657674, 12.9215104], [77.765691, 12.9208961], [77.7655622, 12.9205771]]}}, {"type": "Feature", "id": 445, "properties": {"id": 445, "osm_id": 1092941901, "name": "", "kind": "drain", "length_m": 775}, "geometry": {"type": "LineString", "coordinates": [[77.7598411, 12.9106661], [77.7598853, 12.9108632], [77.7600288, 12.9115027], [77.7600717, 12.9122871], [77.7603952, 12.9132088], [77.7606296, 12.9138766], [77.7607369, 12.9144622], [77.7609086, 12.9146818], [77.761488, 12.9150269], [77.7617991, 12.9153511], [77.7620673, 12.915853], [77.7621474, 12.9161529], [77.7623355, 12.916857], [77.7623839, 12.9169315]]}}, {"type": "Feature", "id": 446, "properties": {"id": 446, "osm_id": 1092941902, "name": "", "kind": "drain", "length_m": 385}, "geometry": {"type": "LineString", "coordinates": [[77.6584777, 12.8981873], [77.6593736, 12.8980722], [77.6611371, 12.8978317], [77.6613772, 12.8978291], [77.6615703, 12.8979062], [77.6617098, 12.8978853], [77.6619654, 12.8977883]]}}, {"type": "Feature", "id": 447, "properties": {"id": 447, "osm_id": 1093109092, "name": "C100", "kind": "drain", "length_m": 456}, "geometry": {"type": "LineString", "coordinates": [[77.60838, 12.9863726], [77.6090426, 12.985775], [77.6091753, 12.9857303], [77.6096409, 12.985664], [77.6099871, 12.9855333], [77.6101927, 12.9853521], [77.6103966, 12.9848932], [77.6104915, 12.9846846], [77.6106262, 12.984577], [77.6108212, 12.9845164], [77.6116504, 12.9844389], [77.611737, 12.9844273]]}}, {"type": "Feature", "id": 448, "properties": {"id": 448, "osm_id": 1093109093, "name": "C100", "kind": "drain", "length_m": 8}, "geometry": {"type": "LineString", "coordinates": [[77.611737, 12.9844273], [77.6118106, 12.9844175]]}}, {"type": "Feature", "id": 449, "properties": {"id": 449, "osm_id": 1093523668, "name": "K112", "kind": "drain", "length_m": 711}, "geometry": {"type": "LineString", "coordinates": [[77.5799306, 12.9553632], [77.5800151, 12.9556089], [77.5801492, 12.9559382], [77.5802819, 12.9563721], [77.5808251, 12.9584606], [77.5823633, 12.9611778], [77.5823915, 12.9612383], [77.5824086, 12.9612581]]}}, {"type": "Feature", "id": 450, "properties": {"id": 450, "osm_id": 1093523672, "name": "K114", "kind": "drain", "length_m": 1094}, "geometry": {"type": "LineString", "coordinates": [[77.5994906, 12.9612954], [77.5994115, 12.9611791], [77.5993162, 12.9609321], [77.599103, 12.9604681], [77.5990561, 12.9602564], [77.5990373, 12.9600734], [77.5989555, 12.9597179], [77.5989032, 12.9594095], [77.5988254, 12.9591259], [77.59882, 12.9590553], [77.5988066, 12.9590435], [77.5987342, 12.9590435], [77.5984727, 12.959105], [77.5983989, 12.9591076], [77.5982152, 12.9591533], [77.5981964, 12.959152], [77.598183, 12.9591207], [77.5981307, 12.958824], [77.5980784, 12.9586685], [77.5980046, 12.9583757], [77.5979537, 12.9580856], [77.5979523, 12.9580163], [77.5978987, 12.9578333], [77.5978853, 12.9576804], [77.5978732, 12.9576124], [77.5978477, 12.9575497], [77.5978303, 12.9573824], [77.5977552, 12.9573811], [77.5977324, 12.9573563], [77.5976895, 12.9570988], [77.5976493, 12.9569955], [77.5975896, 12.9566407], [77.5975433, 12.9564819], [77.5975285, 12.9564296], [77.5974601, 12.9561499], [77.5974481, 12.9560532], [77.5974548, 12.9558376], [77.5974293, 12.9556939], [77.5974279, 12.955584], [77.5975715, 12.9555187], [77.5975526, 12.955439], [77.5974977, 12.955354], [77.5973073, 12.9548848], [77.5972536, 12.9548247], [77.5971732, 12.9546966], [77.5971262, 12.9545332], [77.597039, 12.9543895], [77.5970122, 12.9542718], [77.5969867, 12.9542431], [77.5969009, 12.9540915], [77.5968204, 12.9540039], [77.5967064, 12.9537255], [77.5965764, 12.9535765], [77.5964624, 12.953336], [77.5964127, 12.9531439], [77.5963725, 12.9530498], [77.5964711, 12.9528168]]}}, {"type": "Feature", "id": 451, "properties": {"id": 451, "osm_id": 1094553322, "name": "", "kind": "drain", "length_m": 385}, "geometry": {"type": "LineString", "coordinates": [[77.6528049, 12.9444275], [77.6528773, 12.9445648], [77.6528947, 12.9447072], [77.6530288, 12.9449046], [77.6531777, 12.9448693], [77.6534311, 12.9447634], [77.6537691, 12.9447007], [77.6539247, 12.9446301], [77.6539904, 12.9446458], [77.6540843, 12.9447125], [77.6542506, 12.9450157], [77.6543337, 12.9451006], [77.6543659, 12.9452627], [77.6543364, 12.9453725], [77.654213, 12.9454614], [77.6540199, 12.9455424], [77.6537758, 12.945796], [77.6536605, 12.9458875], [77.6536256, 12.9460495], [77.6536285, 12.9461273]]}}, {"type": "Feature", "id": 452, "properties": {"id": 452, "osm_id": 1103160812, "name": "K204", "kind": "drain", "length_m": 11}, "geometry": {"type": "LineString", "coordinates": [[77.6170646, 12.9160494], [77.6171577, 12.9160843]]}}, {"type": "Feature", "id": 453, "properties": {"id": 453, "osm_id": 1103160813, "name": "K204", "kind": "drain", "length_m": 17}, "geometry": {"type": "LineString", "coordinates": [[77.6165528, 12.9152694], [77.6166299, 12.9153981]]}}, {"type": "Feature", "id": 454, "properties": {"id": 454, "osm_id": 1103160814, "name": "K204", "kind": "drain", "length_m": 58}, "geometry": {"type": "LineString", "coordinates": [[77.6166272, 12.9147812], [77.6165199, 12.9149511], [77.6165136, 12.9151188], [77.6165528, 12.9152694]]}}, {"type": "Feature", "id": 455, "properties": {"id": 455, "osm_id": 1103160815, "name": "K209", "kind": "drain", "length_m": 65}, "geometry": {"type": "LineString", "coordinates": [[77.6088113, 12.9032544], [77.6088996, 12.9029503], [77.6089866, 12.9029535], [77.6091707, 12.9029316]]}}, {"type": "Feature", "id": 456, "properties": {"id": 456, "osm_id": 1103160816, "name": "K209", "kind": "drain", "length_m": 1332}, "geometry": {"type": "LineString", "coordinates": [[77.6175378, 12.9025966], [77.6175861, 12.9026803], [77.6176961, 12.9027195], [77.6181883, 12.9026032], [77.6183358, 12.9025744], [77.618435, 12.9025953], [77.6184726, 12.9026319], [77.618545, 12.9028882], [77.6185316, 12.9030136], [77.6184404, 12.9032882], [77.6184216, 12.9033875], [77.6184216, 12.9034895], [77.6186858, 12.9047941], [77.6189125, 12.9055758], [77.6189983, 12.9057719], [77.6191673, 12.9059602], [77.6202723, 12.9070948], [77.620326, 12.9071968], [77.6203608, 12.9073353], [77.6203877, 12.9074765], [77.6204413, 12.9075994], [77.6205459, 12.9076805], [77.6207846, 12.9078216], [77.6208436, 12.9078765], [77.6208732, 12.9079811], [77.6208356, 12.9082164], [77.6206988, 12.9086373], [77.6206076, 12.9089589], [77.6206505, 12.9096125], [77.6206411, 12.910089], [77.6208651, 12.9106635], [77.6209751, 12.9107524], [77.6211253, 12.9108099], [77.6211789, 12.9108544], [77.6213023, 12.9115995], [77.6214479, 12.9125428]]}}, {"type": "Feature", "id": 457, "properties": {"id": 457, "osm_id": 1104622168, "name": "", "kind": "drain", "length_m": 158}, "geometry": {"type": "LineString", "coordinates": [[77.6901967, 12.9862511], [77.6900205, 12.9861325], [77.6898513, 12.986018], [77.6897925, 12.985845], [77.6894329, 12.9850933]]}}, {"type": "Feature", "id": 458, "properties": {"id": 458, "osm_id": 1104622169, "name": "", "kind": "drain", "length_m": 14}, "geometry": {"type": "LineString", "coordinates": [[77.6894329, 12.9850933], [77.6893829, 12.9849754]]}}, {"type": "Feature", "id": 459, "properties": {"id": 459, "osm_id": 1109953010, "name": "C104", "kind": "drain", "length_m": 14}, "geometry": {"type": "LineString", "coordinates": [[77.6351375, 12.9824193], [77.6350125, 12.9824171]]}}, {"type": "Feature", "id": 460, "properties": {"id": 460, "osm_id": 1109966264, "name": "", "kind": "drain", "length_m": 11}, "geometry": {"type": "LineString", "coordinates": [[77.6685179, 12.965414], [77.6686165, 12.9654235]]}}, {"type": "Feature", "id": 461, "properties": {"id": 461, "osm_id": 1112428447, "name": "", "kind": "drain", "length_m": 244}, "geometry": {"type": "LineString", "coordinates": [[77.6824389, 12.9117959], [77.6824915, 12.9120236], [77.682515, 12.9121426], [77.6825324, 12.9122629], [77.6825687, 12.9124446], [77.6826035, 12.9126576], [77.682574, 12.9127831], [77.6825915, 12.9131282], [77.6825888, 12.9132929], [77.6825593, 12.9134014], [77.6826277, 12.9138053], [77.6826504, 12.9139656]]}}, {"type": "Feature", "id": 462, "properties": {"id": 462, "osm_id": 1112428448, "name": "", "kind": "drain", "length_m": 7}, "geometry": {"type": "LineString", "coordinates": [[77.6824645, 12.9113652], [77.6824599, 12.9114303]]}}, {"type": "Feature", "id": 463, "properties": {"id": 463, "osm_id": 1112428449, "name": "", "kind": "drain", "length_m": 41}, "geometry": {"type": "LineString", "coordinates": [[77.6824599, 12.9114303], [77.6824389, 12.9117959]]}}, {"type": "Feature", "id": 464, "properties": {"id": 464, "osm_id": 1112430287, "name": "", "kind": "drain", "length_m": 163}, "geometry": {"type": "LineString", "coordinates": [[77.7397319, 12.9133533], [77.7397138, 12.9134557], [77.7394513, 12.9138731], [77.7396387, 12.9147289]]}}, {"type": "Feature", "id": 465, "properties": {"id": 465, "osm_id": 1112430288, "name": "", "kind": "drain", "length_m": 72}, "geometry": {"type": "LineString", "coordinates": [[77.739833, 12.9127162], [77.7398211, 12.9130191], [77.7397808, 12.9130766], [77.7397491, 12.9132559], [77.7397319, 12.9133533]]}}, {"type": "Feature", "id": 466, "properties": {"id": 466, "osm_id": 1116257983, "name": "", "kind": "drain", "length_m": 595}, "geometry": {"type": "LineString", "coordinates": [[77.7210301, 12.890689], [77.7210188, 12.8907854], [77.7209222, 12.8909423], [77.7208257, 12.8915175], [77.7208471, 12.8917894], [77.7211475, 12.8922601], [77.7212548, 12.8923437], [77.721523, 12.8924274], [77.7217483, 12.8925634], [77.7220166, 12.8928771], [77.7220487, 12.8940171], [77.7221775, 12.89454], [77.7222526, 12.8947073], [77.7222741, 12.8953505], [77.7222278, 12.8954338]]}}, {"type": "Feature", "id": 467, "properties": {"id": 467, "osm_id": 1116257984, "name": "", "kind": "drain", "length_m": 18}, "geometry": {"type": "LineString", "coordinates": [[77.7221581, 12.8955591], [77.7220785, 12.8957022]]}}, {"type": "Feature", "id": 468, "properties": {"id": 468, "osm_id": 1116257987, "name": "", "kind": "drain", "length_m": 16}, "geometry": {"type": "LineString", "coordinates": [[77.7222278, 12.8954338], [77.7221581, 12.8955591]]}}, {"type": "Feature", "id": 469, "properties": {"id": 469, "osm_id": 1116257988, "name": "", "kind": "drain", "length_m": 369}, "geometry": {"type": "LineString", "coordinates": [[77.7220785, 12.8957022], [77.7217913, 12.8962185], [77.721802, 12.8965061], [77.7219307, 12.8968512], [77.7219522, 12.8972016], [77.7220166, 12.8974735], [77.7216411, 12.8977506], [77.7214909, 12.8979075], [77.7213728, 12.8984566], [77.7212336, 12.8986272]]}}, {"type": "Feature", "id": 470, "properties": {"id": 470, "osm_id": 1116257989, "name": "", "kind": "drain", "length_m": 13}, "geometry": {"type": "LineString", "coordinates": [[77.7212336, 12.8986272], [77.7211575, 12.8987205]]}}, {"type": "Feature", "id": 471, "properties": {"id": 471, "osm_id": 1116257992, "name": "", "kind": "drain", "length_m": 1312}, "geometry": {"type": "LineString", "coordinates": [[77.7211575, 12.8987205], [77.7208096, 12.8991468], [77.7201766, 12.8994396], [77.7200546, 12.899599], [77.7195679, 12.9002425], [77.719152, 12.9007783], [77.718991, 12.9012123], [77.7189749, 12.9016097], [77.7188408, 12.9024045], [77.7189535, 12.9034503], [77.7199942, 12.9042346], [77.7199996, 12.9043719], [77.7198829, 12.9047209], [77.7198815, 12.9048686], [77.7196696, 12.9055222], [77.7194819, 12.9062896], [77.7193236, 12.9068961], [77.7192083, 12.9074791], [77.7195274, 12.9090456]]}}, {"type": "Feature", "id": 472, "properties": {"id": 472, "osm_id": 1117538127, "name": "", "kind": "drain", "length_m": 805}, "geometry": {"type": "LineString", "coordinates": [[77.6474266, 12.8807613], [77.6477542, 12.8806824], [77.6482022, 12.8805673], [77.6487039, 12.8805048], [77.6488518, 12.8804835], [77.6490513, 12.8804548], [77.6491332, 12.880443], [77.6492415, 12.8804163], [77.6492878, 12.880366], [77.649312, 12.88029], [77.6493437, 12.880012], [77.649379, 12.8799839], [77.6494911, 12.8798949], [77.6498726, 12.8796912], [77.6500663, 12.8795763], [77.6503305, 12.8791894], [77.6503802, 12.8790527], [77.6505028, 12.8788998], [77.6506336, 12.8787664], [77.6513082, 12.8783134], [77.6515791, 12.8781042], [77.6518788, 12.8777513], [77.6523904, 12.8775074], [77.6527619, 12.8773486], [77.6529889, 12.8770843], [77.6530376, 12.8770213], [77.6531619, 12.8768306]]}}, {"type": "Feature", "id": 473, "properties": {"id": 473, "osm_id": 1119921702, "name": "", "kind": "drain", "length_m": 54}, "geometry": {"type": "LineString", "coordinates": [[77.6447743, 12.9763351], [77.6447935, 12.9758445]]}}, {"type": "Feature", "id": 474, "properties": {"id": 474, "osm_id": 1125007544, "name": "C104", "kind": "drain", "length_m": 98}, "geometry": {"type": "LineString", "coordinates": [[77.6398766, 12.9935838], [77.6398686, 12.9935158], [77.6398069, 12.9934818], [77.6397908, 12.9933172], [77.6397076, 12.9931525], [77.6396272, 12.9929016], [77.6395741, 12.9927754]]}}, {"type": "Feature", "id": 475, "properties": {"id": 475, "osm_id": 1125144631, "name": "K100", "kind": "drain", "length_m": 1481}, "geometry": {"type": "LineString", "coordinates": [[77.5806632, 12.9624519], [77.5808606, 12.962333], [77.5818072, 12.9617044], [77.5824086, 12.9612581], [77.5828241, 12.9609538], [77.5837502, 12.9602836], [77.5841546, 12.9600177], [77.5852961, 12.9594991], [77.5856391, 12.9593999], [77.5859096, 12.95933], [77.586725, 12.9591707], [77.5870128, 12.9590809], [77.59127, 12.9577593], [77.5914588, 12.9576505], [77.5915673, 12.9575196], [77.5917085, 12.9572225], [77.5919482, 12.9567538], [77.5920451, 12.9563232], [77.5920953, 12.9561791]]}}, {"type": "Feature", "id": 476, "properties": {"id": 476, "osm_id": 1125144632, "name": "K100", "kind": "drain", "length_m": 47}, "geometry": {"type": "LineString", "coordinates": [[77.5920953, 12.9561791], [77.5923694, 12.9559189], [77.5924103, 12.9558853]]}}, {"type": "Feature", "id": 477, "properties": {"id": 477, "osm_id": 1125988185, "name": "", "kind": "drain", "length_m": 394}, "geometry": {"type": "LineString", "coordinates": [[77.6342493, 12.9310994], [77.634458, 12.9308713], [77.6346155, 12.9307322], [77.6351854, 12.9304289], [77.6355268, 12.9302264], [77.6360048, 12.9298172], [77.6362121, 12.9296819], [77.6364152, 12.9295603], [77.6366982, 12.9294035], [77.6368853, 12.9293296], [77.6371475, 12.9292708], [77.6372888, 12.9292597]]}}, {"type": "Feature", "id": 478, "properties": {"id": 478, "osm_id": 1130957357, "name": "", "kind": "drain", "length_m": 259}, "geometry": {"type": "LineString", "coordinates": [[77.746908, 12.9582557], [77.7470283, 12.9582076], [77.7471227, 12.9581071], [77.7471349, 12.9579858], [77.7471743, 12.957835], [77.747282, 12.9576247], [77.7475376, 12.9575005], [77.7476388, 12.9573809], [77.7476583, 12.9570265], [77.747656, 12.9565287], [77.7476565, 12.9563588], [77.7476715, 12.9562583]]}}, {"type": "Feature", "id": 479, "properties": {"id": 479, "osm_id": 1130957358, "name": "", "kind": "drain", "length_m": 17}, "geometry": {"type": "LineString", "coordinates": [[77.745585, 12.9589398], [77.7456195, 12.9587863]]}}, {"type": "Feature", "id": 480, "properties": {"id": 480, "osm_id": 1130957359, "name": "", "kind": "drain", "length_m": 6}, "geometry": {"type": "LineString", "coordinates": [[77.7456195, 12.9587863], [77.7456423, 12.9587321]]}}, {"type": "Feature", "id": 481, "properties": {"id": 481, "osm_id": 1130957360, "name": "", "kind": "drain", "length_m": 38}, "geometry": {"type": "LineString", "coordinates": [[77.7460096, 12.9586068], [77.7463349, 12.9584848]]}}, {"type": "Feature", "id": 482, "properties": {"id": 482, "osm_id": 1137994212, "name": "", "kind": "stream", "length_m": 112}, "geometry": {"type": "LineString", "coordinates": [[77.59746, 12.9788644], [77.5974178, 12.9788392], [77.5973988, 12.9788266], [77.5973133, 12.9787698], [77.5969376, 12.9786095], [77.5967537, 12.9784797], [77.5966771, 12.9784152], [77.5967232, 12.9783373], [77.5967061, 12.9783156]]}}, {"type": "Feature", "id": 483, "properties": {"id": 483, "osm_id": 1157561341, "name": "K200", "kind": "drain", "length_m": 16}, "geometry": {"type": "LineString", "coordinates": [[77.6222442, 12.9176615], [77.6223204, 12.917541]]}}, {"type": "Feature", "id": 484, "properties": {"id": 484, "osm_id": 1157561342, "name": "K200", "kind": "drain", "length_m": 16}, "geometry": {"type": "LineString", "coordinates": [[77.6221653, 12.9177863], [77.6222442, 12.9176615]]}}, {"type": "Feature", "id": 485, "properties": {"id": 485, "osm_id": 1157561343, "name": "K200", "kind": "drain", "length_m": 768}, "geometry": {"type": "LineString", "coordinates": [[77.6166075, 12.9217243], [77.6166833, 12.9217019], [77.6170203, 12.9217156], [77.6175047, 12.9215071], [77.6189193, 12.9208223], [77.6210395, 12.9193439], [77.6211631, 12.9192114], [77.6213073, 12.9190412], [77.6218628, 12.9182648], [77.6221653, 12.9177863]]}}, {"type": "Feature", "id": 486, "properties": {"id": 486, "osm_id": 1157561344, "name": "K200", "kind": "drain", "length_m": 12}, "geometry": {"type": "LineString", "coordinates": [[77.6165045, 12.9217547], [77.6166075, 12.9217243]]}}, {"type": "Feature", "id": 487, "properties": {"id": 487, "osm_id": 1157628707, "name": "", "kind": "drain", "length_m": 247}, "geometry": {"type": "LineString", "coordinates": [[77.6374033, 12.993072], [77.6383676, 12.992916], [77.6395741, 12.9927754], [77.6395576, 12.9926952]]}}, {"type": "Feature", "id": 488, "properties": {"id": 488, "osm_id": 1157628708, "name": "C104", "kind": "drain", "length_m": 9}, "geometry": {"type": "LineString", "coordinates": [[77.6395182, 12.9925032], [77.6395019, 12.9924239]]}}, {"type": "Feature", "id": 489, "properties": {"id": 489, "osm_id": 1157628709, "name": "C104", "kind": "drain", "length_m": 8}, "geometry": {"type": "LineString", "coordinates": [[77.6395327, 12.992574], [77.6395182, 12.9925032]]}}, {"type": "Feature", "id": 490, "properties": {"id": 490, "osm_id": 1157628710, "name": "C104", "kind": "drain", "length_m": 9}, "geometry": {"type": "LineString", "coordinates": [[77.6395576, 12.9926952], [77.6395413, 12.9926157]]}}, {"type": "Feature", "id": 491, "properties": {"id": 491, "osm_id": 1157628711, "name": "C104", "kind": "drain", "length_m": 5}, "geometry": {"type": "LineString", "coordinates": [[77.6395413, 12.9926157], [77.6395327, 12.992574]]}}, {"type": "Feature", "id": 492, "properties": {"id": 492, "osm_id": 1158715753, "name": "K100", "kind": "drain", "length_m": 42}, "geometry": {"type": "LineString", "coordinates": [[77.6213115, 12.9515758], [77.6215217, 12.9514777], [77.6216555, 12.9513968]]}}, {"type": "Feature", "id": 493, "properties": {"id": 493, "osm_id": 1166289488, "name": "Drain", "kind": "drain", "length_m": 111}, "geometry": {"type": "LineString", "coordinates": [[77.622612, 12.949961], [77.6220682, 12.9491071]]}}, {"type": "Feature", "id": 494, "properties": {"id": 494, "osm_id": 1166289489, "name": "Drain", "kind": "drain", "length_m": 50}, "geometry": {"type": "LineString", "coordinates": [[77.6228553, 12.950343], [77.622612, 12.949961]]}}, {"type": "Feature", "id": 495, "properties": {"id": 495, "osm_id": 1176609095, "name": "", "kind": "drain", "length_m": 189}, "geometry": {"type": "LineString", "coordinates": [[77.6764244, 12.9169511], [77.6764673, 12.9170269], [77.6765424, 12.9171837], [77.676659, 12.917211], [77.6774631, 12.9175373], [77.6776075, 12.9175949], [77.6778683, 12.9175949], [77.6779391, 12.9175988]]}}, {"type": "Feature", "id": 496, "properties": {"id": 496, "osm_id": 1183337676, "name": "", "kind": "drain", "length_m": 5}, "geometry": {"type": "LineString", "coordinates": [[77.6557393, 12.9761186], [77.6557231, 12.9760751]]}}, {"type": "Feature", "id": 497, "properties": {"id": 497, "osm_id": 1183669716, "name": "K207", "kind": "drain", "length_m": 17}, "geometry": {"type": "LineString", "coordinates": [[77.5959393, 12.9311334], [77.5959376, 12.9312871]]}}, {"type": "Feature", "id": 498, "properties": {"id": 498, "osm_id": 1183669717, "name": "K207", "kind": "drain", "length_m": 11}, "geometry": {"type": "LineString", "coordinates": [[77.5959376, 12.9312871], [77.5959365, 12.931386]]}}, {"type": "Feature", "id": 499, "properties": {"id": 499, "osm_id": 1184442660, "name": "MD284", "kind": "drain", "length_m": 11}, "geometry": {"type": "LineString", "coordinates": [[77.7258175, 12.9959839], [77.7258434, 12.9960831]]}}, {"type": "Feature", "id": 500, "properties": {"id": 500, "osm_id": 1184442661, "name": "MD284", "kind": "drain", "length_m": 1}, "geometry": {"type": "LineString", "coordinates": [[77.7258145, 12.9959725], [77.7258175, 12.9959839]]}}, {"type": "Feature", "id": 501, "properties": {"id": 501, "osm_id": 1184597983, "name": "", "kind": "drain", "length_m": 52}, "geometry": {"type": "LineString", "coordinates": [[77.6506263, 12.9113952], [77.6506205, 12.9118642]]}}, {"type": "Feature", "id": 502, "properties": {"id": 502, "osm_id": 1184597984, "name": "", "kind": "drain", "length_m": 7}, "geometry": {"type": "LineString", "coordinates": [[77.6506122, 12.9120056], [77.6505964, 12.9120641]]}}, {"type": "Feature", "id": 503, "properties": {"id": 503, "osm_id": 1184597985, "name": "", "kind": "drain", "length_m": 9}, "geometry": {"type": "LineString", "coordinates": [[77.6506168, 12.911927], [77.6506122, 12.9120056]]}}, {"type": "Feature", "id": 504, "properties": {"id": 504, "osm_id": 1184597986, "name": "", "kind": "drain", "length_m": 7}, "geometry": {"type": "LineString", "coordinates": [[77.6506205, 12.9118642], [77.6506168, 12.911927]]}}, {"type": "Feature", "id": 505, "properties": {"id": 505, "osm_id": 1184597989, "name": "", "kind": "drain", "length_m": 51}, "geometry": {"type": "LineString", "coordinates": [[77.6494528, 12.9132939], [77.649458, 12.9137506]]}}, {"type": "Feature", "id": 506, "properties": {"id": 506, "osm_id": 1184597990, "name": "", "kind": "drain", "length_m": 11}, "geometry": {"type": "LineString", "coordinates": [[77.6494517, 12.9131951], [77.6494528, 12.9132939]]}}, {"type": "Feature", "id": 507, "properties": {"id": 507, "osm_id": 1184597991, "name": "", "kind": "drain", "length_m": 17}, "geometry": {"type": "LineString", "coordinates": [[77.6494632, 12.9141997], [77.6494649, 12.9143516]]}}, {"type": "Feature", "id": 508, "properties": {"id": 508, "osm_id": 1184597992, "name": "", "kind": "drain", "length_m": 50}, "geometry": {"type": "LineString", "coordinates": [[77.649458, 12.9137506], [77.6494632, 12.9141997]]}}, {"type": "Feature", "id": 509, "properties": {"id": 509, "osm_id": 1186655037, "name": "", "kind": "drain", "length_m": 1305}, "geometry": {"type": "LineString", "coordinates": [[77.6800795, 12.9185226], [77.6773716, 12.9206097], [77.67706, 12.9210307], [77.677166, 12.9213535], [77.6772666, 12.921862], [77.6773712, 12.9219365], [77.6775214, 12.9219182], [77.6782684, 12.9217156], [77.6785837, 12.9216443], [77.6786759, 12.9217603], [77.6788059, 12.9219048], [77.678855, 12.9220046], [77.6789201, 12.9220686], [77.6790972, 12.9226084], [77.6792031, 12.9230999], [77.6792876, 12.9235483], [77.6794003, 12.9239325], [77.6794619, 12.9242384], [77.6795692, 12.92439], [77.6796175, 12.924543], [77.6796752, 12.9245992], [77.6796966, 12.9246724], [77.6797087, 12.9249051], [77.679702, 12.9250815], [77.6796363, 12.9254305], [77.6795129, 12.9259246], [77.6794365, 12.9263468], [77.6794284, 12.9266958], [77.6794284, 12.92705]]}}, {"type": "Feature", "id": 510, "properties": {"id": 510, "osm_id": 1188323412, "name": "", "kind": "drain", "length_m": 268}, "geometry": {"type": "LineString", "coordinates": [[77.6894009, 12.953272], [77.6903866, 12.9531478], [77.6907849, 12.9530132], [77.6908359, 12.9529113], [77.6907916, 12.9523636], [77.6907259, 12.9521768], [77.690733, 12.9520068]]}}, {"type": "Feature", "id": 511, "properties": {"id": 511, "osm_id": 1188323413, "name": "", "kind": "drain", "length_m": 20}, "geometry": {"type": "LineString", "coordinates": [[77.6897201, 12.9510188], [77.6897217, 12.9511978]]}}, {"type": "Feature", "id": 512, "properties": {"id": 512, "osm_id": 1188323414, "name": "", "kind": "drain", "length_m": 45}, "geometry": {"type": "LineString", "coordinates": [[77.6896933, 12.9506097], [77.689696, 12.9507887], [77.6897201, 12.9510188]]}}, {"type": "Feature", "id": 513, "properties": {"id": 513, "osm_id": 1188323415, "name": "", "kind": "drain", "length_m": 59}, "geometry": {"type": "LineString", "coordinates": [[77.6896597, 12.9500764], [77.6896933, 12.9506097]]}}, {"type": "Feature", "id": 514, "properties": {"id": 514, "osm_id": 1188323416, "name": "", "kind": "drain", "length_m": 38}, "geometry": {"type": "LineString", "coordinates": [[77.6895411, 12.9497556], [77.6896597, 12.9500764]]}}, {"type": "Feature", "id": 515, "properties": {"id": 515, "osm_id": 1188323417, "name": "", "kind": "drain", "length_m": 190}, "geometry": {"type": "LineString", "coordinates": [[77.6897217, 12.9511978], [77.6897228, 12.9513194], [77.6897255, 12.9515834], [77.6898113, 12.9517206], [77.6899119, 12.9518304], [77.6899816, 12.9519585], [77.69005, 12.9520735], [77.6901157, 12.9520905], [77.690733, 12.9520068], [77.6907997, 12.9519977]]}}, {"type": "Feature", "id": 516, "properties": {"id": 516, "osm_id": 1188323419, "name": "", "kind": "drain", "length_m": 287}, "geometry": {"type": "LineString", "coordinates": [[77.6861709, 12.9428894], [77.686201, 12.9427663], [77.6863915, 12.9419638], [77.6864666, 12.9414044], [77.6865363, 12.9411796], [77.6867026, 12.9411299], [77.6868421, 12.9411926], [77.6870545, 12.9411664], [77.6873123, 12.9409897]]}}, {"type": "Feature", "id": 517, "properties": {"id": 517, "osm_id": 1188323430, "name": "", "kind": "drain", "length_m": 167}, "geometry": {"type": "LineString", "coordinates": [[77.6640084, 12.9268787], [77.6639709, 12.9270213], [77.663936, 12.9271768], [77.6639307, 12.9272866], [77.6639535, 12.9273245], [77.6643357, 12.9273925], [77.6644336, 12.9274134], [77.6644658, 12.9275049], [77.6645248, 12.9276931], [77.6646563, 12.9279314]]}}, {"type": "Feature", "id": 518, "properties": {"id": 518, "osm_id": 1188439482, "name": "MD284", "kind": "drain", "length_m": 1273}, "geometry": {"type": "LineString", "coordinates": [[77.7258434, 12.9960831], [77.7259366, 12.9964417], [77.7260694, 12.9967409], [77.7261713, 12.9970519], [77.7263242, 12.9973812], [77.7264516, 12.9974178], [77.7266434, 12.9976282], [77.7273703, 12.9977771], [77.7276573, 12.997815], [77.7282259, 12.9977719], [77.7287194, 12.9977771], [77.7291834, 12.9978895], [77.7297038, 12.9983796], [77.7299747, 12.9989375], [77.7307527, 12.9988851], [77.7309443, 12.9988644], [77.7309684, 12.998914], [77.7309993, 12.9998117], [77.7310583, 13.0002926], [77.7310315, 13.0005435], [77.7309456, 13.0007186], [77.7307364, 13.000959], [77.7303421, 13.0017091], [77.7302054, 13.0021377], [77.7300632, 13.0024931], [77.7301115, 13.002846], [77.7299666, 13.0032406], [77.7299237, 13.0033608], [77.7300042, 13.0034549]]}}, {"type": "Feature", "id": 519, "properties": {"id": 519, "osm_id": 1188439485, "name": "", "kind": "drain", "length_m": 1487}, "geometry": {"type": "LineString", "coordinates": [[77.7180094, 12.9996419], [77.7181676, 13.0001541], [77.7183017, 13.0002064], [77.7187148, 13.0001776], [77.7191278, 13.0001855], [77.7199647, 12.9999921], [77.720075, 12.9999565], [77.7204421, 12.9998379], [77.7205628, 12.9998379], [77.7208096, 12.9999137], [77.7211556, 12.9999346], [77.7223518, 13.0001123], [77.7225208, 13.0001018], [77.7226603, 13.000026], [77.7239209, 12.9997281], [77.7244842, 12.9995635], [77.7242884, 12.9988317], [77.7243555, 12.9986069], [77.7246154, 12.9985073], [77.7282715, 12.9988709], [77.7299747, 12.9989375]]}}, {"type": "Feature", "id": 520, "properties": {"id": 520, "osm_id": 1188439486, "name": "", "kind": "drain", "length_m": 33}, "geometry": {"type": "LineString", "coordinates": [[77.7179057, 12.9993576], [77.7180094, 12.9996419]]}}, {"type": "Feature", "id": 521, "properties": {"id": 521, "osm_id": 1188439487, "name": "", "kind": "drain", "length_m": 216}, "geometry": {"type": "LineString", "coordinates": [[77.7145027, 12.9975014], [77.7146217, 12.9976713], [77.7149623, 12.9984919], [77.7151474, 12.9989153], [77.7152712, 12.9992948]]}}, {"type": "Feature", "id": 522, "properties": {"id": 522, "osm_id": 1188439488, "name": "", "kind": "drain", "length_m": 47}, "geometry": {"type": "LineString", "coordinates": [[77.7142864, 12.9971355], [77.7145027, 12.9975014]]}}, {"type": "Feature", "id": 523, "properties": {"id": 523, "osm_id": 1188439489, "name": "", "kind": "drain", "length_m": 21}, "geometry": {"type": "LineString", "coordinates": [[77.7153687, 12.9994981], [77.7154666, 12.9995308], [77.7155525, 12.999527]]}}, {"type": "Feature", "id": 524, "properties": {"id": 524, "osm_id": 1188439490, "name": "", "kind": "drain", "length_m": 25}, "geometry": {"type": "LineString", "coordinates": [[77.7152712, 12.9992948], [77.7153687, 12.9994981]]}}, {"type": "Feature", "id": 525, "properties": {"id": 525, "osm_id": 1188439491, "name": "", "kind": "drain", "length_m": 474}, "geometry": {"type": "LineString", "coordinates": [[77.7127603, 12.9933198], [77.7132699, 12.9937902], [77.7134979, 12.9941405], [77.7135864, 12.9946449], [77.7135703, 12.9953348], [77.7136776, 12.9956563], [77.7140316, 12.9961764], [77.7140558, 12.9964691], [77.7140853, 12.9967984], [77.7142864, 12.9971355]]}}, {"type": "Feature", "id": 526, "properties": {"id": 526, "osm_id": 1197055956, "name": "", "kind": "ditch", "length_m": 136}, "geometry": {"type": "LineString", "coordinates": [[77.7194703, 12.9669516], [77.7192834, 12.9665845], [77.7193572, 12.9657709]]}}, {"type": "Feature", "id": 527, "properties": {"id": 527, "osm_id": 1197055957, "name": "", "kind": "ditch", "length_m": 12}, "geometry": {"type": "LineString", "coordinates": [[77.7193572, 12.9657709], [77.7193703, 12.9656657]]}}, {"type": "Feature", "id": 528, "properties": {"id": 528, "osm_id": 1197055958, "name": "", "kind": "ditch", "length_m": 44}, "geometry": {"type": "LineString", "coordinates": [[77.7193703, 12.9656657], [77.7193779, 12.9655782], [77.7193732, 12.9652685]]}}, {"type": "Feature", "id": 529, "properties": {"id": 529, "osm_id": 1197055959, "name": "", "kind": "ditch", "length_m": 13}, "geometry": {"type": "LineString", "coordinates": [[77.7193732, 12.9652685], [77.7194038, 12.9651585]]}}, {"type": "Feature", "id": 530, "properties": {"id": 530, "osm_id": 1198226853, "name": "", "kind": "stream", "length_m": 288}, "geometry": {"type": "LineString", "coordinates": [[77.7396052, 12.9363513], [77.7398653, 12.9359853], [77.7402516, 12.9358729], [77.7405788, 12.935886], [77.7407518, 12.9358272], [77.740902, 12.9358311], [77.7411461, 12.9357409], [77.7411528, 12.9356755], [77.7410978, 12.9355605], [77.7410737, 12.9354089], [77.7411112, 12.9352886], [77.7410831, 12.9350939], [77.7411072, 12.9349985], [77.7411421, 12.9349148]]}}, {"type": "Feature", "id": 531, "properties": {"id": 531, "osm_id": 1203535877, "name": "K103", "kind": "drain", "length_m": 31}, "geometry": {"type": "LineString", "coordinates": [[77.6162946, 12.9617868], [77.6163691, 12.9615177]]}}, {"type": "Feature", "id": 532, "properties": {"id": 532, "osm_id": 1203535878, "name": "K103", "kind": "drain", "length_m": 395}, "geometry": {"type": "LineString", "coordinates": [[77.6144755, 12.964841], [77.6152727, 12.963891], [77.6155087, 12.9635355], [77.6161444, 12.9622103], [77.6162946, 12.9617868]]}}, {"type": "Feature", "id": 533, "properties": {"id": 533, "osm_id": 1203549885, "name": "C100", "kind": "drain", "length_m": 1949}, "geometry": {"type": "LineString", "coordinates": [[77.6526413, 12.951821], [77.6525905, 12.9516999], [77.6513157, 12.950657], [77.6511189, 12.9506127], [77.6509184, 12.9506151], [77.6506692, 12.9505079], [77.6495422, 12.9491029], [77.649385, 12.9486309], [77.6493003, 12.9479899], [77.6493814, 12.9478824], [77.6496774, 12.947603], [77.6498831, 12.9475738], [77.6506301, 12.9476231], [77.6507278, 12.9472849], [77.6514542, 12.9473552], [77.6516026, 12.9471538], [77.6522579, 12.9467136], [77.653263, 12.9462672], [77.6541027, 12.946199], [77.6554131, 12.9462238], [77.6563546, 12.9459758], [77.6569126, 12.9458062], [77.6572439, 12.9457552], [77.6585344, 12.9458232], [77.6589355, 12.9457807], [77.6592132, 12.9456678], [77.6602877, 12.9443688]]}}, {"type": "Feature", "id": 534, "properties": {"id": 534, "osm_id": 1203559061, "name": "C201", "kind": "drain", "length_m": 187}, "geometry": {"type": "LineString", "coordinates": [[77.6220497, 12.9872771], [77.6203546, 12.9869827]]}}, {"type": "Feature", "id": 535, "properties": {"id": 535, "osm_id": 1203712567, "name": "K205", "kind": "drain", "length_m": 573}, "geometry": {"type": "LineString", "coordinates": [[77.6079959, 12.9199719], [77.6080441, 12.920066], [77.608185, 12.9203288], [77.6083083, 12.9206137], [77.6083942, 12.9208516], [77.6086651, 12.9214477], [77.6086859, 12.9216043], [77.6087047, 12.9217881], [77.6087138, 12.9220886], [77.6087416, 12.9221277], [77.6087621, 12.9221693], [77.6088622, 12.9222955], [77.6088892, 12.922421], [77.6088917, 12.9227766], [77.6088261, 12.9231226], [77.6087925, 12.9231826], [77.6085055, 12.9236548], [77.6083096, 12.9240376], [77.6083399, 12.9245235], [77.6083774, 12.9248122]]}}, {"type": "Feature", "id": 536, "properties": {"id": 536, "osm_id": 1203712568, "name": "K206", "kind": "drain", "length_m": 497}, "geometry": {"type": "LineString", "coordinates": [[77.6020559, 12.9240242], [77.6022311, 12.9242353], [77.6025062, 12.9245244], [77.602788, 12.9246786], [77.6028702, 12.9247001], [77.6031305, 12.9247681], [77.6037957, 12.9248269], [77.6041393, 12.924909], [77.6044794, 12.9250664], [77.6046777, 12.9251582], [77.6051175, 12.9251687], [77.6053294, 12.9251738], [77.6055507, 12.925278], [77.6058509, 12.9253587], [77.6059651, 12.9254364], [77.6061475, 12.9256144]]}}, {"type": "Feature", "id": 537, "properties": {"id": 537, "osm_id": 1203712569, "name": "K207", "kind": "drain", "length_m": 198}, "geometry": {"type": "LineString", "coordinates": [[77.5942921, 12.9306985], [77.5946092, 12.9306658], [77.5951172, 12.9305945], [77.5959393, 12.9311334]]}}, {"type": "Feature", "id": 538, "properties": {"id": 538, "osm_id": 1203712570, "name": "K111", "kind": "drain", "length_m": 1206}, "geometry": {"type": "LineString", "coordinates": [[77.5808856, 12.9389842], [77.5803576, 12.9400884], [77.5803648, 12.9414424], [77.5819608, 12.9414424], [77.5819578, 12.9439758], [77.582041, 12.9474111], [77.5817129, 12.9481329]]}}, {"type": "Feature", "id": 539, "properties": {"id": 539, "osm_id": 1204122766, "name": "K109", "kind": "drain", "length_m": 33}, "geometry": {"type": "LineString", "coordinates": [[77.5932334, 12.9606457], [77.5929444, 12.9607226]]}}, {"type": "Feature", "id": 540, "properties": {"id": 540, "osm_id": 1204122767, "name": "K109", "kind": "drain", "length_m": 11}, "geometry": {"type": "LineString", "coordinates": [[77.5929444, 12.9607226], [77.5928463, 12.9607486]]}}, {"type": "Feature", "id": 541, "properties": {"id": 541, "osm_id": 1204122768, "name": "K109", "kind": "drain", "length_m": 10}, "geometry": {"type": "LineString", "coordinates": [[77.5933215, 12.9606223], [77.5932334, 12.9606457]]}}, {"type": "Feature", "id": 542, "properties": {"id": 542, "osm_id": 1204143825, "name": "MD382", "kind": "drain", "length_m": 185}, "geometry": {"type": "LineString", "coordinates": [[77.7329009, 12.9394133], [77.7329439, 12.9395758], [77.7329384, 12.9399126], [77.7328849, 12.9401627], [77.7327856, 12.9404633], [77.7327614, 12.9406263], [77.7327911, 12.9410577]]}}, {"type": "Feature", "id": 543, "properties": {"id": 543, "osm_id": 1204143826, "name": "MD382", "kind": "drain", "length_m": 26}, "geometry": {"type": "LineString", "coordinates": [[77.7329196, 12.9391765], [77.7329009, 12.9394133]]}}, {"type": "Feature", "id": 544, "properties": {"id": 544, "osm_id": 1204143827, "name": "", "kind": "drain", "length_m": 327}, "geometry": {"type": "LineString", "coordinates": [[77.7145213, 12.938323], [77.7147547, 12.938256], [77.7149848, 12.9382065], [77.7151166, 12.9382021], [77.7152815, 12.9382622], [77.7153342, 12.9382779], [77.7155766, 12.9383642], [77.7160246, 12.9385586], [77.7162869, 12.9386455], [77.7166883, 12.9386559], [77.717084, 12.9387955], [77.7173467, 12.9389772]]}}, {"type": "Feature", "id": 545, "properties": {"id": 545, "osm_id": 1204143828, "name": "", "kind": "drain", "length_m": 10}, "geometry": {"type": "LineString", "coordinates": [[77.7093772, 12.936407], [77.7094048, 12.9364977]]}}, {"type": "Feature", "id": 546, "properties": {"id": 546, "osm_id": 1204143829, "name": "", "kind": "drain", "length_m": 623}, "geometry": {"type": "LineString", "coordinates": [[77.7103141, 12.9318497], [77.7100539, 12.9318981], [77.7097146, 12.9319294], [77.7093619, 12.9320497], [77.7091674, 12.9321007], [77.7090427, 12.9321712], [77.7090668, 12.9322523], [77.709083, 12.9324432], [77.7090964, 12.9326496], [77.7090803, 12.9329372], [77.7090991, 12.933047], [77.7091098, 12.9330836], [77.7091151, 12.9331307], [77.7091205, 12.9332012], [77.70915, 12.9332967], [77.709154, 12.9337633], [77.7091501, 12.934026], [77.7090856, 12.9340874], [77.709083, 12.9341214], [77.7090856, 12.9341554], [77.7091071, 12.9342417], [77.7091312, 12.9343123], [77.70915, 12.9345005], [77.70915, 12.9345345], [77.7091634, 12.9346207], [77.7091795, 12.9346939], [77.7091902, 12.9347253], [77.7091929, 12.9347593], [77.7092653, 12.9351305], [77.7092895, 12.9352168], [77.7093562, 12.9356428], [77.7092795, 12.9359505], [77.7092777, 12.9361157], [77.7093539, 12.9363304], [77.7093772, 12.936407]]}}, {"type": "Feature", "id": 547, "properties": {"id": 547, "osm_id": 1204143830, "name": "", "kind": "drain", "length_m": 203}, "geometry": {"type": "LineString", "coordinates": [[77.7033325, 12.930548], [77.7034798, 12.9303675], [77.703833, 12.9301676], [77.7039659, 12.9300928], [77.7041425, 12.9300589], [77.7042995, 12.9300306], [77.7045617, 12.9299985], [77.7047196, 12.9299467], [77.704915, 12.9299589], [77.7050095, 12.9300088]]}}, {"type": "Feature", "id": 548, "properties": {"id": 548, "osm_id": 1204143831, "name": "", "kind": "drain", "length_m": 17}, "geometry": {"type": "LineString", "coordinates": [[77.7032177, 12.9306543], [77.7033325, 12.930548]]}}, {"type": "Feature", "id": 549, "properties": {"id": 549, "osm_id": 1204143832, "name": "", "kind": "drain", "length_m": 24}, "geometry": {"type": "LineString", "coordinates": [[77.6987172, 12.9307165], [77.6988825, 12.9308651]]}}, {"type": "Feature", "id": 550, "properties": {"id": 550, "osm_id": 1204143833, "name": "", "kind": "drain", "length_m": 22}, "geometry": {"type": "LineString", "coordinates": [[77.6985667, 12.9305814], [77.6987172, 12.9307165]]}}, {"type": "Feature", "id": 551, "properties": {"id": 551, "osm_id": 1204143834, "name": "", "kind": "drain", "length_m": 510}, "geometry": {"type": "LineString", "coordinates": [[77.6988825, 12.9308651], [77.699159, 12.9311134], [77.6995818, 12.9312525], [77.7002686, 12.9310343], [77.7007771, 12.9311239], [77.7011472, 12.9311491], [77.7015433, 12.9310772], [77.7019341, 12.9308933], [77.7021998, 12.9309786], [77.7024388, 12.9310247], [77.7025146, 12.9310265], [77.7026342, 12.9308822], [77.7027002, 12.9308092], [77.7031499, 12.9306903], [77.7032177, 12.9306543]]}}, {"type": "Feature", "id": 552, "properties": {"id": 552, "osm_id": 1206056133, "name": "MD382", "kind": "drain", "length_m": 87}, "geometry": {"type": "LineString", "coordinates": [[77.7332369, 12.9384622], [77.7330793, 12.9387079], [77.7329196, 12.9391765]]}}, {"type": "Feature", "id": 553, "properties": {"id": 553, "osm_id": 1206056134, "name": "MD382", "kind": "drain", "length_m": 16}, "geometry": {"type": "LineString", "coordinates": [[77.7333039, 12.9383378], [77.7332369, 12.9384622]]}}, {"type": "Feature", "id": 554, "properties": {"id": 554, "osm_id": 1206857021, "name": "", "kind": "drain", "length_m": 117}, "geometry": {"type": "LineString", "coordinates": [[77.6190473, 12.9228536], [77.6181685, 12.922873], [77.6180787, 12.9226991]]}}, {"type": "Feature", "id": 555, "properties": {"id": 555, "osm_id": 1220006235, "name": "", "kind": "drain", "length_m": 659}, "geometry": {"type": "LineString", "coordinates": [[77.5755934, 12.910904], [77.5755264, 12.9107158], [77.5754647, 12.910606], [77.5751884, 12.9102818], [77.5751603, 12.910104], [77.5751294, 12.909619], [77.5750892, 12.909389], [77.5749779, 12.9092112], [77.574884, 12.9089864], [77.5748183, 12.9087511], [77.5748129, 12.9086086], [77.5748236, 12.9084896], [77.574833, 12.9083184], [77.5748169, 12.9079707], [77.5748612, 12.9078452], [77.575061, 12.9070569], [77.5751039, 12.9066268], [77.5751294, 12.9060817], [77.5751737, 12.9054699], [77.5753111, 12.9052078]]}}, {"type": "Feature", "id": 556, "properties": {"id": 556, "osm_id": 1226234880, "name": "", "kind": "drain", "length_m": 289}, "geometry": {"type": "LineString", "coordinates": [[77.6759765, 12.9109812], [77.6758236, 12.9110674], [77.6757511, 12.9111132], [77.6757069, 12.9111563], [77.6751342, 12.9115001], [77.6751007, 12.9114988], [77.675039, 12.9114635], [77.6749666, 12.9113942], [77.6749049, 12.9113733], [77.674862, 12.9113851], [77.6747011, 12.9115223], [77.6745763, 12.9116295], [77.6743041, 12.9118086], [77.6737875, 12.9121815]]}}, {"type": "Feature", "id": 557, "properties": {"id": 557, "osm_id": 1228013876, "name": "K200", "kind": "drain", "length_m": 220}, "geometry": {"type": "LineString", "coordinates": [[77.6030488, 12.9293862], [77.603125, 12.9293414], [77.6039951, 12.9287718], [77.6042033, 12.9286068], [77.6046391, 12.9281754]]}}, {"type": "Feature", "id": 558, "properties": {"id": 558, "osm_id": 1228013877, "name": "K200", "kind": "drain", "length_m": 7}, "geometry": {"type": "LineString", "coordinates": [[77.6029935, 12.9294187], [77.6030488, 12.9293862]]}}, {"type": "Feature", "id": 559, "properties": {"id": 559, "osm_id": 1229017857, "name": "", "kind": "drain", "length_m": 42}, "geometry": {"type": "LineString", "coordinates": [[77.6686626, 12.9907705], [77.6686004, 12.9907402], [77.6683241, 12.990586]]}}, {"type": "Feature", "id": 560, "properties": {"id": 560, "osm_id": 1229017858, "name": "", "kind": "drain", "length_m": 21}, "geometry": {"type": "LineString", "coordinates": [[77.6687962, 12.9909049], [77.6686626, 12.9907705]]}}, {"type": "Feature", "id": 561, "properties": {"id": 561, "osm_id": 1230094106, "name": "", "kind": "drain", "length_m": 15}, "geometry": {"type": "LineString", "coordinates": [[77.6740606, 12.9674497], [77.6741958, 12.9674657]]}}, {"type": "Feature", "id": 562, "properties": {"id": 562, "osm_id": 1230113180, "name": "", "kind": "drain", "length_m": 55}, "geometry": {"type": "LineString", "coordinates": [[77.7188167, 12.9704674], [77.7191184, 12.9705706], [77.7192231, 12.970568], [77.719302, 12.9705666]]}}, {"type": "Feature", "id": 563, "properties": {"id": 563, "osm_id": 1230534729, "name": "", "kind": "drain", "length_m": 203}, "geometry": {"type": "LineString", "coordinates": [[77.7309376, 12.8815452], [77.7303046, 12.8823244], [77.730031, 12.8825283], [77.7298218, 12.8826172], [77.7296326, 12.8828197]]}}, {"type": "Feature", "id": 564, "properties": {"id": 564, "osm_id": 1230534730, "name": "", "kind": "drain", "length_m": 17}, "geometry": {"type": "LineString", "coordinates": [[77.7284999, 12.8843935], [77.7285155, 12.8845456]]}}, {"type": "Feature", "id": 565, "properties": {"id": 565, "osm_id": 1230534731, "name": "", "kind": "drain", "length_m": 94}, "geometry": {"type": "LineString", "coordinates": [[77.7288388, 12.8836355], [77.7284861, 12.8842593], [77.7284999, 12.8843935]]}}, {"type": "Feature", "id": 566, "properties": {"id": 566, "osm_id": 1230534732, "name": "", "kind": "drain", "length_m": 20}, "geometry": {"type": "LineString", "coordinates": [[77.7289281, 12.8834774], [77.7288388, 12.8836355]]}}, {"type": "Feature", "id": 567, "properties": {"id": 567, "osm_id": 1230534733, "name": "", "kind": "drain", "length_m": 92}, "geometry": {"type": "LineString", "coordinates": [[77.7295304, 12.882929], [77.7293819, 12.8830879], [77.7291352, 12.8832029], [77.7290064, 12.8833389], [77.7289281, 12.8834774]]}}, {"type": "Feature", "id": 568, "properties": {"id": 568, "osm_id": 1230534734, "name": "", "kind": "drain", "length_m": 16}, "geometry": {"type": "LineString", "coordinates": [[77.7296326, 12.8828197], [77.7295304, 12.882929]]}}, {"type": "Feature", "id": 569, "properties": {"id": 569, "osm_id": 1232427281, "name": "Dakshina Pinakini", "kind": "river", "length_m": 1202}, "geometry": {"type": "LineString", "coordinates": [[77.7779998, 12.9785829], [77.778326, 12.978516], [77.7784976, 12.9781982], [77.778592, 12.9777047], [77.7786779, 12.9769771], [77.7784032, 12.9764251], [77.777914, 12.9762327], [77.7774934, 12.9763582], [77.7773389, 12.9765756], [77.77709, 12.976584], [77.7768583, 12.9762327], [77.7766351, 12.9759902], [77.7767467, 12.9757894], [77.7766694, 12.9756389], [77.7764549, 12.9753378], [77.7762231, 12.9750367], [77.7761544, 12.9746603], [77.7764549, 12.9744345], [77.7767381, 12.9743341], [77.7770385, 12.9739159], [77.7773046, 12.9736399], [77.7776822, 12.9735562], [77.7779826, 12.9733555], [77.7780942, 12.9730628], [77.778283, 12.9728202], [77.7787208, 12.97277], [77.7789869, 12.9727449], [77.7791242, 12.972402], [77.7790555, 12.9720424], [77.7789525, 12.9718082]]}}, {"type": "Feature", "id": 570, "properties": {"id": 570, "osm_id": 1232427283, "name": "", "kind": "drain", "length_m": 945}, "geometry": {"type": "LineString", "coordinates": [[77.7681981, 12.9835354], [77.7682231, 12.9835655], [77.7683279, 12.9836082], [77.7688855, 12.9837946], [77.7690522, 12.9838487], [77.7692223, 12.9839111], [77.7694237, 12.9839661], [77.7696808, 12.9840154], [77.7697787, 12.9840272], [77.7701314, 12.9840037], [77.7702776, 12.9840037], [77.7705646, 12.9839775], [77.7711587, 12.9839815], [77.7714792, 12.9840337], [77.7716401, 12.9841017], [77.7717846, 12.9841331], [77.7719405, 12.9841474], [77.7721545, 12.984172], [77.7723611, 12.9842172], [77.7724984, 12.9842716], [77.7726111, 12.9843095], [77.7727801, 12.9843421], [77.7738556, 12.9843604], [77.7743277, 12.9844349], [77.7744831, 12.9844579], [77.7747662, 12.9845369], [77.7750868, 12.9846009], [77.7754958, 12.9847424], [77.7756121, 12.9847855], [77.7758995, 12.9848884], [77.7760617, 12.9849746], [77.7761378, 12.985018], [77.7762549, 12.9851001], [77.776319, 12.9851447], [77.7764768, 12.985236], [77.7765667, 12.9852903]]}}, {"type": "Feature", "id": 571, "properties": {"id": 571, "osm_id": 1232427284, "name": "", "kind": "drain", "length_m": 25}, "geometry": {"type": "LineString", "coordinates": [[77.768084, 12.9833376], [77.7681981, 12.9835354]]}}, {"type": "Feature", "id": 572, "properties": {"id": 572, "osm_id": 1232427287, "name": "", "kind": "drain", "length_m": 566}, "geometry": {"type": "LineString", "coordinates": [[77.7654162, 12.9802195], [77.7655116, 12.9802306], [77.7656083, 12.9802629], [77.7663315, 12.9805264], [77.7666072, 12.9806461], [77.7666749, 12.9807338], [77.766715, 12.9808364], [77.766742, 12.9809501], [77.7667508, 12.9810211], [77.7667341, 12.981383], [77.7667181, 12.9817207], [77.7667101, 12.9822591], [77.7667284, 12.9827382], [77.7667959, 12.9832017], [77.7668472, 12.9832025], [77.7669586, 12.9832129], [77.7670955, 12.9832263], [77.767146, 12.9832352], [77.7672295, 12.9832368], [77.7673344, 12.9832507], [77.7674912, 12.9832614], [77.7677874, 12.9832916], [77.7678749, 12.9833011], [77.767967, 12.9833119], [77.768084, 12.9833376]]}}, {"type": "Feature", "id": 573, "properties": {"id": 573, "osm_id": 1232427288, "name": "", "kind": "drain", "length_m": 58}, "geometry": {"type": "LineString", "coordinates": [[77.7680071, 12.9840286], [77.7680452, 12.983992], [77.7681026, 12.9838921], [77.7681716, 12.9837988], [77.7682391, 12.9837115], [77.7683189, 12.9836188], [77.7683279, 12.9836082]]}}, {"type": "Feature", "id": 574, "properties": {"id": 574, "osm_id": 1232427289, "name": "", "kind": "drain", "length_m": 8}, "geometry": {"type": "LineString", "coordinates": [[77.7679468, 12.9840769], [77.7680071, 12.9840286]]}}, {"type": "Feature", "id": 575, "properties": {"id": 575, "osm_id": 1232427297, "name": "", "kind": "drain", "length_m": 117}, "geometry": {"type": "LineString", "coordinates": [[77.7678618, 12.9851033], [77.7678637, 12.9850043], [77.767852, 12.9846759], [77.7678373, 12.9845397], [77.7678283, 12.9844069], [77.7678286, 12.9843737], [77.7678481, 12.9842791], [77.7678712, 12.9842113], [77.7679031, 12.9841593], [77.7679196, 12.9841324], [77.7679364, 12.9840936], [77.7679468, 12.9840769]]}}, {"type": "Feature", "id": 576, "properties": {"id": 576, "osm_id": 1232427298, "name": "", "kind": "drain", "length_m": 5}, "geometry": {"type": "LineString", "coordinates": [[77.767861, 12.985149], [77.7678618, 12.9851033]]}}, {"type": "Feature", "id": 577, "properties": {"id": 577, "osm_id": 1232428537, "name": "", "kind": "drain", "length_m": 169}, "geometry": {"type": "LineString", "coordinates": [[77.7624075, 12.9813504], [77.7624508, 12.9814642], [77.7624579, 12.9814875], [77.7624854, 12.9815138], [77.7625141, 12.9815278], [77.7625549, 12.9815293], [77.7626214, 12.9815206], [77.7626682, 12.9815333], [77.7627221, 12.9815501], [77.7627767, 12.9815781], [77.7628099, 12.9815999], [77.7628274, 12.9816288], [77.762867, 12.981793], [77.7628971, 12.9819273], [77.76291, 12.98195], [77.7629372, 12.9819686], [77.7629706, 12.9819795], [77.7630534, 12.9819939], [77.7631846, 12.9820281], [77.7632245, 12.9820472], [77.7632688, 12.9820733], [77.7633008, 12.9820913], [77.7633382, 12.9821208], [77.7634197, 12.9821646], [77.7634999, 12.9821955]]}}, {"type": "Feature", "id": 578, "properties": {"id": 578, "osm_id": 1232428538, "name": "", "kind": "drain", "length_m": 37}, "geometry": {"type": "LineString", "coordinates": [[77.7635789, 12.9822915], [77.763718, 12.9824606], [77.7638072, 12.9825407]]}}, {"type": "Feature", "id": 579, "properties": {"id": 579, "osm_id": 1232428539, "name": "", "kind": "drain", "length_m": 13}, "geometry": {"type": "LineString", "coordinates": [[77.7638072, 12.9825407], [77.7639251, 12.9825585]]}}, {"type": "Feature", "id": 580, "properties": {"id": 580, "osm_id": 1232428540, "name": "", "kind": "drain", "length_m": 71}, "geometry": {"type": "LineString", "coordinates": [[77.7639251, 12.9825585], [77.7640549, 12.9825782], [77.7645692, 12.982645]]}}, {"type": "Feature", "id": 581, "properties": {"id": 581, "osm_id": 1232428541, "name": "", "kind": "drain", "length_m": 10}, "geometry": {"type": "LineString", "coordinates": [[77.7645692, 12.982645], [77.7646594, 12.9826556]]}}, {"type": "Feature", "id": 582, "properties": {"id": 582, "osm_id": 1232428542, "name": "", "kind": "drain", "length_m": 80}, "geometry": {"type": "LineString", "coordinates": [[77.7646594, 12.9826556], [77.7647419, 12.982677], [77.7648969, 12.9827499], [77.7649882, 12.9827975], [77.7650472, 12.9828341], [77.7651965, 12.9829524], [77.7652879, 12.9830152]]}}, {"type": "Feature", "id": 583, "properties": {"id": 583, "osm_id": 1232428543, "name": "", "kind": "drain", "length_m": 14}, "geometry": {"type": "LineString", "coordinates": [[77.7667031, 12.9832832], [77.7667959, 12.9832017]]}}, {"type": "Feature", "id": 584, "properties": {"id": 584, "osm_id": 1232428544, "name": "", "kind": "drain", "length_m": 11}, "geometry": {"type": "LineString", "coordinates": [[77.7664859, 12.9833494], [77.7665842, 12.9833195]]}}, {"type": "Feature", "id": 585, "properties": {"id": 585, "osm_id": 1232428545, "name": "", "kind": "drain", "length_m": 14}, "geometry": {"type": "LineString", "coordinates": [[77.7665842, 12.9833195], [77.7667031, 12.9832832]]}}, {"type": "Feature", "id": 586, "properties": {"id": 586, "osm_id": 1232428546, "name": "", "kind": "drain", "length_m": 6}, "geometry": {"type": "LineString", "coordinates": [[77.7664367, 12.9833644], [77.7664859, 12.9833494]]}}, {"type": "Feature", "id": 587, "properties": {"id": 587, "osm_id": 1232428547, "name": "", "kind": "drain", "length_m": 17}, "geometry": {"type": "LineString", "coordinates": [[77.76616, 12.9833546], [77.76624, 12.9833721], [77.766312, 12.9833787]]}}, {"type": "Feature", "id": 588, "properties": {"id": 588, "osm_id": 1232428548, "name": "", "kind": "drain", "length_m": 14}, "geometry": {"type": "LineString", "coordinates": [[77.766312, 12.9833787], [77.7664367, 12.9833644]]}}, {"type": "Feature", "id": 589, "properties": {"id": 589, "osm_id": 1232428549, "name": "", "kind": "drain", "length_m": 27}, "geometry": {"type": "LineString", "coordinates": [[77.7659258, 12.9832859], [77.7660154, 12.9833114], [77.76616, 12.9833546]]}}, {"type": "Feature", "id": 590, "properties": {"id": 590, "osm_id": 1232428550, "name": "", "kind": "drain", "length_m": 11}, "geometry": {"type": "LineString", "coordinates": [[77.7658321, 12.9832592], [77.7659258, 12.9832859]]}}, {"type": "Feature", "id": 591, "properties": {"id": 591, "osm_id": 1232428551, "name": "", "kind": "drain", "length_m": 14}, "geometry": {"type": "LineString", "coordinates": [[77.765705, 12.9832229], [77.7658321, 12.9832592]]}}, {"type": "Feature", "id": 592, "properties": {"id": 592, "osm_id": 1232428552, "name": "", "kind": "drain", "length_m": 10}, "geometry": {"type": "LineString", "coordinates": [[77.7656139, 12.9831958], [77.765705, 12.9832229]]}}, {"type": "Feature", "id": 593, "properties": {"id": 593, "osm_id": 1232428553, "name": "", "kind": "drain", "length_m": 32}, "geometry": {"type": "LineString", "coordinates": [[77.765352, 12.9830592], [77.7654161, 12.9831033], [77.7654646, 12.9831379], [77.7655936, 12.9831897], [77.7656139, 12.9831958]]}}, {"type": "Feature", "id": 594, "properties": {"id": 594, "osm_id": 1232428554, "name": "", "kind": "drain", "length_m": 8}, "geometry": {"type": "LineString", "coordinates": [[77.7652879, 12.9830152], [77.765352, 12.9830592]]}}, {"type": "Feature", "id": 595, "properties": {"id": 595, "osm_id": 1232428555, "name": "", "kind": "drain", "length_m": 10}, "geometry": {"type": "LineString", "coordinates": [[77.7635211, 12.9822212], [77.7635789, 12.9822915]]}}, {"type": "Feature", "id": 596, "properties": {"id": 596, "osm_id": 1232428556, "name": "", "kind": "drain", "length_m": 4}, "geometry": {"type": "LineString", "coordinates": [[77.7634999, 12.9821955], [77.7635211, 12.9822212]]}}, {"type": "Feature", "id": 597, "properties": {"id": 597, "osm_id": 1232632029, "name": "", "kind": "drain", "length_m": 19}, "geometry": {"type": "LineString", "coordinates": [[77.7210617, 12.8904194], [77.7210417, 12.8905903]]}}, {"type": "Feature", "id": 598, "properties": {"id": 598, "osm_id": 1232632030, "name": "", "kind": "drain", "length_m": 11}, "geometry": {"type": "LineString", "coordinates": [[77.7210417, 12.8905903], [77.7210301, 12.890689]]}}, {"type": "Feature", "id": 599, "properties": {"id": 599, "osm_id": 1239599581, "name": "", "kind": "drain", "length_m": 48}, "geometry": {"type": "LineString", "coordinates": [[77.6624047, 12.9995841], [77.6626405, 12.99947], [77.6628144, 12.999413]]}}, {"type": "Feature", "id": 600, "properties": {"id": 600, "osm_id": 1239599582, "name": "", "kind": "drain", "length_m": 19}, "geometry": {"type": "LineString", "coordinates": [[77.6622482, 12.999653], [77.6624047, 12.9995841]]}}, {"type": "Feature", "id": 601, "properties": {"id": 601, "osm_id": 1239599583, "name": "", "kind": "drain", "length_m": 242}, "geometry": {"type": "LineString", "coordinates": [[77.6637214, 12.9993204], [77.6642514, 12.9993421], [77.6649928, 12.9991584], [77.6655128, 12.9985787], [77.6655974, 12.9984585]]}}, {"type": "Feature", "id": 602, "properties": {"id": 602, "osm_id": 1239599584, "name": "", "kind": "drain", "length_m": 48}, "geometry": {"type": "LineString", "coordinates": [[77.6632816, 12.9992956], [77.6637214, 12.9993204]]}}, {"type": "Feature", "id": 603, "properties": {"id": 603, "osm_id": 1239913146, "name": "", "kind": "ditch", "length_m": 116}, "geometry": {"type": "LineString", "coordinates": [[77.7096202, 12.9718232], [77.7095486, 12.9716564], [77.7094491, 12.9715834], [77.7093802, 12.9713142], [77.7093619, 12.97115], [77.7092055, 12.9708848]]}}, {"type": "Feature", "id": 604, "properties": {"id": 604, "osm_id": 1239913147, "name": "", "kind": "ditch", "length_m": 11}, "geometry": {"type": "LineString", "coordinates": [[77.7092055, 12.9708848], [77.7091564, 12.9708014]]}}, {"type": "Feature", "id": 605, "properties": {"id": 605, "osm_id": 1240048346, "name": "", "kind": "ditch", "length_m": 1017}, "geometry": {"type": "LineString", "coordinates": [[77.6958478, 12.8767942], [77.6956022, 12.8764909], [77.6952924, 12.8758019], [77.6952642, 12.8755117], [77.6951918, 12.8751208], [77.6951462, 12.8744174], [77.6955163, 12.8742318], [77.6960944, 12.8740298], [77.6963338, 12.873899], [77.696903, 12.8734081], [77.6970962, 12.8732774], [77.6971766, 12.8733061], [77.6978874, 12.8729113], [77.6984909, 12.8727753], [77.6987323, 12.8729244], [77.6991856, 12.8728355], [77.7001485, 12.8723831], [77.7011704, 12.8718654]]}}, {"type": "Feature", "id": 606, "properties": {"id": 606, "osm_id": 1240662306, "name": "", "kind": "drain", "length_m": 119}, "geometry": {"type": "LineString", "coordinates": [[77.6497726, 12.9455803], [77.6499014, 12.9458064], [77.6499939, 12.9458927], [77.650069, 12.945894], [77.6501897, 12.9460613], [77.6504177, 12.9464037]]}}, {"type": "Feature", "id": 607, "properties": {"id": 607, "osm_id": 1240738197, "name": "C100", "kind": "drain", "length_m": 484}, "geometry": {"type": "LineString", "coordinates": [[77.6447876, 12.9572827], [77.6449363, 12.9571424], [77.6450513, 12.9570653], [77.6451107, 12.9570254], [77.6451337, 12.9570099], [77.6453295, 12.956908], [77.6456722, 12.9567124], [77.6460275, 12.956157], [77.6461566, 12.9559552], [77.6461774, 12.9559227], [77.6462112, 12.9558699], [77.6462156, 12.955863], [77.6462549, 12.9558016], [77.6464962, 12.9554242], [77.647121, 12.9551869], [77.647212, 12.9550831], [77.6476289, 12.9541525]]}}, {"type": "Feature", "id": 608, "properties": {"id": 608, "osm_id": 1240738198, "name": "C100", "kind": "drain", "length_m": 72}, "geometry": {"type": "LineString", "coordinates": [[77.6442756, 12.9576919], [77.6446331, 12.9574428], [77.6447876, 12.9572827]]}}, {"type": "Feature", "id": 609, "properties": {"id": 609, "osm_id": 1241644937, "name": "", "kind": "drain", "length_m": 263}, "geometry": {"type": "LineString", "coordinates": [[77.7624455, 12.9170263], [77.7637143, 12.918979], [77.7637454, 12.9190269]]}}, {"type": "Feature", "id": 610, "properties": {"id": 610, "osm_id": 1241644938, "name": "", "kind": "drain", "length_m": 12}, "geometry": {"type": "LineString", "coordinates": [[77.7623839, 12.9169315], [77.7624455, 12.9170263]]}}, {"type": "Feature", "id": 611, "properties": {"id": 611, "osm_id": 1243260553, "name": "", "kind": "drain", "length_m": 168}, "geometry": {"type": "LineString", "coordinates": [[77.6828279, 12.9145795], [77.6828101, 12.9149289], [77.6827832, 12.9152282], [77.6826607, 12.9159243], [77.6824963, 12.9159571]]}}, {"type": "Feature", "id": 612, "properties": {"id": 612, "osm_id": 1243260554, "name": "", "kind": "drain", "length_m": 71}, "geometry": {"type": "LineString", "coordinates": [[77.6826504, 12.9139656], [77.6828279, 12.9145795]]}}, {"type": "Feature", "id": 613, "properties": {"id": 613, "osm_id": 1243270183, "name": "", "kind": "drain", "length_m": 408}, "geometry": {"type": "LineString", "coordinates": [[77.6794284, 12.92705], [77.6794432, 12.9277023], [77.6792011, 12.9290943], [77.6789886, 12.9297374], [77.678683, 12.9306343]]}}, {"type": "Feature", "id": 614, "properties": {"id": 614, "osm_id": 1243682770, "name": "", "kind": "drain", "length_m": 297}, "geometry": {"type": "LineString", "coordinates": [[77.6662635, 12.9075654], [77.6663088, 12.9077362], [77.6665694, 12.9084156], [77.666874, 12.9092358], [77.6670554, 12.9095811], [77.6674873, 12.9098766]]}}, {"type": "Feature", "id": 615, "properties": {"id": 615, "osm_id": 1244269660, "name": "Vrishabhavathi", "kind": "river", "length_m": 66}, "geometry": {"type": "LineString", "coordinates": [[77.5716129, 12.9896431], [77.5716144, 12.989602], [77.5716184, 12.9894256], [77.5715792, 12.9892368], [77.5714737, 12.989077]]}}, {"type": "Feature", "id": 616, "properties": {"id": 616, "osm_id": 1244269661, "name": "Vrishabhavathi", "kind": "river", "length_m": 73}, "geometry": {"type": "LineString", "coordinates": [[77.5716708, 12.9902854], [77.5716085, 12.9901843], [77.5715961, 12.9900897], [77.5716129, 12.9896431]]}}, {"type": "Feature", "id": 617, "properties": {"id": 617, "osm_id": 1245237770, "name": "", "kind": "drain", "length_m": 349}, "geometry": {"type": "LineString", "coordinates": [[77.6797758, 12.9416854], [77.6796269, 12.9407639], [77.6796484, 12.940628], [77.6796216, 12.9405103], [77.6795948, 12.9403247], [77.6796564, 12.9401287], [77.6796685, 12.9399967], [77.6796269, 12.9396817], [77.6796283, 12.9396124], [77.6796457, 12.9395078], [77.6799419, 12.9389795], [77.6799657, 12.9387933], [77.6800267, 12.9386569]]}}, {"type": "Feature", "id": 618, "properties": {"id": 618, "osm_id": 1245237771, "name": "", "kind": "drain", "length_m": 112}, "geometry": {"type": "LineString", "coordinates": [[77.6785219, 12.938304], [77.6787633, 12.9381825], [77.678825, 12.938155], [77.6789738, 12.9381093], [77.6792715, 12.9380936], [77.679502, 12.9380468]]}}, {"type": "Feature", "id": 619, "properties": {"id": 619, "osm_id": 1245759281, "name": "", "kind": "drain", "length_m": 295}, "geometry": {"type": "LineString", "coordinates": [[77.7455422, 12.9513688], [77.7462838, 12.9514906], [77.7464488, 12.95159], [77.7468927, 12.9518108], [77.7471046, 12.9519533], [77.7473541, 12.9521336], [77.7476652, 12.9523088], [77.7480126, 12.9523568]]}}, {"type": "Feature", "id": 620, "properties": {"id": 620, "osm_id": 1248741160, "name": "", "kind": "drain", "length_m": 67}, "geometry": {"type": "LineString", "coordinates": [[77.7304353, 12.9996116], [77.730192, 13.0001671]]}}, {"type": "Feature", "id": 621, "properties": {"id": 621, "osm_id": 1248741161, "name": "", "kind": "drain", "length_m": 88}, "geometry": {"type": "LineString", "coordinates": [[77.7307527, 12.9988851], [77.7307123, 12.9990251], [77.7304353, 12.9996116]]}}, {"type": "Feature", "id": 622, "properties": {"id": 622, "osm_id": 1257318348, "name": "", "kind": "drain", "length_m": 226}, "geometry": {"type": "LineString", "coordinates": [[77.5899577, 12.971636], [77.590017, 12.9713822], [77.5902021, 12.9710946], [77.590477, 12.9708437], [77.5911719, 12.9703602], [77.5913729, 12.9702203]]}}, {"type": "Feature", "id": 623, "properties": {"id": 623, "osm_id": 1257318349, "name": "", "kind": "drain", "length_m": 26}, "geometry": {"type": "LineString", "coordinates": [[77.5897362, 12.9717192], [77.5899577, 12.971636]]}}, {"type": "Feature", "id": 624, "properties": {"id": 624, "osm_id": 1257432363, "name": "", "kind": "ditch", "length_m": 298}, "geometry": {"type": "LineString", "coordinates": [[77.7040324, 12.9650045], [77.7046868, 12.9650149], [77.7047673, 12.9651221], [77.7049081, 12.9652685], [77.7049282, 12.965586], [77.7051401, 12.9657311], [77.705517, 12.9656553], [77.7062693, 12.9654502]]}}, {"type": "Feature", "id": 625, "properties": {"id": 625, "osm_id": 1261422207, "name": "", "kind": "drain", "length_m": 156}, "geometry": {"type": "LineString", "coordinates": [[77.6357487, 12.8718942], [77.6360813, 12.8732617]]}}, {"type": "Feature", "id": 626, "properties": {"id": 626, "osm_id": 1261422208, "name": "", "kind": "drain", "length_m": 258}, "geometry": {"type": "LineString", "coordinates": [[77.644541, 12.8746658], [77.6445007, 12.8752515], [77.6444283, 12.8758817], [77.6443398, 12.8759575], [77.6440448, 12.8759105], [77.6438892, 12.876117], [77.6437512, 12.8765371]]}}, {"type": "Feature", "id": 627, "properties": {"id": 627, "osm_id": 1261422246, "name": "", "kind": "drain", "length_m": 316}, "geometry": {"type": "LineString", "coordinates": [[77.6258627, 12.8727956], [77.6265105, 12.8728329], [77.6266634, 12.8728302], [77.6269443, 12.8729388], [77.62734, 12.8730643], [77.6279703, 12.873178], [77.628719, 12.8732199]]}}, {"type": "Feature", "id": 628, "properties": {"id": 628, "osm_id": 1261422275, "name": "", "kind": "drain", "length_m": 392}, "geometry": {"type": "LineString", "coordinates": [[77.6208946, 12.8745665], [77.6209965, 12.8748253], [77.6209965, 12.8752542], [77.6208571, 12.8756359], [77.620841, 12.8757405], [77.6208973, 12.8762713], [77.6209536, 12.8764386], [77.6212862, 12.8765772], [77.6213989, 12.8765798], [77.6216483, 12.8765171], [77.6216842, 12.8765111], [77.6217206, 12.8765113], [77.6217564, 12.8765177], [77.6217905, 12.8765302], [77.6218227, 12.8765489], [77.6218509, 12.876573], [77.6218742, 12.8766016], [77.6218918, 12.8766339], [77.6219031, 12.8766687], [77.622048, 12.8772205]]}}, {"type": "Feature", "id": 629, "properties": {"id": 629, "osm_id": 1263173335, "name": "", "kind": "drain", "length_m": 76}, "geometry": {"type": "LineString", "coordinates": [[77.7174829, 12.9429888], [77.7176177, 12.9429009], [77.7177425, 12.9428356], [77.717827, 12.9427441], [77.7179691, 12.9425164]]}}, {"type": "Feature", "id": 630, "properties": {"id": 630, "osm_id": 1263173354, "name": "", "kind": "drain", "length_m": 1024}, "geometry": {"type": "LineString", "coordinates": [[77.7211639, 12.9445152], [77.7214238, 12.9446484], [77.7223331, 12.9445491], [77.7231297, 12.9445726], [77.7235186, 12.9452523], [77.7235454, 12.9454039], [77.7234811, 12.9455372], [77.7234971, 12.9455816], [77.7236178, 12.9456862], [77.7244332, 12.9462351], [77.7249737, 12.946422], [77.7250543, 12.9464449], [77.7251534, 12.946473], [77.7251843, 12.9465122], [77.7252701, 12.9467736], [77.7254149, 12.9469671], [77.7255289, 12.9470546], [77.7257945, 12.9470965], [77.7258883, 12.9471278], [77.7259138, 12.94715], [77.725946, 12.9472572], [77.7259688, 12.9473056], [77.7259997, 12.9473278], [77.7265522, 12.9474154], [77.7266192, 12.9474441], [77.726642, 12.9474729], [77.7266595, 12.9474912], [77.7266957, 12.9477212], [77.7267185, 12.9477447], [77.7267909, 12.9477709], [77.7271758, 12.9477852], [77.7272254, 12.9478179], [77.727326, 12.9478767], [77.7274092, 12.9479016], [77.7277511, 12.9478663], [77.7278732, 12.9478702], [77.7280354, 12.9478963], [77.7284418, 12.9478611], [77.7285625, 12.9478519], [77.7286215, 12.9478624], [77.7287197, 12.9479397]]}}, {"type": "Feature", "id": 631, "properties": {"id": 631, "osm_id": 1270568462, "name": "", "kind": "drain", "length_m": 1074}, "geometry": {"type": "LineString", "coordinates": [[77.5702853, 12.9047575], [77.569533, 12.9046699], [77.568371, 12.9048092], [77.5682737, 12.9047464], [77.5674432, 12.9042372], [77.5669198, 12.9043693], [77.5668468, 12.9043189], [77.5666945, 12.9043444], [77.5665651, 12.9043536], [77.5665021, 12.9042712], [77.5663485, 12.9040261], [77.5662835, 12.9037333], [77.5662399, 12.9036758], [77.5661521, 12.9036392], [77.5658537, 12.9036039], [77.5657041, 12.9034914], [77.5653568, 12.9032548], [77.5648773, 12.9031601], [77.5642866, 12.9030862], [77.5639392, 12.9030306], [77.5636844, 12.9030725], [77.5632621, 12.9032643], [77.5623449, 12.9033978], [77.562291, 12.9032967], [77.5621284, 12.9033637], [77.5617859, 12.9026693]]}}, {"type": "Feature", "id": 632, "properties": {"id": 632, "osm_id": 1270893897, "name": "", "kind": "drain", "length_m": 32}, "geometry": {"type": "LineString", "coordinates": [[77.7195274, 12.9090456], [77.7194204, 12.9093145]]}}, {"type": "Feature", "id": 633, "properties": {"id": 633, "osm_id": 1270917140, "name": "", "kind": "drain", "length_m": 284}, "geometry": {"type": "LineString", "coordinates": [[77.7498458, 12.9429127], [77.7498177, 12.9434982], [77.7497949, 12.9439465], [77.7496929, 12.9443465], [77.7495991, 12.9451921], [77.7495535, 12.9454518]]}}, {"type": "Feature", "id": 634, "properties": {"id": 634, "osm_id": 1270931175, "name": "", "kind": "drain", "length_m": 337}, "geometry": {"type": "LineString", "coordinates": [[77.7449226, 12.9548299], [77.7450514, 12.9548195], [77.7457233, 12.954826], [77.7460371, 12.9549123], [77.7466419, 12.955154], [77.7468243, 12.9552638], [77.7470979, 12.9553958], [77.7475177, 12.9557422], [77.7477735, 12.9557741]]}}, {"type": "Feature", "id": 635, "properties": {"id": 635, "osm_id": 1272642940, "name": "", "kind": "drain", "length_m": 39}, "geometry": {"type": "LineString", "coordinates": [[77.7263242, 12.9973812], [77.7264789, 12.9975909], [77.7264852, 12.9976491], [77.7264809, 12.997688]]}}, {"type": "Feature", "id": 636, "properties": {"id": 636, "osm_id": 1272642991, "name": "", "kind": "drain", "length_m": 35}, "geometry": {"type": "LineString", "coordinates": [[77.7315008, 12.9963909], [77.7314472, 12.9967017]]}}, {"type": "Feature", "id": 637, "properties": {"id": 637, "osm_id": 1272642992, "name": "", "kind": "drain", "length_m": 5}, "geometry": {"type": "LineString", "coordinates": [[77.7315089, 12.9963436], [77.7315008, 12.9963909]]}}, {"type": "Feature", "id": 638, "properties": {"id": 638, "osm_id": 1274609997, "name": "", "kind": "drain", "length_m": 950}, "geometry": {"type": "LineString", "coordinates": [[77.7483022, 12.9289924], [77.7469826, 12.9302276], [77.7468351, 12.9310053], [77.7468136, 12.9315727], [77.7468096, 12.9319321], [77.7468686, 12.9323203], [77.7468806, 12.9328248], [77.7469987, 12.9331712], [77.7470979, 12.9337502], [77.7471891, 12.9341685], [77.7471971, 12.9345502], [77.7471864, 12.9349893], [77.7470201, 12.9357056], [77.7457836, 12.9359517]]}}, {"type": "Feature", "id": 639, "properties": {"id": 639, "osm_id": 1274663096, "name": "", "kind": "drain", "length_m": 130}, "geometry": {"type": "LineString", "coordinates": [[77.6652153, 12.9269716], [77.6650529, 12.9269492], [77.664703, 12.9268976], [77.664376, 12.9268443], [77.6640353, 12.9267763]]}}, {"type": "Feature", "id": 640, "properties": {"id": 640, "osm_id": 1274663097, "name": "", "kind": "drain", "length_m": 12}, "geometry": {"type": "LineString", "coordinates": [[77.6640353, 12.9267763], [77.6640084, 12.9268787]]}}, {"type": "Feature", "id": 641, "properties": {"id": 641, "osm_id": 1274663099, "name": "", "kind": "drain", "length_m": 1729}, "geometry": {"type": "LineString", "coordinates": [[77.6637053, 12.9279781], [77.664172, 12.9279415], [77.6646563, 12.9279314], [77.6654273, 12.9279153], [77.6659638, 12.9308799], [77.6695526, 12.9308903], [77.6710107, 12.9308767], [77.6729697, 12.9307962], [77.6731467, 12.9308328], [77.6732952, 12.9310337], [77.6735061, 12.9310681], [77.6740748, 12.931204], [77.6753622, 12.9318628], [77.6758128, 12.9319987], [77.676301, 12.9319569], [77.676419, 12.9318314], [77.6766702, 12.9316735]]}}, {"type": "Feature", "id": 642, "properties": {"id": 642, "osm_id": 1274663100, "name": "", "kind": "drain", "length_m": 10}, "geometry": {"type": "LineString", "coordinates": [[77.6636485, 12.9280488], [77.6637053, 12.9279781]]}}, {"type": "Feature", "id": 643, "properties": {"id": 643, "osm_id": 1274696769, "name": "", "kind": "drain", "length_m": 310}, "geometry": {"type": "LineString", "coordinates": [[77.7457085, 12.9357474], [77.7457836, 12.9359517], [77.7458641, 12.9361709], [77.7462772, 12.936848], [77.7465587, 12.9371946], [77.7467212, 12.9372169], [77.7471143, 12.9372155], [77.747117, 12.9377903]]}}, {"type": "Feature", "id": 644, "properties": {"id": 644, "osm_id": 1274696771, "name": "", "kind": "drain", "length_m": 149}, "geometry": {"type": "LineString", "coordinates": [[77.74746, 12.9385171], [77.7478771, 12.9384956], [77.7479454, 12.9387269], [77.7480266, 12.9394196]]}}, {"type": "Feature", "id": 645, "properties": {"id": 645, "osm_id": 1274696772, "name": "", "kind": "drain", "length_m": 18}, "geometry": {"type": "LineString", "coordinates": [[77.7474372, 12.9383524], [77.74746, 12.9385171]]}}, {"type": "Feature", "id": 646, "properties": {"id": 646, "osm_id": 1274696773, "name": "", "kind": "drain", "length_m": 111}, "geometry": {"type": "LineString", "coordinates": [[77.7481899, 12.9394961], [77.748293, 12.9396372], [77.748412, 12.9398679], [77.7485293, 12.9399998], [77.7486617, 12.9401263], [77.7487683, 12.9402126], [77.7488381, 12.940259]]}}, {"type": "Feature", "id": 647, "properties": {"id": 647, "osm_id": 1274696774, "name": "", "kind": "drain", "length_m": 20}, "geometry": {"type": "LineString", "coordinates": [[77.7480266, 12.9394196], [77.7481899, 12.9394961]]}}, {"type": "Feature", "id": 648, "properties": {"id": 648, "osm_id": 1274696775, "name": "", "kind": "drain", "length_m": 310}, "geometry": {"type": "LineString", "coordinates": [[77.7489497, 12.9403302], [77.7490922, 12.9404264], [77.7491486, 12.9406189], [77.7491379, 12.9406684], [77.7491576, 12.9407453], [77.7491374, 12.940848], [77.7490925, 12.9409775], [77.7490879, 12.9410506], [77.7490988, 12.9411771], [77.7491309, 12.9412754], [77.7491344, 12.9414277], [77.7491129, 12.9414527], [77.7489835, 12.9414514], [77.7489073, 12.9413975], [77.7487661, 12.9413772], [77.7487154, 12.9414183], [77.748622, 12.9416157], [77.7485829, 12.9417496], [77.7485543, 12.9420683], [77.7486033, 12.942409], [77.7485948, 12.9425356]]}}, {"type": "Feature", "id": 649, "properties": {"id": 649, "osm_id": 1274696776, "name": "", "kind": "drain", "length_m": 14}, "geometry": {"type": "LineString", "coordinates": [[77.7488381, 12.940259], [77.7489497, 12.9403302]]}}, {"type": "Feature", "id": 650, "properties": {"id": 650, "osm_id": 1274696777, "name": "", "kind": "drain", "length_m": 238}, "geometry": {"type": "LineString", "coordinates": [[77.7485582, 12.942721], [77.7485158, 12.9429273], [77.7483759, 12.9436002], [77.7484015, 12.94394], [77.7483492, 12.9443478], [77.7484448, 12.9448372]]}}, {"type": "Feature", "id": 651, "properties": {"id": 651, "osm_id": 1274696778, "name": "", "kind": "drain", "length_m": 21}, "geometry": {"type": "LineString", "coordinates": [[77.7485948, 12.9425356], [77.7485582, 12.942721]]}}, {"type": "Feature", "id": 652, "properties": {"id": 652, "osm_id": 1274696779, "name": "", "kind": "drain", "length_m": 90}, "geometry": {"type": "LineString", "coordinates": [[77.7477631, 12.9416553], [77.7480367, 12.9416919], [77.7485829, 12.9417496]]}}, {"type": "Feature", "id": 653, "properties": {"id": 653, "osm_id": 1274696785, "name": "", "kind": "drain", "length_m": 402}, "geometry": {"type": "LineString", "coordinates": [[77.7462316, 12.9272539], [77.7438846, 12.9275101], [77.7435279, 12.9274814], [77.7432784, 12.9275755], [77.7428466, 12.927884], [77.7427338, 12.9280214]]}}, {"type": "Feature", "id": 654, "properties": {"id": 654, "osm_id": 1274775815, "name": "", "kind": "drain", "length_m": 259}, "geometry": {"type": "LineString", "coordinates": [[77.7452096, 12.9338953], [77.7452311, 12.9340848], [77.7452888, 12.9341802], [77.7454551, 12.9342195], [77.7459526, 12.9344874], [77.7466929, 12.9348534], [77.7471864, 12.9349893]]}}, {"type": "Feature", "id": 655, "properties": {"id": 655, "osm_id": 1278809793, "name": "", "kind": "drain", "length_m": 94}, "geometry": {"type": "LineString", "coordinates": [[77.6536927, 12.9181811], [77.6536377, 12.9184229], [77.6535961, 12.918704], [77.6535478, 12.919019]]}}, {"type": "Feature", "id": 656, "properties": {"id": 656, "osm_id": 1280086953, "name": "MD288", "kind": "drain", "length_m": 890}, "geometry": {"type": "LineString", "coordinates": [[77.748152, 12.9983952], [77.7483344, 12.9991009], [77.7484792, 12.999404], [77.748844, 13.0003188], [77.7488494, 13.0006219], [77.7489942, 13.0014112], [77.7491632, 13.0018372], [77.7494073, 13.0023938], [77.7495414, 13.0027597], [77.7496326, 13.0031439], [77.7497265, 13.0037711], [77.7499142, 13.0042468], [77.7500537, 13.0045447], [77.7499893, 13.0049184], [77.7498606, 13.0054541], [77.7496192, 13.00605]]}}, {"type": "Feature", "id": 657, "properties": {"id": 657, "osm_id": 1285829304, "name": "", "kind": "drain", "length_m": 184}, "geometry": {"type": "LineString", "coordinates": [[77.6459498, 12.881087], [77.6459807, 12.881017], [77.6460128, 12.8809942], [77.6460484, 12.8810151], [77.6460691, 12.8810491], [77.6461596, 12.8811929], [77.6462234, 12.8812511], [77.6462857, 12.8812778], [77.6465573, 12.8810673], [77.6473243, 12.8807903]]}}, {"type": "Feature", "id": 658, "properties": {"id": 658, "osm_id": 1285829305, "name": "", "kind": "drain", "length_m": 12}, "geometry": {"type": "LineString", "coordinates": [[77.6473243, 12.8807903], [77.6474266, 12.8807613]]}}, {"type": "Feature", "id": 659, "properties": {"id": 659, "osm_id": 1287763915, "name": "", "kind": "stream", "length_m": 1324}, "geometry": {"type": "LineString", "coordinates": [[77.6300975, 12.8666272], [77.6301588, 12.8666995], [77.6301878, 12.8673594], [77.6304327, 12.8681544], [77.6305423, 12.8690059], [77.6306132, 12.8702408], [77.6307135, 12.871003], [77.6307246, 12.8710871], [77.6320235, 12.8761707], [77.6323223, 12.8783326]]}}, {"type": "Feature", "id": 660, "properties": {"id": 660, "osm_id": 1294961985, "name": "", "kind": "drain", "length_m": 83}, "geometry": {"type": "LineString", "coordinates": [[77.581786, 12.9493541], [77.5818306, 12.9488334], [77.5818285, 12.9486044]]}}, {"type": "Feature", "id": 661, "properties": {"id": 661, "osm_id": 1294961992, "name": "", "kind": "drain", "length_m": 31}, "geometry": {"type": "LineString", "coordinates": [[77.5818276, 12.9485123], [77.5817475, 12.9482392]]}}, {"type": "Feature", "id": 662, "properties": {"id": 662, "osm_id": 1294961993, "name": "", "kind": "drain", "length_m": 10}, "geometry": {"type": "LineString", "coordinates": [[77.5818285, 12.9486044], [77.5818276, 12.9485123]]}}, {"type": "Feature", "id": 663, "properties": {"id": 663, "osm_id": 1296398951, "name": "", "kind": "drain", "length_m": 108}, "geometry": {"type": "LineString", "coordinates": [[77.6809728, 12.9302627], [77.6808862, 12.9305113], [77.680625, 12.9309127], [77.6806979, 12.9311371]]}}, {"type": "Feature", "id": 664, "properties": {"id": 664, "osm_id": 1296398952, "name": "", "kind": "drain", "length_m": 31}, "geometry": {"type": "LineString", "coordinates": [[77.6809844, 12.9299907], [77.6810017, 12.9301163], [77.6810069, 12.9301544], [77.6809728, 12.9302627]]}}, {"type": "Feature", "id": 665, "properties": {"id": 665, "osm_id": 1296416062, "name": "", "kind": "drain", "length_m": 243}, "geometry": {"type": "LineString", "coordinates": [[77.6780739, 12.9176203], [77.6781785, 12.9176818], [77.678428, 12.9176621], [77.6800795, 12.9185226]]}}, {"type": "Feature", "id": 666, "properties": {"id": 666, "osm_id": 1296416063, "name": "", "kind": "drain", "length_m": 15}, "geometry": {"type": "LineString", "coordinates": [[77.6779391, 12.9175988], [77.6780739, 12.9176203]]}}, {"type": "Feature", "id": 667, "properties": {"id": 667, "osm_id": 1296416077, "name": "", "kind": "drain", "length_m": 20}, "geometry": {"type": "LineString", "coordinates": [[77.6762675, 12.9168609], [77.6764244, 12.9169511]]}}, {"type": "Feature", "id": 668, "properties": {"id": 668, "osm_id": 1298279410, "name": "", "kind": "drain", "length_m": 1137}, "geometry": {"type": "LineString", "coordinates": [[77.7608724, 12.9420945], [77.7606659, 12.9422069], [77.759821, 12.9426212], [77.7584651, 12.9432264], [77.7583873, 12.9432917], [77.7584651, 12.9435035], [77.7585402, 12.9437649], [77.758567, 12.9442485], [77.7585375, 12.9445465], [77.7586019, 12.9446432], [77.7588648, 12.9448314], [77.759082, 12.9451738], [77.7590337, 12.9455189], [77.7588835, 12.9457777], [77.7585053, 12.9459084], [77.757647, 12.9461947], [77.7574472, 12.9464182], [77.7574459, 12.9467684], [77.7574968, 12.9469998], [77.757643, 12.9472258], [77.7576739, 12.9473931], [77.7576658, 12.9475526], [77.7571186, 12.9480153], [77.7568451, 12.9482767], [77.7565567, 12.9486041], [77.7563415, 12.9487125], [77.7560881, 12.9488188]]}}, {"type": "Feature", "id": 669, "properties": {"id": 669, "osm_id": 1300244529, "name": "K200", "kind": "drain", "length_m": 131}, "geometry": {"type": "LineString", "coordinates": [[77.6400158, 12.9260667], [77.6412178, 12.9260364]]}}, {"type": "Feature", "id": 670, "properties": {"id": 670, "osm_id": 1300244530, "name": "K200", "kind": "drain", "length_m": 341}, "geometry": {"type": "LineString", "coordinates": [[77.6396674, 12.9235469], [77.6393001, 12.923822], [77.639271, 12.9239735], [77.6393234, 12.9242553], [77.6394775, 12.925834], [77.6396468, 12.9259884], [77.6400158, 12.9260667]]}}, {"type": "Feature", "id": 671, "properties": {"id": 671, "osm_id": 1301138058, "name": "", "kind": "drain", "length_m": 567}, "geometry": {"type": "LineString", "coordinates": [[77.6553208, 12.995016], [77.655483, 12.9948383], [77.6566297, 12.9937027], [77.6567584, 12.9935197], [77.6589108, 12.9947512], [77.6592414, 12.9942226]]}}, {"type": "Feature", "id": 672, "properties": {"id": 672, "osm_id": 1301141836, "name": "", "kind": "drain", "length_m": 276}, "geometry": {"type": "LineString", "coordinates": [[77.7144058, 12.9851236], [77.7145567, 12.9852817], [77.7147404, 12.9853144], [77.7151441, 12.9852772], [77.7153888, 12.9852831], [77.7155578, 12.985304], [77.7158609, 12.9851994], [77.7163088, 12.9850282], [77.7164215, 12.9850165], [77.7167581, 12.9852242]]}}, {"type": "Feature", "id": 673, "properties": {"id": 673, "osm_id": 1302527274, "name": "", "kind": "drain", "length_m": 70}, "geometry": {"type": "LineString", "coordinates": [[77.6535478, 12.919019], [77.6535156, 12.9196477]]}}, {"type": "Feature", "id": 674, "properties": {"id": 674, "osm_id": 1302845996, "name": "", "kind": "stream", "length_m": 1846}, "geometry": {"type": "LineString", "coordinates": [[77.6802385, 12.8717062], [77.6805738, 12.8718708], [77.6814237, 12.872271], [77.6819214, 12.8722497], [77.6827132, 12.8726888], [77.6852086, 12.8741513], [77.6866979, 12.8747568], [77.6869485, 12.8749728], [77.686934, 12.8752985], [77.6878862, 12.87592], [77.6915925, 12.8760794], [77.6957409, 12.876886]]}}, {"type": "Feature", "id": 675, "properties": {"id": 675, "osm_id": 1302845997, "name": "", "kind": "stream", "length_m": 14}, "geometry": {"type": "LineString", "coordinates": [[77.6801263, 12.8716511], [77.6802385, 12.8717062]]}}, {"type": "Feature", "id": 676, "properties": {"id": 676, "osm_id": 1304106634, "name": "", "kind": "drain", "length_m": 1139}, "geometry": {"type": "LineString", "coordinates": [[77.7681197, 12.9972793], [77.7685878, 12.997048], [77.7688721, 12.9968794], [77.7710634, 12.9957164], [77.7712458, 12.995685], [77.771844, 12.9956667], [77.7726728, 12.9956328], [77.7733782, 12.9956798], [77.7734694, 12.9945821], [77.773633, 12.9936962], [77.7750599, 12.9934244], [77.7755551, 12.9922109]]}}, {"type": "Feature", "id": 677, "properties": {"id": 677, "osm_id": 1304243204, "name": "MD292B", "kind": "drain", "length_m": 30}, "geometry": {"type": "LineString", "coordinates": [[77.7578415, 12.9993015], [77.7581151, 12.9993256]]}}, {"type": "Feature", "id": 678, "properties": {"id": 678, "osm_id": 1304243205, "name": "MD292B", "kind": "drain", "length_m": 352}, "geometry": {"type": "LineString", "coordinates": [[77.7559693, 12.9971408], [77.7561772, 12.9971473], [77.7564172, 12.997112], [77.756546, 12.9971434], [77.7566184, 12.9972179], [77.7567244, 12.9974505], [77.7568236, 12.9977928], [77.7568732, 12.9979758], [77.7569698, 12.9982188], [77.7571656, 12.9984945], [77.7573399, 12.9987036], [77.7574432, 12.9989702], [77.7575639, 12.9990904], [77.7576846, 12.9992721], [77.7576993, 12.9992969], [77.7578415, 12.9993015]]}}, {"type": "Feature", "id": 679, "properties": {"id": 679, "osm_id": 1304243206, "name": "MD292B", "kind": "drain", "length_m": 908}, "geometry": {"type": "LineString", "coordinates": [[77.7581151, 12.9993256], [77.7586582, 12.9994249], [77.7589358, 12.9994263], [77.7598263, 12.9994053], [77.7604687, 12.9994968], [77.7608764, 12.9995504], [77.7611648, 12.9997934], [77.7612962, 13.0000862], [77.761323, 13.0004011], [77.7613699, 13.0004952], [77.7614652, 13.0005291], [77.76172, 13.000554], [77.7617937, 13.0006219], [77.7619641, 13.0010022], [77.7619828, 13.0014386], [77.7620539, 13.0017013], [77.7621183, 13.0017483], [77.7622631, 13.0016764], [77.7627017, 13.0013223], [77.762939, 13.0016804], [77.7630517, 13.0021599], [77.763501, 13.002288], [77.7634808, 13.0027179], [77.7634697, 13.0029058]]}}, {"type": "Feature", "id": 680, "properties": {"id": 680, "osm_id": 1304243696, "name": "", "kind": "drain", "length_m": 803}, "geometry": {"type": "LineString", "coordinates": [[77.7688023, 12.9913701], [77.7695936, 12.9914145], [77.7696741, 12.9914433], [77.7697813, 12.9918954], [77.7698189, 12.9919451], [77.7707282, 12.9918092], [77.7711144, 12.9918249], [77.7715838, 12.9917543], [77.7722812, 12.9918144], [77.7743036, 12.9915531], [77.775763, 12.9914637]]}}, {"type": "Feature", "id": 681, "properties": {"id": 681, "osm_id": 1304298503, "name": "", "kind": "drain", "length_m": 129}, "geometry": {"type": "LineString", "coordinates": [[77.6863553, 12.9921934], [77.6861434, 12.9922796], [77.6854327, 12.9927463], [77.6853253, 12.9927514]]}}, {"type": "Feature", "id": 682, "properties": {"id": 682, "osm_id": 1304447171, "name": "", "kind": "drain", "length_m": 88}, "geometry": {"type": "LineString", "coordinates": [[77.6450324, 12.9578002], [77.6450695, 12.9577667], [77.6450992, 12.9577321], [77.6451241, 12.957694], [77.6451425, 12.9576566], [77.6451563, 12.9576172], [77.6451652, 12.9575765], [77.645168, 12.9575472], [77.6451197, 12.9574293], [77.645112, 12.9573035], [77.6450723, 12.9571283], [77.6450513, 12.9570653]]}}, {"type": "Feature", "id": 683, "properties": {"id": 683, "osm_id": 1304447175, "name": "", "kind": "drain", "length_m": 280}, "geometry": {"type": "LineString", "coordinates": [[77.6478707, 12.957545], [77.6478189, 12.9574128], [77.6477795, 12.9573524], [77.6477468, 12.9572856], [77.6477276, 12.9572019], [77.6477033, 12.9571755], [77.6476464, 12.9570565], [77.6476308, 12.9569939], [77.6476002, 12.956955], [77.647544, 12.9568682], [77.647515, 12.9568021], [77.6475037, 12.9567861], [77.6474544, 12.9567468], [77.647387, 12.9566434], [77.6473738, 12.9566002], [77.6473443, 12.9565751], [77.6473021, 12.9565093], [77.6472831, 12.9564195], [77.6472681, 12.9563877], [77.6472372, 12.95636], [77.6471871, 12.9563213], [77.6471456, 12.9562786], [77.647117, 12.9562399], [77.6470998, 12.9562117], [77.6470723, 12.9561807], [77.647029, 12.9561541], [77.6469481, 12.9561352], [77.6469035, 12.9561082], [77.6468713, 12.9560863], [77.6468255, 12.9560202], [77.6467814, 12.9559914], [77.6466784, 12.9559415], [77.6462156, 12.955863]]}}, {"type": "Feature", "id": 684, "properties": {"id": 684, "osm_id": 1304447176, "name": "", "kind": "drain", "length_m": 192}, "geometry": {"type": "LineString", "coordinates": [[77.6471266, 12.957385], [77.646853, 12.9569812], [77.6466452, 12.9566793], [77.6465553, 12.9564309], [77.6463434, 12.9561434], [77.6461566, 12.9559552]]}}, {"type": "Feature", "id": 685, "properties": {"id": 685, "osm_id": 1305071667, "name": "", "kind": "drain", "length_m": 900}, "geometry": {"type": "LineString", "coordinates": [[77.7563904, 12.9644804], [77.7563435, 12.9639093], [77.7563354, 12.9633643], [77.7562711, 12.9627735], [77.7562791, 12.9621253], [77.7563059, 12.9617254], [77.7563342, 12.9563602]]}}, {"type": "Feature", "id": 686, "properties": {"id": 686, "osm_id": 1305077643, "name": "", "kind": "drain", "length_m": 1222}, "geometry": {"type": "LineString", "coordinates": [[77.7752477, 12.8663952], [77.7755856, 12.8666566], [77.7758807, 12.8667089], [77.7760416, 12.8677758], [77.7763367, 12.867849], [77.7770716, 12.8681628], [77.7773559, 12.868508], [77.7777207, 12.8685812], [77.7779192, 12.869078], [77.7782893, 12.869988], [77.780832, 12.8725662], [77.7825688, 12.8725191], [77.7831245, 12.8725041]]}}, {"type": "Feature", "id": 687, "properties": {"id": 687, "osm_id": 1305233662, "name": "", "kind": "drain", "length_m": 825}, "geometry": {"type": "LineString", "coordinates": [[77.7134979, 12.8901841], [77.7145439, 12.8909371], [77.7150375, 12.8911985], [77.7154076, 12.8911201], [77.7157241, 12.8910155], [77.716459, 12.8909057], [77.7174193, 12.8909528], [77.7176553, 12.8909423], [77.7195194, 12.8904168], [77.7206165, 12.8901056]]}}, {"type": "Feature", "id": 688, "properties": {"id": 688, "osm_id": 1305436496, "name": "", "kind": "drain", "length_m": 94}, "geometry": {"type": "LineString", "coordinates": [[77.7455834, 12.9645297], [77.7455139, 12.9645004], [77.7454077, 12.9645049], [77.7453648, 12.964492], [77.7453425, 12.9644251], [77.7453347, 12.9639902], [77.7452648, 12.9638872]]}}, {"type": "Feature", "id": 689, "properties": {"id": 689, "osm_id": 1306978653, "name": "K100", "kind": "drain", "length_m": 1693}, "geometry": {"type": "LineString", "coordinates": [[77.5924103, 12.9558853], [77.5933078, 12.9551929], [77.5944777, 12.9542735], [77.5946689, 12.9541207], [77.5964654, 12.9527394], [77.5965852, 12.9526461], [77.5983453, 12.9512749], [77.5985413, 12.9510977], [77.5986857, 12.9509672], [77.5989175, 12.9507664], [77.6002951, 12.9497225], [77.6003996, 12.9496948], [77.6005803, 12.9497068], [77.601307, 12.9499078], [77.6020331, 12.9500805], [77.6032262, 12.9503566], [77.6035695, 12.9503482], [77.6055093, 12.9499885], [77.6056248, 12.9499885], [77.6056837, 12.9499885]]}}, {"type": "Feature", "id": 690, "properties": {"id": 690, "osm_id": 1306978654, "name": "K100", "kind": "drain", "length_m": 32}, "geometry": {"type": "LineString", "coordinates": [[77.6056837, 12.9499885], [77.6059813, 12.9499885]]}}, {"type": "Feature", "id": 691, "properties": {"id": 691, "osm_id": 1308281382, "name": "MD284A", "kind": "drain", "length_m": 725}, "geometry": {"type": "LineString", "coordinates": [[77.7181448, 12.9956485], [77.7182038, 12.9957191], [77.7183768, 12.9957059], [77.718582, 12.995655], [77.7186973, 12.9956458], [77.7189575, 12.9958157], [77.7190863, 12.995851], [77.7195489, 12.9958419], [77.7197032, 12.9957661], [77.7199566, 12.9957661], [77.7208176, 12.995604], [77.7210349, 12.99554], [77.7216867, 12.9954328], [77.7225517, 12.9953296], [77.7233335, 12.9951728], [77.7235132, 12.9947795], [77.7236997, 12.994671], [77.7243606, 12.9946161]]}}, {"type": "Feature", "id": 692, "properties": {"id": 692, "osm_id": 1308286021, "name": "", "kind": "drain", "length_m": 199}, "geometry": {"type": "LineString", "coordinates": [[77.7331665, 12.9285846], [77.7328514, 12.9286369], [77.7327481, 12.9288016], [77.7327521, 12.9288369], [77.7327789, 12.9289022], [77.7327816, 12.9289636], [77.7327561, 12.9290146], [77.732783, 12.9291401], [77.7327642, 12.9291819], [77.7327548, 12.9292447], [77.7328017, 12.9293192], [77.732783, 12.9293688], [77.7327816, 12.9294251], [77.7328098, 12.9294682], [77.7328768, 12.9295414], [77.7328835, 12.929612], [77.7329251, 12.9296643], [77.733023, 12.9297061], [77.7330793, 12.9297727], [77.7331357, 12.9298472], [77.7331782, 12.9298865]]}}, {"type": "Feature", "id": 693, "properties": {"id": 693, "osm_id": 1310982644, "name": "", "kind": "drain", "length_m": 121}, "geometry": {"type": "LineString", "coordinates": [[77.7744549, 12.9959551], [77.7741024, 12.9958157], [77.7733782, 12.9956798]]}}, {"type": "Feature", "id": 694, "properties": {"id": 694, "osm_id": 1310982647, "name": "", "kind": "drain", "length_m": 59}, "geometry": {"type": "LineString", "coordinates": [[77.7712364, 12.9951493], [77.7712458, 12.995685]]}}, {"type": "Feature", "id": 695, "properties": {"id": 695, "osm_id": 1311161165, "name": "", "kind": "drain", "length_m": 6}, "geometry": {"type": "LineString", "coordinates": [[77.6753762, 12.9457891], [77.675348, 12.9457452]]}}, {"type": "Feature", "id": 696, "properties": {"id": 696, "osm_id": 1311161166, "name": "", "kind": "drain", "length_m": 12}, "geometry": {"type": "LineString", "coordinates": [[77.675348, 12.9457452], [77.6753006, 12.9456471]]}}, {"type": "Feature", "id": 697, "properties": {"id": 697, "osm_id": 1313161212, "name": "", "kind": "drain", "length_m": 572}, "geometry": {"type": "LineString", "coordinates": [[77.6694931, 12.9846199], [77.669499, 12.9845382], [77.6695521, 12.9839023], [77.670368, 12.9827426], [77.6732433, 12.9816057]]}}, {"type": "Feature", "id": 698, "properties": {"id": 698, "osm_id": 1313161213, "name": "", "kind": "drain", "length_m": 11}, "geometry": {"type": "LineString", "coordinates": [[77.669486, 12.9847189], [77.6694931, 12.9846199]]}}, {"type": "Feature", "id": 699, "properties": {"id": 699, "osm_id": 1313184463, "name": "", "kind": "drain", "length_m": 18}, "geometry": {"type": "LineString", "coordinates": [[77.6688874, 12.991046], [77.6687962, 12.9909049]]}}, {"type": "Feature", "id": 700, "properties": {"id": 700, "osm_id": 1313184464, "name": "", "kind": "drain", "length_m": 36}, "geometry": {"type": "LineString", "coordinates": [[77.6688641, 12.9913662], [77.6688874, 12.991046]]}}, {"type": "Feature", "id": 701, "properties": {"id": 701, "osm_id": 1313195930, "name": "", "kind": "drain", "length_m": 33}, "geometry": {"type": "LineString", "coordinates": [[77.6892456, 12.9709812], [77.6892297, 12.9706863]]}}, {"type": "Feature", "id": 702, "properties": {"id": 702, "osm_id": 1313195931, "name": "", "kind": "drain", "length_m": 8}, "geometry": {"type": "LineString", "coordinates": [[77.6892515, 12.9710496], [77.6892456, 12.9709812]]}}, {"type": "Feature", "id": 703, "properties": {"id": 703, "osm_id": 1313195932, "name": "", "kind": "drain", "length_m": 14}, "geometry": {"type": "LineString", "coordinates": [[77.6892297, 12.9706863], [77.6892245, 12.970558]]}}, {"type": "Feature", "id": 704, "properties": {"id": 704, "osm_id": 1313478620, "name": "", "kind": "drain", "length_m": 269}, "geometry": {"type": "LineString", "coordinates": [[77.7205414, 13.0023389], [77.7203134, 13.0010531], [77.7201618, 13.0004168], [77.720075, 12.9999565]]}}, {"type": "Feature", "id": 705, "properties": {"id": 705, "osm_id": 1314102993, "name": "", "kind": "drain", "length_m": 78}, "geometry": {"type": "LineString", "coordinates": [[77.59565, 12.8813196], [77.5949352, 12.881351]]}}, {"type": "Feature", "id": 706, "properties": {"id": 706, "osm_id": 1314592447, "name": "", "kind": "drain", "length_m": 63}, "geometry": {"type": "LineString", "coordinates": [[77.6896615, 12.9409803], [77.68928, 12.9414115]]}}, {"type": "Feature", "id": 707, "properties": {"id": 707, "osm_id": 1314592448, "name": "", "kind": "drain", "length_m": 44}, "geometry": {"type": "LineString", "coordinates": [[77.6899293, 12.9406776], [77.6896615, 12.9409803]]}}, {"type": "Feature", "id": 708, "properties": {"id": 708, "osm_id": 1314762534, "name": "K209", "kind": "drain", "length_m": 105}, "geometry": {"type": "LineString", "coordinates": [[77.5991428, 12.9036293], [77.5998205, 12.9034731], [77.5999348, 12.9034877], [77.6000659, 12.9035692]]}}, {"type": "Feature", "id": 709, "properties": {"id": 709, "osm_id": 1315037538, "name": "", "kind": "ditch", "length_m": 164}, "geometry": {"type": "LineString", "coordinates": [[77.7073482, 12.967553], [77.7075467, 12.9672628], [77.7076459, 12.967008], [77.7077599, 12.9663951], [77.7078283, 12.9662408], [77.7078584, 12.9661754]]}}, {"type": "Feature", "id": 710, "properties": {"id": 710, "osm_id": 1315037539, "name": "", "kind": "ditch", "length_m": 57}, "geometry": {"type": "LineString", "coordinates": [[77.7072084, 12.9680397], [77.7071917, 12.9679606], [77.7073482, 12.967553]]}}, {"type": "Feature", "id": 711, "properties": {"id": 711, "osm_id": 1315037540, "name": "", "kind": "ditch", "length_m": 127}, "geometry": {"type": "LineString", "coordinates": [[77.7078719, 12.966146], [77.7080858, 12.9656815], [77.7082374, 12.9651143], [77.7082283, 12.9650662]]}}, {"type": "Feature", "id": 712, "properties": {"id": 712, "osm_id": 1315037541, "name": "", "kind": "ditch", "length_m": 4}, "geometry": {"type": "LineString", "coordinates": [[77.7078584, 12.9661754], [77.7078719, 12.966146]]}}, {"type": "Feature", "id": 713, "properties": {"id": 713, "osm_id": 1316321293, "name": "", "kind": "drain", "length_m": 65}, "geometry": {"type": "LineString", "coordinates": [[77.6246913, 12.9540571], [77.6246004, 12.9537798], [77.624525, 12.9534963]]}}, {"type": "Feature", "id": 714, "properties": {"id": 714, "osm_id": 1316321294, "name": "", "kind": "drain", "length_m": 43}, "geometry": {"type": "LineString", "coordinates": [[77.624525, 12.9534963], [77.6244144, 12.9531248]]}}, {"type": "Feature", "id": 715, "properties": {"id": 715, "osm_id": 1316321295, "name": "", "kind": "drain", "length_m": 36}, "geometry": {"type": "LineString", "coordinates": [[77.6244144, 12.9531248], [77.624334, 12.9528549], [77.6243114, 12.9528147]]}}, {"type": "Feature", "id": 716, "properties": {"id": 716, "osm_id": 1316321296, "name": "", "kind": "drain", "length_m": 8}, "geometry": {"type": "LineString", "coordinates": [[77.6243114, 12.9528147], [77.6242779, 12.9527508]]}}, {"type": "Feature", "id": 717, "properties": {"id": 717, "osm_id": 1316469310, "name": "", "kind": "stream", "length_m": 113}, "geometry": {"type": "LineString", "coordinates": [[77.5967061, 12.9783156], [77.5966528, 12.978248], [77.5966489, 12.9781141], [77.5964923, 12.9779463], [77.596517, 12.97776], [77.5962857, 12.9774502]]}}, {"type": "Feature", "id": 718, "properties": {"id": 718, "osm_id": 1316469311, "name": "", "kind": "stream", "length_m": 54}, "geometry": {"type": "LineString", "coordinates": [[77.5980292, 12.9790408], [77.5975586, 12.9788948]]}}, {"type": "Feature", "id": 719, "properties": {"id": 719, "osm_id": 1316469312, "name": "", "kind": "stream", "length_m": 11}, "geometry": {"type": "LineString", "coordinates": [[77.5975586, 12.9788948], [77.59746, 12.9788644]]}}, {"type": "Feature", "id": 720, "properties": {"id": 720, "osm_id": 1319804237, "name": "", "kind": "drain", "length_m": 59}, "geometry": {"type": "LineString", "coordinates": [[77.7463349, 12.9584848], [77.746836, 12.9582845]]}}, {"type": "Feature", "id": 721, "properties": {"id": 721, "osm_id": 1319804238, "name": "", "kind": "drain", "length_m": 8}, "geometry": {"type": "LineString", "coordinates": [[77.746836, 12.9582845], [77.746908, 12.9582557]]}}, {"type": "Feature", "id": 722, "properties": {"id": 722, "osm_id": 1320024416, "name": "", "kind": "drain", "length_m": 170}, "geometry": {"type": "LineString", "coordinates": [[77.6514081, 12.9227457], [77.6512418, 12.922762], [77.6512733, 12.9234999], [77.651274, 12.9241365]]}}, {"type": "Feature", "id": 723, "properties": {"id": 723, "osm_id": 1327601012, "name": "", "kind": "drain", "length_m": 138}, "geometry": {"type": "LineString", "coordinates": [[77.6437178, 12.8766387], [77.6437122, 12.8766557], [77.6432696, 12.8767655], [77.6427761, 12.8767733], [77.6427251, 12.8768073], [77.6427036, 12.8768779], [77.6426768, 12.8770374]]}}, {"type": "Feature", "id": 724, "properties": {"id": 724, "osm_id": 1327601013, "name": "", "kind": "drain", "length_m": 12}, "geometry": {"type": "LineString", "coordinates": [[77.6437512, 12.8765371], [77.6437178, 12.8766387]]}}, {"type": "Feature", "id": 725, "properties": {"id": 725, "osm_id": 1327760534, "name": "", "kind": "drain", "length_m": 133}, "geometry": {"type": "LineString", "coordinates": [[77.6511016, 12.8700664], [77.6515898, 12.8704508], [77.6521826, 12.8704952]]}}, {"type": "Feature", "id": 726, "properties": {"id": 726, "osm_id": 1328053427, "name": "", "kind": "drain", "length_m": 177}, "geometry": {"type": "LineString", "coordinates": [[77.6801902, 12.9422121], [77.6803458, 12.9423271], [77.680492, 12.9424683], [77.6806059, 12.9425062], [77.6809533, 12.9425833], [77.681314, 12.9426918], [77.6816614, 12.9428395]]}}, {"type": "Feature", "id": 727, "properties": {"id": 727, "osm_id": 1328053428, "name": "", "kind": "drain", "length_m": 339}, "geometry": {"type": "LineString", "coordinates": [[77.6797758, 12.9416854], [77.679867, 12.9415664], [77.6800239, 12.9415115], [77.6801245, 12.9415194], [77.6801755, 12.9415416], [77.6801915, 12.9415677], [77.6802519, 12.9415756], [77.6803404, 12.9416043], [77.6803605, 12.9416396], [77.6804101, 12.9416684], [77.6804517, 12.941739], [77.6805067, 12.9417743], [77.680669, 12.9417834], [77.6807749, 12.941803], [77.6808353, 12.9418017], [77.6809238, 12.9418278], [77.6810887, 12.9418135], [77.6811558, 12.9417795], [77.6812671, 12.9416501], [77.6813583, 12.9414867], [77.6814589, 12.9413651], [77.6815447, 12.9412214], [77.6816051, 12.9412161], [77.6816694, 12.9411717], [77.6818129, 12.9411299], [77.68188, 12.9411247], [77.6819457, 12.9410907], [77.6820986, 12.9409521], [77.6822877, 12.9408502]]}}, {"type": "Feature", "id": 728, "properties": {"id": 728, "osm_id": 1331474327, "name": "", "kind": "drain", "length_m": 13}, "geometry": {"type": "LineString", "coordinates": [[77.7426697, 12.9280995], [77.7425945, 12.9281911]]}}, {"type": "Feature", "id": 729, "properties": {"id": 729, "osm_id": 1331474328, "name": "", "kind": "drain", "length_m": 11}, "geometry": {"type": "LineString", "coordinates": [[77.7427338, 12.9280214], [77.7426697, 12.9280995]]}}, {"type": "Feature", "id": 730, "properties": {"id": 730, "osm_id": 1333241560, "name": "", "kind": "drain", "length_m": 302}, "geometry": {"type": "LineString", "coordinates": [[77.7222982, 12.9310432], [77.7222919, 12.931077], [77.7222807, 12.9311094], [77.7222647, 12.93114], [77.7222405, 12.9311723], [77.722211, 12.9312001], [77.7221788, 12.9312942], [77.7221467, 12.9315269], [77.722097, 12.9317844], [77.7218234, 12.9331019], [77.7216042, 12.9336621]]}}, {"type": "Feature", "id": 731, "properties": {"id": 731, "osm_id": 1337321725, "name": "", "kind": "drain", "length_m": 91}, "geometry": {"type": "LineString", "coordinates": [[77.6447935, 12.9758445], [77.644828, 12.9750218]]}}, {"type": "Feature", "id": 732, "properties": {"id": 732, "osm_id": 1337321726, "name": "", "kind": "drain", "length_m": 57}, "geometry": {"type": "LineString", "coordinates": [[77.644828, 12.9750218], [77.6448843, 12.9747094], [77.6449326, 12.9745983], [77.6449943, 12.9745448]]}}, {"type": "Feature", "id": 733, "properties": {"id": 733, "osm_id": 1337645717, "name": "", "kind": "drain", "length_m": 230}, "geometry": {"type": "LineString", "coordinates": [[77.6372311, 12.9827039], [77.6364037, 12.9825395], [77.6351375, 12.9824193]]}}, {"type": "Feature", "id": 734, "properties": {"id": 734, "osm_id": 1338751582, "name": "", "kind": "drain", "length_m": 73}, "geometry": {"type": "LineString", "coordinates": [[77.6664989, 12.9780315], [77.6670747, 12.978371]]}}, {"type": "Feature", "id": 735, "properties": {"id": 735, "osm_id": 1338751583, "name": "", "kind": "drain", "length_m": 13}, "geometry": {"type": "LineString", "coordinates": [[77.6670747, 12.978371], [77.6671732, 12.9784323]]}}, {"type": "Feature", "id": 736, "properties": {"id": 736, "osm_id": 1338751584, "name": "", "kind": "drain", "length_m": 24}, "geometry": {"type": "LineString", "coordinates": [[77.6671732, 12.9784323], [77.6673664, 12.9785434]]}}, {"type": "Feature", "id": 737, "properties": {"id": 737, "osm_id": 1338751585, "name": "", "kind": "drain", "length_m": 11}, "geometry": {"type": "LineString", "coordinates": [[77.6673664, 12.9785434], [77.6674461, 12.9786022]]}}, {"type": "Feature", "id": 738, "properties": {"id": 738, "osm_id": 1340707585, "name": "", "kind": "drain", "length_m": 1490}, "geometry": {"type": "LineString", "coordinates": [[77.7111751, 12.9183001], [77.7122265, 12.9186661], [77.7145708, 12.9195811], [77.7157348, 12.9199575], [77.7165019, 12.9184099], [77.7181864, 12.918985], [77.719506, 12.9191628], [77.721228, 12.9189589], [77.7227606, 12.9205737]]}}, {"type": "Feature", "id": 739, "properties": {"id": 739, "osm_id": 1340707587, "name": "", "kind": "drain", "length_m": 465}, "geometry": {"type": "LineString", "coordinates": [[77.7216042, 12.9336621], [77.7214694, 12.9340064], [77.721464, 12.9374126], [77.7214801, 12.9378387]]}}, {"type": "Feature", "id": 740, "properties": {"id": 740, "osm_id": 1342976509, "name": "", "kind": "drain", "length_m": 371}, "geometry": {"type": "LineString", "coordinates": [[77.5837735, 12.9870753], [77.5826564, 12.9873583], [77.5826782, 12.987436], [77.5821159, 12.9875693], [77.5819268, 12.9875262], [77.5817746, 12.9875837], [77.5817357, 12.9876203], [77.5817015, 12.9876353], [77.5816264, 12.9876245], [77.5815355, 12.9877307], [77.5814926, 12.9877085], [77.5810719, 12.9878588], [77.580632, 12.9878542]]}}, {"type": "Feature", "id": 741, "properties": {"id": 741, "osm_id": 1343634932, "name": "", "kind": "drain", "length_m": 353}, "geometry": {"type": "LineString", "coordinates": [[77.6815102, 12.9013894], [77.6815662, 12.90139], [77.6821429, 12.9014789], [77.6824226, 12.9014718], [77.6825579, 12.9014874], [77.6826947, 12.9015567], [77.6834357, 12.9016332], [77.6840526, 12.9017901], [77.6841968, 12.9018613], [77.6842578, 12.9019534], [77.6842598, 12.9023345]]}}, {"type": "Feature", "id": 742, "properties": {"id": 742, "osm_id": 1349149617, "name": "", "kind": "drain", "length_m": 544}, "geometry": {"type": "LineString", "coordinates": [[77.7084364, 12.9435903], [77.708462, 12.9435518], [77.7087611, 12.9433244], [77.7090923, 12.9432682], [77.709429, 12.9432512], [77.7097562, 12.943161], [77.7101853, 12.9429597], [77.7107432, 12.943097], [77.7111402, 12.9433205], [77.7112448, 12.9434329], [77.7114272, 12.9435741], [77.7117196, 12.9439158], [77.7119542, 12.9441151], [77.7122668, 12.9443034], [77.7127415, 12.9445569]]}}, {"type": "Feature", "id": 743, "properties": {"id": 743, "osm_id": 1349545242, "name": "K200", "kind": "drain", "length_m": 290}, "geometry": {"type": "LineString", "coordinates": [[77.6061475, 12.9256144], [77.6062592, 12.9256402], [77.6064165, 12.925617], [77.606798, 12.9255267], [77.6070123, 12.9254455], [77.6069881, 12.9251053], [77.607519, 12.9249814], [77.608203, 12.9248772], [77.6082941, 12.9248629], [77.6083774, 12.9248122]]}}, {"type": "Feature", "id": 744, "properties": {"id": 744, "osm_id": 1350856700, "name": "", "kind": "drain", "length_m": 61}, "geometry": {"type": "LineString", "coordinates": [[77.7471436, 12.9379153], [77.7471635, 12.9379983], [77.7472904, 12.9381841], [77.7474077, 12.9382531], [77.7474372, 12.9383524]]}}, {"type": "Feature", "id": 745, "properties": {"id": 745, "osm_id": 1350856701, "name": "", "kind": "drain", "length_m": 14}, "geometry": {"type": "LineString", "coordinates": [[77.747117, 12.9377903], [77.7471436, 12.9379153]]}}, {"type": "Feature", "id": 746, "properties": {"id": 746, "osm_id": 1352113253, "name": "", "kind": "drain", "length_m": 1254}, "geometry": {"type": "LineString", "coordinates": [[77.7399498, 12.8823401], [77.7417281, 12.8815504], [77.7421948, 12.8811138], [77.7423853, 12.8810458], [77.7425408, 12.8811948], [77.7427018, 12.8811661], [77.7428332, 12.8810955], [77.74308, 12.8804026], [77.7432302, 12.8801908], [77.7436486, 12.880081], [77.7439168, 12.879728], [77.7442923, 12.8795057], [77.74481, 12.8794011], [77.7450138, 12.8794038], [77.7454215, 12.8790429], [77.7455181, 12.8788259], [77.7457863, 12.878282], [77.7459539, 12.8777068], [77.7461256, 12.8774139], [77.746371, 12.8771734], [77.7463335, 12.8765145], [77.7464837, 12.8764151], [77.7467251, 12.8748776]]}}, {"type": "Feature", "id": 747, "properties": {"id": 747, "osm_id": 1354126740, "name": "", "kind": "drain", "length_m": 174}, "geometry": {"type": "LineString", "coordinates": [[77.6592414, 12.9942226], [77.6593132, 12.9941078], [77.6599087, 12.9932937], [77.6600911, 12.9928977]]}}, {"type": "Feature", "id": 748, "properties": {"id": 748, "osm_id": 1354126746, "name": "", "kind": "drain", "length_m": 175}, "geometry": {"type": "LineString", "coordinates": [[77.6637349, 12.9946279], [77.6635136, 12.9944933], [77.6633821, 12.9944645], [77.6632574, 12.994377], [77.6629074, 12.9941274], [77.6627438, 12.994083], [77.6626365, 12.994032], [77.6626928, 12.993704]]}}, {"type": "Feature", "id": 749, "properties": {"id": 749, "osm_id": 1354126747, "name": "", "kind": "drain", "length_m": 449}, "geometry": {"type": "LineString", "coordinates": [[77.6533118, 12.9982071], [77.6534754, 12.9978033], [77.6536216, 12.9976334], [77.6536712, 12.997474], [77.6536833, 12.9974191], [77.6541258, 12.997325], [77.654276, 12.9965253], [77.6542962, 12.9964678], [77.6546167, 12.9963162], [77.6547387, 12.9961516], [77.6548474, 12.9956001], [77.6553208, 12.995016]]}}, {"type": "Feature", "id": 750, "properties": {"id": 750, "osm_id": 1356571122, "name": "", "kind": "drain", "length_m": 626}, "geometry": {"type": "LineString", "coordinates": [[77.7646154, 12.8732695], [77.7643713, 12.8730865], [77.7640173, 12.8727989], [77.7635613, 12.872425], [77.7628559, 12.8718157], [77.7616757, 12.87106], [77.7610105, 12.8707776], [77.760458, 12.8703749], [77.7600878, 12.8698677]]}}, {"type": "Feature", "id": 751, "properties": {"id": 751, "osm_id": 1361493556, "name": "", "kind": "drain", "length_m": 12}, "geometry": {"type": "LineString", "coordinates": [[77.7664356, 12.9699009], [77.7665211, 12.9698314]]}}, {"type": "Feature", "id": 752, "properties": {"id": 752, "osm_id": 1361493557, "name": "", "kind": "drain", "length_m": 8}, "geometry": {"type": "LineString", "coordinates": [[77.7663811, 12.9699452], [77.7664356, 12.9699009]]}}, {"type": "Feature", "id": 753, "properties": {"id": 753, "osm_id": 1363265482, "name": "", "kind": "drain", "length_m": 336}, "geometry": {"type": "LineString", "coordinates": [[77.6698261, 12.905453], [77.6703036, 12.9057562], [77.6705888, 12.9059136], [77.6703044, 12.9060621], [77.6701064, 12.90627], [77.6698741, 12.9066382], [77.6698425, 12.9068057], [77.669832, 12.9068433], [77.6689786, 12.9072151]]}}, {"type": "Feature", "id": 754, "properties": {"id": 754, "osm_id": 1364937268, "name": "", "kind": "drain", "length_m": 899}, "geometry": {"type": "LineString", "coordinates": [[77.7353914, 12.9150112], [77.735488, 12.9150818], [77.7355885, 12.9151615], [77.7357656, 12.9152047], [77.736129, 12.9152243], [77.7363422, 12.9151929], [77.7368988, 12.9150792], [77.7374916, 12.914955], [77.7381474, 12.914806], [77.7385685, 12.9147354], [77.7390097, 12.9147236], [77.7396387, 12.9147289], [77.7397942, 12.9176099], [77.7397081, 12.9179026], [77.739523, 12.9185312]]}}, {"type": "Feature", "id": 755, "properties": {"id": 755, "osm_id": 1365532913, "name": "", "kind": "drain", "length_m": 198}, "geometry": {"type": "LineString", "coordinates": [[77.7089247, 12.9276265], [77.7086163, 12.9279036], [77.7076963, 12.9289453]]}}, {"type": "Feature", "id": 756, "properties": {"id": 756, "osm_id": 1365989849, "name": "C100", "kind": "drain", "length_m": 267}, "geometry": {"type": "LineString", "coordinates": [[77.6238532, 12.978502], [77.6263058, 12.9786924]]}}, {"type": "Feature", "id": 757, "properties": {"id": 757, "osm_id": 1365989850, "name": "C100", "kind": "drain", "length_m": 45}, "geometry": {"type": "LineString", "coordinates": [[77.6234432, 12.9784629], [77.623555, 12.9784789], [77.6238532, 12.978502]]}}, {"type": "Feature", "id": 758, "properties": {"id": 758, "osm_id": 1368046447, "name": "", "kind": "drain", "length_m": 4}, "geometry": {"type": "LineString", "coordinates": [[77.5925651, 12.9716625], [77.592537, 12.9716429]]}}, {"type": "Feature", "id": 759, "properties": {"id": 759, "osm_id": 1368046453, "name": "", "kind": "drain", "length_m": 42}, "geometry": {"type": "LineString", "coordinates": [[77.592537, 12.9716429], [77.5925001, 12.9716311], [77.5923901, 12.971537], [77.5923538, 12.971503], [77.5923311, 12.9714802], [77.592357, 12.9713634]]}}, {"type": "Feature", "id": 760, "properties": {"id": 760, "osm_id": 1368123121, "name": "", "kind": "drain", "length_m": 28}, "geometry": {"type": "LineString", "coordinates": [[77.5942992, 12.9727491], [77.5944333, 12.9725309]]}}, {"type": "Feature", "id": 761, "properties": {"id": 761, "osm_id": 1368123122, "name": "", "kind": "drain", "length_m": 296}, "geometry": {"type": "LineString", "coordinates": [[77.5952758, 12.9746072], [77.595361, 12.9745765], [77.5955233, 12.9745467], [77.5955615, 12.9745091], [77.5956269, 12.9744324], [77.5956751, 12.9743592], [77.5956684, 12.9742638], [77.5955799, 12.9741266], [77.5949858, 12.9736966], [77.5945459, 12.973217], [77.5942804, 12.9728798], [77.5942992, 12.9727491]]}}, {"type": "Feature", "id": 762, "properties": {"id": 762, "osm_id": 1368284548, "name": "", "kind": "drain", "length_m": 33}, "geometry": {"type": "LineString", "coordinates": [[77.5911073, 12.9702804], [77.5909039, 12.970056]]}}, {"type": "Feature", "id": 763, "properties": {"id": 763, "osm_id": 1368284549, "name": "", "kind": "drain", "length_m": 6}, "geometry": {"type": "LineString", "coordinates": [[77.5911719, 12.9703602], [77.5911382, 12.9703144]]}}, {"type": "Feature", "id": 764, "properties": {"id": 764, "osm_id": 1368284550, "name": "", "kind": "drain", "length_m": 5}, "geometry": {"type": "LineString", "coordinates": [[77.5911382, 12.9703144], [77.5911073, 12.9702804]]}}, {"type": "Feature", "id": 765, "properties": {"id": 765, "osm_id": 1368284557, "name": "", "kind": "drain", "length_m": 83}, "geometry": {"type": "LineString", "coordinates": [[77.5925276, 12.9711952], [77.5925115, 12.9712567], [77.5924739, 12.9713299], [77.5924082, 12.9713887], [77.5923586, 12.9714619], [77.5923311, 12.9714802], [77.592205, 12.9714292], [77.5921842, 12.9713756], [77.5921715, 12.9712985], [77.5921521, 12.9712377], [77.592087, 12.9712593]]}}, {"type": "Feature", "id": 766, "properties": {"id": 766, "osm_id": 1368343964, "name": "", "kind": "ditch", "length_m": 813}, "geometry": {"type": "LineString", "coordinates": [[77.7039383, 12.8723154], [77.7055833, 12.8715585], [77.7065953, 12.8704816], [77.7065202, 12.8700306], [77.7067168, 12.8698276], [77.7068556, 12.8695288], [77.7069886, 12.8692244], [77.7084113, 12.8688635], [77.7085492, 12.8687433], [77.7086565, 12.8686335], [77.7090266, 12.8684426], [77.7095041, 12.8682282]]}}, {"type": "Feature", "id": 767, "properties": {"id": 767, "osm_id": 1368343965, "name": "", "kind": "ditch", "length_m": 19}, "geometry": {"type": "LineString", "coordinates": [[77.7037813, 12.8723877], [77.7039383, 12.8723154]]}}, {"type": "Feature", "id": 768, "properties": {"id": 768, "osm_id": 1368343966, "name": "", "kind": "ditch", "length_m": 252}, "geometry": {"type": "LineString", "coordinates": [[77.7018375, 12.8734952], [77.7027242, 12.8732471], [77.7035188, 12.8727563], [77.7037813, 12.8723877]]}}, {"type": "Feature", "id": 769, "properties": {"id": 769, "osm_id": 1368343967, "name": "", "kind": "ditch", "length_m": 120}, "geometry": {"type": "LineString", "coordinates": [[77.7014574, 12.8745151], [77.7018375, 12.8734952]]}}, {"type": "Feature", "id": 770, "properties": {"id": 770, "osm_id": 1368989193, "name": "", "kind": "drain", "length_m": 322}, "geometry": {"type": "LineString", "coordinates": [[77.7773559, 12.9412005], [77.7775786, 12.9411899], [77.778123, 12.9411168], [77.7785146, 12.9412475], [77.7791583, 12.9413416], [77.7795607, 12.9414776], [77.7800757, 12.9418854], [77.7801144, 12.9419073]]}}, {"type": "Feature", "id": 771, "properties": {"id": 771, "osm_id": 1370355562, "name": "C100", "kind": "drain", "length_m": 215}, "geometry": {"type": "LineString", "coordinates": [[77.5990761, 12.9881559], [77.5991026, 12.9881468], [77.5999379, 12.9877577], [77.6001142, 12.9877215], [77.6003268, 12.9876989], [77.6009609, 12.9876903]]}}, {"type": "Feature", "id": 772, "properties": {"id": 772, "osm_id": 1370355563, "name": "C100", "kind": "drain", "length_m": 14}, "geometry": {"type": "LineString", "coordinates": [[77.6009609, 12.9876903], [77.6010842, 12.9876734]]}}, {"type": "Feature", "id": 773, "properties": {"id": 773, "osm_id": 1370870223, "name": "", "kind": "drain", "length_m": 484}, "geometry": {"type": "LineString", "coordinates": [[77.6656336, 12.9177303], [77.6663057, 12.9203091], [77.6665104, 12.9209103], [77.6666948, 12.920948], [77.6668442, 12.9210514], [77.6667056, 12.9215208], [77.6665657, 12.9216964]]}}, {"type": "Feature", "id": 774, "properties": {"id": 774, "osm_id": 1370870224, "name": "", "kind": "drain", "length_m": 25}, "geometry": {"type": "LineString", "coordinates": [[77.6658096, 12.9231271], [77.6658157, 12.9228973]]}}, {"type": "Feature", "id": 775, "properties": {"id": 775, "osm_id": 1372985170, "name": "", "kind": "drain", "length_m": 6}, "geometry": {"type": "LineString", "coordinates": [[77.5919133, 12.9706071], [77.5919373, 12.9705559]]}}, {"type": "Feature", "id": 776, "properties": {"id": 776, "osm_id": 1372985172, "name": "", "kind": "drain", "length_m": 69}, "geometry": {"type": "LineString", "coordinates": [[77.5903791, 12.9693865], [77.5907037, 12.969678], [77.5907533, 12.969725], [77.590801, 12.9698354]]}}, {"type": "Feature", "id": 777, "properties": {"id": 777, "osm_id": 1372987211, "name": "", "kind": "drain", "length_m": 24}, "geometry": {"type": "LineString", "coordinates": [[77.5917511, 12.9712233], [77.5918289, 12.9711449], [77.5918866, 12.9710546]]}}, {"type": "Feature", "id": 778, "properties": {"id": 778, "osm_id": 1377263250, "name": "", "kind": "drain", "length_m": 107}, "geometry": {"type": "LineString", "coordinates": [[77.7312165, 12.9258501], [77.7315599, 12.9263912], [77.7318737, 12.9265102]]}}, {"type": "Feature", "id": 779, "properties": {"id": 779, "osm_id": 1377263251, "name": "", "kind": "drain", "length_m": 406}, "geometry": {"type": "LineString", "coordinates": [[77.7321305, 12.9257749], [77.7322894, 12.9261926], [77.7323404, 12.9262984], [77.732327, 12.9263573], [77.732276, 12.9264069], [77.732095, 12.9264148], [77.7319099, 12.9264605], [77.7318737, 12.9265102], [77.7318656, 12.9265873], [77.7319072, 12.926684], [77.7321902, 12.9274945], [77.7323002, 12.9277951], [77.7324289, 12.9284277], [77.7324825, 12.9285584], [77.7325255, 12.9286343], [77.7328514, 12.9286369]]}}, {"type": "Feature", "id": 780, "properties": {"id": 780, "osm_id": 1381418984, "name": "", "kind": "drain", "length_m": 479}, "geometry": {"type": "LineString", "coordinates": [[77.6170617, 12.9885011], [77.6145968, 12.9849171]]}}, {"type": "Feature", "id": 781, "properties": {"id": 781, "osm_id": 1385087386, "name": "", "kind": "drain", "length_m": 209}, "geometry": {"type": "LineString", "coordinates": [[77.7369707, 12.977739], [77.7366431, 12.9763493], [77.736575, 12.9760824], [77.7364993, 12.9759097]]}}, {"type": "Feature", "id": 782, "properties": {"id": 782, "osm_id": 1385836581, "name": "", "kind": "drain", "length_m": 320}, "geometry": {"type": "LineString", "coordinates": [[77.7166267, 12.9479552], [77.716687, 12.9470978], [77.7166615, 12.9465933], [77.7165838, 12.9458443], [77.7165532, 12.9450674]]}}, {"type": "Feature", "id": 783, "properties": {"id": 783, "osm_id": 1385845159, "name": "", "kind": "drain", "length_m": 204}, "geometry": {"type": "LineString", "coordinates": [[77.7598786, 12.8750241], [77.7601925, 12.8751221], [77.7605049, 12.8751587], [77.7607651, 12.8751378], [77.7611741, 12.875126], [77.7617361, 12.8750607]]}}, {"type": "Feature", "id": 784, "properties": {"id": 784, "osm_id": 1386548652, "name": "", "kind": "drain", "length_m": 369}, "geometry": {"type": "LineString", "coordinates": [[77.7202945, 12.9406885], [77.7202199, 12.9407472], [77.719946, 12.9406313], [77.7198028, 12.9405817], [77.7194815, 12.9404353], [77.718995, 12.9402245], [77.7186854, 12.9401125], [77.7182623, 12.9399], [77.7181157, 12.9398092], [77.7179718, 12.9396372], [77.7178176, 12.9392621], [77.717713, 12.939219], [77.7175131, 12.9390922]]}}, {"type": "Feature", "id": 785, "properties": {"id": 785, "osm_id": 1390995566, "name": "K206", "kind": "drain", "length_m": 10}, "geometry": {"type": "LineString", "coordinates": [[77.6020118, 12.9239425], [77.6020559, 12.9240242]]}}, {"type": "Feature", "id": 786, "properties": {"id": 786, "osm_id": 1390995567, "name": "K206", "kind": "drain", "length_m": 252}, "geometry": {"type": "LineString", "coordinates": [[77.6003731, 12.9228698], [77.600593, 12.9228934], [77.6009846, 12.9229927], [77.6011777, 12.9229692], [77.6015872, 12.9229714], [77.6016548, 12.9232598], [77.601792, 12.9234182], [77.6019169, 12.9237669], [77.6020118, 12.9239425]]}}, {"type": "Feature", "id": 787, "properties": {"id": 787, "osm_id": 1409711034, "name": "C104", "kind": "drain", "length_m": 12}, "geometry": {"type": "LineString", "coordinates": [[77.6350122, 12.9823991], [77.6350102, 12.9822905]]}}, {"type": "Feature", "id": 788, "properties": {"id": 788, "osm_id": 1409711035, "name": "C104", "kind": "drain", "length_m": 2}, "geometry": {"type": "LineString", "coordinates": [[77.6350125, 12.9824171], [77.6350122, 12.9823991]]}}, {"type": "Feature", "id": 789, "properties": {"id": 789, "osm_id": 1409989978, "name": "C104", "kind": "drain", "length_m": 4}, "geometry": {"type": "LineString", "coordinates": [[77.6351621, 12.9824444], [77.6351375, 12.9824193]]}}, {"type": "Feature", "id": 790, "properties": {"id": 790, "osm_id": 1409989979, "name": "C104", "kind": "drain", "length_m": 22}, "geometry": {"type": "LineString", "coordinates": [[77.6353029, 12.9825876], [77.6351621, 12.9824444]]}}, {"type": "Feature", "id": 791, "properties": {"id": 791, "osm_id": 1409994942, "name": "", "kind": "river", "length_m": 15}, "geometry": {"type": "LineString", "coordinates": [[77.68112, 12.9315584], [77.681175, 12.9316871]]}}, {"type": "Feature", "id": 792, "properties": {"id": 792, "osm_id": 1409994943, "name": "", "kind": "river", "length_m": 301}, "geometry": {"type": "LineString", "coordinates": [[77.6786267, 12.930627], [77.678683, 12.9306343], [77.6788119, 12.9306812], [77.6794369, 12.9308381], [77.6803354, 12.9309531], [77.6806979, 12.9311371], [77.6808504, 12.9312145], [77.6810757, 12.931455], [77.68112, 12.9315584]]}}, {"type": "Feature", "id": 793, "properties": {"id": 793, "osm_id": 1409994954, "name": "", "kind": "river", "length_m": 30}, "geometry": {"type": "LineString", "coordinates": [[77.6783501, 12.9305913], [77.6786267, 12.930627]]}}, {"type": "Feature", "id": 794, "properties": {"id": 794, "osm_id": 1409994955, "name": "", "kind": "river", "length_m": 224}, "geometry": {"type": "LineString", "coordinates": [[77.6766702, 12.9316735], [77.6768802, 12.9313494], [77.6775673, 12.9308903], [77.6783501, 12.9305913]]}}, {"type": "Feature", "id": 795, "properties": {"id": 795, "osm_id": 1409994957, "name": "", "kind": "river", "length_m": 1673}, "geometry": {"type": "LineString", "coordinates": [[77.6800267, 12.9386569], [77.680791, 12.9388739], [77.6812229, 12.9390099], [77.6819631, 12.939151], [77.6820973, 12.9391301], [77.6829126, 12.9387301], [77.6834089, 12.9384949], [77.6836073, 12.9385079], [77.6838353, 12.9385785], [77.6840365, 12.9387249], [77.6841921, 12.9389131], [77.6843208, 12.9390282], [77.6848506, 12.9392895], [77.6854085, 12.9395562], [77.6858752, 12.939781], [77.6862292, 12.940194], [77.6866835, 12.9405111], [77.6868963, 12.9407075], [77.6873123, 12.9409897], [77.6878339, 12.940962], [77.6881282, 12.9410776], [77.6884394, 12.9411357], [77.689008, 12.9412187], [77.68928, 12.9414115], [77.6896268, 12.9416573], [77.690156, 12.9420121], [77.6903366, 12.942031], [77.6905115, 12.942173], [77.6906136, 12.9425494], [77.691253, 12.942961], [77.6919477, 12.9434917], [77.6921623, 12.944153], [77.6927389, 12.9446471]]}}, {"type": "Feature", "id": 796, "properties": {"id": 796, "osm_id": 1410600261, "name": "MD292B", "kind": "drain", "length_m": 51}, "geometry": {"type": "LineString", "coordinates": [[77.7558674, 12.9966886], [77.7559693, 12.9971408]]}}, {"type": "Feature", "id": 797, "properties": {"id": 797, "osm_id": 1410600262, "name": "MD292B", "kind": "drain", "length_m": 473}, "geometry": {"type": "LineString", "coordinates": [[77.7551714, 12.9926507], [77.7551982, 12.9940059], [77.755233, 12.9953753], [77.7553658, 12.9959307], [77.755571, 12.9962548], [77.7556957, 12.9966612], [77.7558674, 12.9966886]]}}, {"type": "Feature", "id": 798, "properties": {"id": 798, "osm_id": 1410896652, "name": "MD385", "kind": "drain", "length_m": 96}, "geometry": {"type": "LineString", "coordinates": [[77.7387241, 12.9240424], [77.7389118, 12.9245717], [77.7388157, 12.9248615]]}}, {"type": "Feature", "id": 799, "properties": {"id": 799, "osm_id": 1410896653, "name": "MD385", "kind": "drain", "length_m": 54}, "geometry": {"type": "LineString", "coordinates": [[77.7387683, 12.9235535], [77.7387241, 12.9240424]]}}, {"type": "Feature", "id": 800, "properties": {"id": 800, "osm_id": 1410896654, "name": "MD385", "kind": "drain", "length_m": 180}, "geometry": {"type": "LineString", "coordinates": [[77.7386811, 12.9252302], [77.7385045, 12.9255598], [77.7382022, 12.9267789]]}}, {"type": "Feature", "id": 801, "properties": {"id": 801, "osm_id": 1410896655, "name": "MD385", "kind": "drain", "length_m": 43}, "geometry": {"type": "LineString", "coordinates": [[77.7388157, 12.9248615], [77.7386811, 12.9252302]]}}, {"type": "Feature", "id": 802, "properties": {"id": 802, "osm_id": 1411398461, "name": "", "kind": "drain", "length_m": 18}, "geometry": {"type": "LineString", "coordinates": [[77.6318009, 12.8988322], [77.6318461, 12.8989932]]}}, {"type": "Feature", "id": 803, "properties": {"id": 803, "osm_id": 1411398462, "name": "", "kind": "drain", "length_m": 8}, "geometry": {"type": "LineString", "coordinates": [[77.6317579, 12.8987707], [77.6318009, 12.8988322]]}}, {"type": "Feature", "id": 804, "properties": {"id": 804, "osm_id": 1413531045, "name": "", "kind": "drain", "length_m": 202}, "geometry": {"type": "LineString", "coordinates": [[77.7026756, 12.9327933], [77.7026778, 12.9327119], [77.7026534, 12.9325514], [77.7026178, 12.932495], [77.70261, 12.9324256], [77.7026434, 12.9322087], [77.7026456, 12.9321534], [77.7026534, 12.9321003], [77.7025988, 12.93202], [77.7025855, 12.9319051], [77.7026211, 12.931776], [77.702551, 12.9315949], [77.7025399, 12.9314789], [77.7025465, 12.9313878], [77.7025655, 12.9312631], [77.7025146, 12.9310265]]}}, {"type": "Feature", "id": 805, "properties": {"id": 805, "osm_id": 1414466878, "name": "", "kind": "drain", "length_m": 548}, "geometry": {"type": "LineString", "coordinates": [[77.7523953, 12.9570674], [77.7518789, 12.9567315], [77.7516536, 12.9565433], [77.751077, 12.9562127], [77.7507631, 12.9560977], [77.7504876, 12.9559055], [77.750338, 12.9558415], [77.7492316, 12.9557631], [77.7484082, 12.9557631], [77.7477926, 12.9556938], [77.7477237, 12.955656]]}}, {"type": "Feature", "id": 806, "properties": {"id": 806, "osm_id": 1414466906, "name": "", "kind": "drain", "length_m": 343}, "geometry": {"type": "LineString", "coordinates": [[77.755966, 12.9488498], [77.7556542, 12.9489067], [77.7554342, 12.9489746], [77.755335, 12.9493197], [77.7547717, 12.9497667], [77.7543586, 12.9501274], [77.7538615, 12.9509437]]}}, {"type": "Feature", "id": 807, "properties": {"id": 807, "osm_id": 1414466907, "name": "", "kind": "drain", "length_m": 14}, "geometry": {"type": "LineString", "coordinates": [[77.7560881, 12.9488188], [77.755966, 12.9488498]]}}, {"type": "Feature", "id": 808, "properties": {"id": 808, "osm_id": 1414466942, "name": "", "kind": "drain", "length_m": 297}, "geometry": {"type": "LineString", "coordinates": [[77.7508825, 12.9389563], [77.7508691, 12.9391863], [77.7506036, 12.9392896], [77.7504346, 12.9398398], [77.7503394, 12.9398803], [77.7500322, 12.9399457], [77.7498807, 12.9399352], [77.7497761, 12.9400019], [77.7495883, 12.9403613], [77.7492209, 12.9406162], [77.7491486, 12.9406189]]}}, {"type": "Feature", "id": 809, "properties": {"id": 809, "osm_id": 1414467066, "name": "MD385", "kind": "drain", "length_m": 22}, "geometry": {"type": "LineString", "coordinates": [[77.7393792, 12.9206157], [77.7392042, 12.9207243]]}}, {"type": "Feature", "id": 810, "properties": {"id": 810, "osm_id": 1414467067, "name": "MD385", "kind": "drain", "length_m": 232}, "geometry": {"type": "LineString", "coordinates": [[77.739523, 12.9185312], [77.7394321, 12.9191771], [77.7394295, 12.9196582], [77.7394039, 12.9202765], [77.7393792, 12.9206157]]}}, {"type": "Feature", "id": 811, "properties": {"id": 811, "osm_id": 1416493424, "name": "", "kind": "drain", "length_m": 551}, "geometry": {"type": "LineString", "coordinates": [[77.7017806, 12.9464828], [77.7018222, 12.9465024], [77.7019239, 12.946582], [77.7019315, 12.946588], [77.7020998, 12.9465743], [77.7026805, 12.9464593], [77.70293, 12.9463959], [77.7033323, 12.9461267], [77.7035053, 12.9458835], [77.7035683, 12.945809], [77.7042818, 12.9452771], [77.704491, 12.9451542], [77.7049966, 12.9449333], [77.7054901, 12.9448079], [77.7056149, 12.9447726], [77.7059568, 12.9447778], [77.706107, 12.944753], [77.7062573, 12.9447613]]}}, {"type": "Feature", "id": 812, "properties": {"id": 812, "osm_id": 1416493425, "name": "", "kind": "drain", "length_m": 9}, "geometry": {"type": "LineString", "coordinates": [[77.7062573, 12.9447613], [77.7063403, 12.9447658]]}}, {"type": "Feature", "id": 813, "properties": {"id": 813, "osm_id": 1416493426, "name": "", "kind": "drain", "length_m": 210}, "geometry": {"type": "LineString", "coordinates": [[77.7063403, 12.9447658], [77.7065349, 12.9447765], [77.7067682, 12.9445674], [77.7068862, 12.944204], [77.7069908, 12.9440511], [77.7070552, 12.9439831], [77.7071545, 12.9439452], [77.7072054, 12.9439622], [77.7074307, 12.9441361], [77.7075393, 12.9441962], [77.707715, 12.9441962], [77.7077219, 12.9441945]]}}, {"type": "Feature", "id": 814, "properties": {"id": 814, "osm_id": 1416493427, "name": "", "kind": "drain", "length_m": 11}, "geometry": {"type": "LineString", "coordinates": [[77.7077219, 12.9441945], [77.7078204, 12.9441709]]}}, {"type": "Feature", "id": 815, "properties": {"id": 815, "osm_id": 1416493428, "name": "", "kind": "drain", "length_m": 24}, "geometry": {"type": "LineString", "coordinates": [[77.7078204, 12.9441709], [77.7080356, 12.9441191]]}}, {"type": "Feature", "id": 816, "properties": {"id": 816, "osm_id": 1416493429, "name": "", "kind": "drain", "length_m": 10}, "geometry": {"type": "LineString", "coordinates": [[77.7080356, 12.9441191], [77.7080937, 12.9440483]]}}, {"type": "Feature", "id": 817, "properties": {"id": 817, "osm_id": 1416505635, "name": "", "kind": "drain", "length_m": 63}, "geometry": {"type": "LineString", "coordinates": [[77.7080937, 12.9440483], [77.7082944, 12.9438041], [77.7084364, 12.9435903]]}}, {"type": "Feature", "id": 818, "properties": {"id": 818, "osm_id": 1417004689, "name": "", "kind": "drain", "length_m": 96}, "geometry": {"type": "LineString", "coordinates": [[77.7075352, 12.9321686], [77.7076774, 12.9321661], [77.7078719, 12.9321713], [77.7081335, 12.9321883], [77.708399, 12.9320888]]}}, {"type": "Feature", "id": 819, "properties": {"id": 819, "osm_id": 1419426778, "name": "", "kind": "river", "length_m": 35}, "geometry": {"type": "LineString", "coordinates": [[77.7181189, 12.9425616], [77.7184305, 12.9426581]]}}, {"type": "Feature", "id": 820, "properties": {"id": 820, "osm_id": 1419426779, "name": "", "kind": "river", "length_m": 2493}, "geometry": {"type": "LineString", "coordinates": [[77.698586, 12.9459061], [77.698727, 12.9458649], [77.6988694, 12.9458287], [77.6990309, 12.9457941], [77.6991937, 12.9457659], [77.6996496, 12.9457398], [77.7003765, 12.9457123], [77.700468, 12.9457042], [77.7005589, 12.9456914], [77.7006629, 12.9456709], [77.7007654, 12.9456444], [77.7012858, 12.9454535], [77.7013854, 12.9454215], [77.7014869, 12.945396], [77.7015862, 12.9453779], [77.7016865, 12.9453661], [77.7017874, 12.9453607], [77.7019158, 12.9453496], [77.7020448, 12.9453477], [77.7021551, 12.9453534], [77.7022648, 12.945366], [77.7026564, 12.9453895], [77.7027439, 12.9453893], [77.7028309, 12.9453805], [77.7029166, 12.9453634], [77.7029915, 12.945341], [77.7030641, 12.9453121], [77.7031338, 12.9452771], [77.7031838, 12.9452556], [77.7032313, 12.9452294], [77.703276, 12.9451987], [77.7033197, 12.9451616], [77.7033591, 12.9451202], [77.7034339, 12.9450136], [77.7035147, 12.9449111], [77.7035711, 12.944846], [77.70363, 12.944783], [77.7036692, 12.9447225], [77.7037051, 12.9446602], [77.7037362, 12.9445994], [77.7037641, 12.9445373], [77.7037735, 12.944497], [77.7037802, 12.9444563], [77.7037841, 12.9444171], [77.7037856, 12.9443779], [77.703791, 12.9437479], [77.7037969, 12.9437023], [77.7038124, 12.943659], [77.7038346, 12.9436224], [77.7038636, 12.9435907], [77.7038982, 12.9435649], [77.7041155, 12.9434839], [77.7044749, 12.9433714], [77.7045225, 12.9433575], [77.7045668, 12.9433355], [77.7046064, 12.9433061], [77.7046377, 12.9432729], [77.704663, 12.9432351], [77.7046815, 12.9431937], [77.7047045, 12.9431372], [77.7047217, 12.9430787], [77.7047315, 12.9430278], [77.7047369, 12.9429762], [77.7047378, 12.9429244], [77.7047431, 12.9426683], [77.7047487, 12.9426333], [77.7047619, 12.9426003], [77.7047816, 12.9425717], [77.704807, 12.9425478], [77.704837, 12.9425297], [77.7049309, 12.9424722], [77.7049564, 12.9424528], [77.7049792, 12.9424304], [77.7050064, 12.9423933], [77.7050261, 12.942352], [77.7051897, 12.9420513], [77.7052185, 12.9420142], [77.7052528, 12.9419817], [77.7052917, 12.9419546], [77.7053298, 12.9419354], [77.7053703, 12.9419215], [77.7054124, 12.941913], [77.7054553, 12.9419102], [77.7059944, 12.9420383], [77.7060736, 12.9420479], [77.7061533, 12.9420514], [77.7062331, 12.9420487], [77.7063092, 12.9420404], [77.7063845, 12.9420264], [77.7064584, 12.9420069], [77.7069251, 12.94202], [77.7071451, 12.9419442], [77.7071836, 12.9419299], [77.7072193, 12.9419097], [77.707251, 12.941884], [77.7072774, 12.9418544], [77.7072986, 12.941821], [77.707314, 12.9417847], [77.7073276, 12.9416518], [77.7073462, 12.9415194], [77.7073682, 12.9413961], [77.7073945, 12.9412737], [77.707408, 12.9412176], [77.7074294, 12.9411639], [77.7074548, 12.941119], [77.7074857, 12.9410776], [77.7075152, 12.9410468], [77.7075489, 12.9410204], [77.7075863, 12.9409992], [77.7076243, 12.9409841], [77.7076641, 12.9409743], [77.7076924, 12.9409736], [77.7077204, 12.9409783], [77.707755, 12.9409925], [77.7077848, 12.9410149], [77.7078605, 12.9410875], [77.707939, 12.9411573], [77.7080287, 12.941231], [77.7081214, 12.9413011], [77.7082223, 12.9413676], [77.708328, 12.9414265], [77.7084379, 12.9414776], [77.7085402, 12.9415167], [77.7086449, 12.9415489], [77.7087517, 12.9415743], [77.709323, 12.9415978], [77.7096617, 12.941578], [77.7099998, 12.9415492], [77.7103369, 12.9415115], [77.7106268, 12.9414719], [77.7109156, 12.9414257], [77.7112032, 12.941373], [77.7119301, 12.9412135], [77.7120495, 12.9412109], [77.7121688, 12.9412161], [77.7122671, 12.9412265], [77.7123647, 12.9412422], [77.7124612, 12.9412632], [77.7131854, 12.9414462], [77.7132477, 12.9414635], [77.7133115, 12.9414749], [77.713369, 12.94148], [77.7134268, 12.9414802], [77.7139069, 12.941488], [77.7139675, 12.9414893], [77.7140276, 12.9414972], [77.7140947, 12.941514], [77.714159, 12.941539], [77.7150254, 12.9419455], [77.7158542, 12.9423585], [77.7159249, 12.9423948], [77.715999, 12.9424239], [77.7160548, 12.9424403], [77.7161117, 12.9424526], [77.7171148, 12.9425258], [77.7171779, 12.9425183], [77.7172399, 12.9425043], [77.7172999, 12.942484], [77.7173616, 12.9424552], [77.7173891, 12.942443], [77.7174179, 12.9424343], [77.7174593, 12.9424282], [77.7175011, 12.9424291], [77.7179691, 12.9425164]]}}, {"type": "Feature", "id": 821, "properties": {"id": 821, "osm_id": 1419979752, "name": "", "kind": "drain", "length_m": 675}, "geometry": {"type": "LineString", "coordinates": [[77.6392093, 12.8856576], [77.6392169, 12.8856058], [77.6403928, 12.8858388], [77.6414625, 12.8860089], [77.6422895, 12.8857645], [77.6430175, 12.8860059], [77.6430899, 12.8861], [77.6430443, 12.8867301], [77.6433286, 12.8869236], [77.644026, 12.8872583], [77.6442674, 12.8875171]]}}, {"type": "Feature", "id": 822, "properties": {"id": 822, "osm_id": 1420117192, "name": "", "kind": "drain", "length_m": 331}, "geometry": {"type": "LineString", "coordinates": [[77.684758, 12.8876792], [77.6848988, 12.8877511], [77.6850343, 12.8877198], [77.6851509, 12.8877655], [77.6853856, 12.8877616], [77.6855399, 12.8876492], [77.6856713, 12.8877472], [77.6860133, 12.887942], [77.6862091, 12.8880492], [77.6863794, 12.8881917], [77.6865162, 12.8882571], [77.6868421, 12.8884793], [77.6873839, 12.8888192]]}}, {"type": "Feature", "id": 823, "properties": {"id": 823, "osm_id": 1420422616, "name": "", "kind": "drain", "length_m": 152}, "geometry": {"type": "LineString", "coordinates": [[77.7726589, 12.8777239], [77.7726491, 12.8775992], [77.7726459, 12.8774741], [77.7726527, 12.8771146], [77.7726969, 12.8769799], [77.7731556, 12.8765458]]}}, {"type": "Feature", "id": 824, "properties": {"id": 824, "osm_id": 1421724306, "name": "", "kind": "drain", "length_m": 325}, "geometry": {"type": "LineString", "coordinates": [[77.6674461, 12.9786022], [77.6678892, 12.9788982], [77.6681605, 12.9790691], [77.6683576, 12.9792756], [77.6685173, 12.9793827], [77.6686192, 12.9794847], [77.6688163, 12.979533], [77.6696102, 12.9798401], [77.6700005, 12.9799459], [77.6700481, 12.9799482]]}}, {"type": "Feature", "id": 825, "properties": {"id": 825, "osm_id": 1421724307, "name": "", "kind": "drain", "length_m": 7}, "geometry": {"type": "LineString", "coordinates": [[77.6700481, 12.9799482], [77.6701126, 12.9799513]]}}, {"type": "Feature", "id": 826, "properties": {"id": 826, "osm_id": 1423026044, "name": "", "kind": "drain", "length_m": 251}, "geometry": {"type": "LineString", "coordinates": [[77.581471, 12.8985588], [77.5814694, 12.8985712], [77.5797151, 12.9000323]]}}, {"type": "Feature", "id": 827, "properties": {"id": 827, "osm_id": 1423026045, "name": "", "kind": "drain", "length_m": 8}, "geometry": {"type": "LineString", "coordinates": [[77.5814805, 12.8984867], [77.581471, 12.8985588]]}}, {"type": "Feature", "id": 828, "properties": {"id": 828, "osm_id": 1423501553, "name": "", "kind": "ditch", "length_m": 78}, "geometry": {"type": "LineString", "coordinates": [[77.6091109, 12.8820716], [77.6091548, 12.8818172], [77.6096066, 12.881772]]}}, {"type": "Feature", "id": 829, "properties": {"id": 829, "osm_id": 1423501554, "name": "", "kind": "ditch", "length_m": 9}, "geometry": {"type": "LineString", "coordinates": [[77.6090281, 12.8820799], [77.6091109, 12.8820716]]}}, {"type": "Feature", "id": 830, "properties": {"id": 830, "osm_id": 1424059143, "name": "", "kind": "drain", "length_m": 20}, "geometry": {"type": "LineString", "coordinates": [[77.6014218, 12.8841612], [77.6014084, 12.8842083], [77.6013882, 12.8842593], [77.6013507, 12.8842998], [77.6013251, 12.8842952]]}}, {"type": "Feature", "id": 831, "properties": {"id": 831, "osm_id": 1424059144, "name": "", "kind": "drain", "length_m": 9}, "geometry": {"type": "LineString", "coordinates": [[77.5963618, 12.8818904], [77.5963927, 12.8819618]]}}, {"type": "Feature", "id": 832, "properties": {"id": 832, "osm_id": 1424059145, "name": "", "kind": "drain", "length_m": 11}, "geometry": {"type": "LineString", "coordinates": [[77.596343, 12.8817923], [77.5963618, 12.8818904]]}}, {"type": "Feature", "id": 833, "properties": {"id": 833, "osm_id": 1424059146, "name": "", "kind": "drain", "length_m": 26}, "geometry": {"type": "LineString", "coordinates": [[77.5961325, 12.8816916], [77.5962169, 12.8817452], [77.5963269, 12.8817805], [77.596343, 12.8817923]]}}, {"type": "Feature", "id": 834, "properties": {"id": 834, "osm_id": 1425834341, "name": "", "kind": "drain", "length_m": 664}, "geometry": {"type": "LineString", "coordinates": [[77.6446348, 12.9151497], [77.6431078, 12.915368], [77.6417291, 12.9155764], [77.6396391, 12.915687], [77.6385548, 12.9157333]]}}, {"type": "Feature", "id": 835, "properties": {"id": 835, "osm_id": 1425834342, "name": "", "kind": "drain", "length_m": 25}, "geometry": {"type": "LineString", "coordinates": [[77.6448649, 12.9151168], [77.6446348, 12.9151497]]}}, {"type": "Feature", "id": 836, "properties": {"id": 836, "osm_id": 1428210415, "name": "", "kind": "drain", "length_m": 2}, "geometry": {"type": "LineString", "coordinates": [[77.7451296, 12.9637613], [77.7451158, 12.9637459]]}}, {"type": "Feature", "id": 837, "properties": {"id": 837, "osm_id": 1428210416, "name": "", "kind": "drain", "length_m": 20}, "geometry": {"type": "LineString", "coordinates": [[77.7452648, 12.9638872], [77.7451296, 12.9637613]]}}, {"type": "Feature", "id": 838, "properties": {"id": 838, "osm_id": 1428210420, "name": "", "kind": "drain", "length_m": 13}, "geometry": {"type": "LineString", "coordinates": [[77.7455871, 12.9646507], [77.7455834, 12.9645297]]}}, {"type": "Feature", "id": 839, "properties": {"id": 839, "osm_id": 1428242508, "name": "", "kind": "drain", "length_m": 330}, "geometry": {"type": "LineString", "coordinates": [[77.7254337, 12.8721896], [77.7252191, 12.8711332], [77.725203, 12.8707149], [77.7253586, 12.8702024], [77.7257395, 12.869329]]}}, {"type": "Feature", "id": 840, "properties": {"id": 840, "osm_id": 1428269082, "name": "", "kind": "drain", "length_m": 469}, "geometry": {"type": "LineString", "coordinates": [[77.6052962, 12.8815583], [77.6055256, 12.8815112], [77.6056315, 12.8814995], [77.6056409, 12.8815204], [77.6058809, 12.8814629], [77.6059051, 12.8814681], [77.6059507, 12.8815034], [77.6062229, 12.8814236], [77.6067969, 12.8812145], [77.6070517, 12.88117], [77.608012, 12.8811046], [77.6086423, 12.8810314], [77.6095033, 12.8809237]]}}, {"type": "Feature", "id": 841, "properties": {"id": 841, "osm_id": 1428943772, "name": "", "kind": "drain", "length_m": 43}, "geometry": {"type": "LineString", "coordinates": [[77.6758263, 12.9147625], [77.675672, 12.9144063]]}}, {"type": "Feature", "id": 842, "properties": {"id": 842, "osm_id": 1428943773, "name": "", "kind": "drain", "length_m": 92}, "geometry": {"type": "LineString", "coordinates": [[77.6753024, 12.9153354], [77.6752997, 12.9152747], [77.6753582, 12.9152197], [77.675617, 12.9150432], [77.6758115, 12.914889], [77.6758423, 12.9148544], [77.6758263, 12.9147625]]}}, {"type": "Feature", "id": 843, "properties": {"id": 843, "osm_id": 1428978964, "name": "", "kind": "drain", "length_m": 40}, "geometry": {"type": "LineString", "coordinates": [[77.6843136, 12.9023366], [77.6846829, 12.9023509]]}}, {"type": "Feature", "id": 844, "properties": {"id": 844, "osm_id": 1428978965, "name": "", "kind": "drain", "length_m": 6}, "geometry": {"type": "LineString", "coordinates": [[77.6842598, 12.9023345], [77.6843136, 12.9023366]]}}, {"type": "Feature", "id": 845, "properties": {"id": 845, "osm_id": 1428978967, "name": "", "kind": "drain", "length_m": 31}, "geometry": {"type": "LineString", "coordinates": [[77.6848767, 12.9023528], [77.6851583, 12.9023724]]}}, {"type": "Feature", "id": 846, "properties": {"id": 846, "osm_id": 1428978968, "name": "", "kind": "drain", "length_m": 21}, "geometry": {"type": "LineString", "coordinates": [[77.6846829, 12.9023509], [77.6848767, 12.9023528]]}}, {"type": "Feature", "id": 847, "properties": {"id": 847, "osm_id": 1428978969, "name": "", "kind": "drain", "length_m": 50}, "geometry": {"type": "LineString", "coordinates": [[77.6852978, 12.9027607], [77.685736, 12.9028921]]}}, {"type": "Feature", "id": 848, "properties": {"id": 848, "osm_id": 1428978970, "name": "", "kind": "drain", "length_m": 50}, "geometry": {"type": "LineString", "coordinates": [[77.6851583, 12.9023724], [77.6852824, 12.9024561], [77.6852978, 12.9027607]]}}, {"type": "Feature", "id": 849, "properties": {"id": 849, "osm_id": 1429153633, "name": "", "kind": "drain", "length_m": 51}, "geometry": {"type": "LineString", "coordinates": [[77.6827163, 12.8985164], [77.6827148, 12.8985304], [77.682513, 12.8985415], [77.6825484, 12.8987895]]}}, {"type": "Feature", "id": 850, "properties": {"id": 850, "osm_id": 1429153634, "name": "", "kind": "drain", "length_m": 11}, "geometry": {"type": "LineString", "coordinates": [[77.6827363, 12.89842], [77.6827163, 12.8985164]]}}, {"type": "Feature", "id": 851, "properties": {"id": 851, "osm_id": 1429153635, "name": "", "kind": "drain", "length_m": 6}, "geometry": {"type": "LineString", "coordinates": [[77.6825899, 12.8990797], [77.6825976, 12.8991332]]}}, {"type": "Feature", "id": 852, "properties": {"id": 852, "osm_id": 1429153636, "name": "", "kind": "drain", "length_m": 27}, "geometry": {"type": "LineString", "coordinates": [[77.6825549, 12.8988348], [77.6825899, 12.8990797]]}}, {"type": "Feature", "id": 853, "properties": {"id": 853, "osm_id": 1429153637, "name": "", "kind": "drain", "length_m": 5}, "geometry": {"type": "LineString", "coordinates": [[77.6825484, 12.8987895], [77.6825549, 12.8988348]]}}, {"type": "Feature", "id": 854, "properties": {"id": 854, "osm_id": 1429153638, "name": "", "kind": "drain", "length_m": 72}, "geometry": {"type": "LineString", "coordinates": [[77.6826451, 12.8977827], [77.6826786, 12.8979088], [77.6826947, 12.898018], [77.6827303, 12.8980944], [77.6827276, 12.8982049], [77.6827363, 12.89842]]}}, {"type": "Feature", "id": 855, "properties": {"id": 855, "osm_id": 1429153641, "name": "", "kind": "drain", "length_m": 280}, "geometry": {"type": "LineString", "coordinates": [[77.6825976, 12.8991332], [77.6826736, 12.8996651], [77.6826729, 12.8996867], [77.6826541, 12.8997115], [77.6823507, 12.9000792], [77.6823189, 12.9001488], [77.6823594, 12.9001782], [77.6824205, 12.9002161], [77.6824412, 12.9002658], [77.6824312, 12.9003501], [77.6824171, 12.9003965], [77.6824104, 12.9004501], [77.6824245, 12.9005501], [77.6824171, 12.9006188], [77.682403, 12.9008593], [77.6823963, 12.9010606], [77.6823775, 12.9012149], [77.6824003, 12.9014214], [77.682407, 12.9014397], [77.6824226, 12.9014718]]}}, {"type": "Feature", "id": 856, "properties": {"id": 856, "osm_id": 1429319342, "name": "", "kind": "drain", "length_m": 183}, "geometry": {"type": "LineString", "coordinates": [[77.6684529, 12.88918], [77.666806, 12.8895252]]}}, {"type": "Feature", "id": 857, "properties": {"id": 857, "osm_id": 1429319343, "name": "", "kind": "drain", "length_m": 430}, "geometry": {"type": "LineString", "coordinates": [[77.666399, 12.8859552], [77.6671188, 12.8866535], [77.66824, 12.8882322], [77.6683347, 12.8886218], [77.6684529, 12.88918]]}}, {"type": "Feature", "id": 858, "properties": {"id": 858, "osm_id": 1429319348, "name": "", "kind": "stream", "length_m": 334}, "geometry": {"type": "LineString", "coordinates": [[77.666399, 12.8859552], [77.665025, 12.8861941], [77.6640648, 12.8865183], [77.6638448, 12.8871302]]}}, {"type": "Feature", "id": 859, "properties": {"id": 859, "osm_id": 1429319349, "name": "", "kind": "stream", "length_m": 15}, "geometry": {"type": "LineString", "coordinates": [[77.6639736, 12.887172], [77.6638448, 12.8871302]]}}, {"type": "Feature", "id": 860, "properties": {"id": 860, "osm_id": 1429699960, "name": "MD284", "kind": "drain", "length_m": 184}, "geometry": {"type": "LineString", "coordinates": [[77.7242112, 12.9937132], [77.7243606, 12.9946161], [77.7245003, 12.9948749], [77.724499, 12.9953323]]}}, {"type": "Feature", "id": 861, "properties": {"id": 861, "osm_id": 1429699961, "name": "MD284", "kind": "drain", "length_m": 10}, "geometry": {"type": "LineString", "coordinates": [[77.7241961, 12.9936217], [77.7242112, 12.9937132]]}}, {"type": "Feature", "id": 862, "properties": {"id": 862, "osm_id": 1430946252, "name": "", "kind": "drain", "length_m": 575}, "geometry": {"type": "LineString", "coordinates": [[77.6294856, 12.9442817], [77.6294527, 12.9441527], [77.6294144, 12.9438797], [77.6294011, 12.943693], [77.6293787, 12.9434323], [77.6293778, 12.9431915], [77.6294789, 12.9429726], [77.6294847, 12.9429034], [77.629442, 12.9427688], [77.6293875, 12.9427053], [77.629323, 12.9425609], [77.6292893, 12.9424437], [77.6292922, 12.9423442], [77.6293048, 12.942202], [77.6292951, 12.9420134], [77.6292214, 12.94182], [77.629209, 12.9415385], [77.629157, 12.9413821], [77.6290957, 12.9411963], [77.629052, 12.9410731], [77.6290247, 12.9410617], [77.6287709, 12.9410721], [77.6286464, 12.9409555], [77.6284227, 12.940856], [77.6282652, 12.940784], [77.6281825, 12.9406835], [77.6281329, 12.9406584], [77.6279121, 12.940457], [77.6277458, 12.9402873], [77.6275184, 12.9400932]]}}, {"type": "Feature", "id": 863, "properties": {"id": 863, "osm_id": 1431134672, "name": "", "kind": "drain", "length_m": 234}, "geometry": {"type": "LineString", "coordinates": [[77.6248187, 12.9484573], [77.6247474, 12.948221], [77.6247345, 12.9481782], [77.6247289, 12.9479812], [77.6247008, 12.9477604], [77.6246353, 12.9475579], [77.6245642, 12.9474211], [77.6244444, 12.9471639], [77.6244107, 12.9470653], [77.6242272, 12.9467844], [77.6240849, 12.9466166], [77.6239972, 12.9465673]]}}, {"type": "Feature", "id": 864, "properties": {"id": 864, "osm_id": 1431135864, "name": "", "kind": "drain", "length_m": 78}, "geometry": {"type": "LineString", "coordinates": [[77.6267955, 12.9494507], [77.6266027, 12.9492974], [77.6264305, 12.9491788], [77.6262901, 12.9490438], [77.6262573, 12.9489909]]}}, {"type": "Feature", "id": 865, "properties": {"id": 865, "osm_id": 1431913917, "name": "", "kind": "drain", "length_m": 77}, "geometry": {"type": "LineString", "coordinates": [[77.6254235, 12.9481252], [77.6252521, 12.948076], [77.625093, 12.9480925], [77.6247474, 12.948221]]}}, {"type": "Feature", "id": 866, "properties": {"id": 866, "osm_id": 1431913918, "name": "", "kind": "drain", "length_m": 12}, "geometry": {"type": "LineString", "coordinates": [[77.6255254, 12.9481545], [77.6254235, 12.9481252]]}}, {"type": "Feature", "id": 867, "properties": {"id": 867, "osm_id": 1431913919, "name": "", "kind": "drain", "length_m": 47}, "geometry": {"type": "LineString", "coordinates": [[77.6260811, 12.9484949], [77.6260027, 12.9482183], [77.6259709, 12.9481362], [77.6259226, 12.9481401]]}}, {"type": "Feature", "id": 868, "properties": {"id": 868, "osm_id": 1431913920, "name": "", "kind": "drain", "length_m": 6}, "geometry": {"type": "LineString", "coordinates": [[77.6260961, 12.9485477], [77.6260811, 12.9484949]]}}, {"type": "Feature", "id": 869, "properties": {"id": 869, "osm_id": 1431913921, "name": "", "kind": "drain", "length_m": 32}, "geometry": {"type": "LineString", "coordinates": [[77.6258201, 12.9481483], [77.6257893, 12.9481508], [77.6256134, 12.9481691], [77.6255254, 12.9481545]]}}, {"type": "Feature", "id": 870, "properties": {"id": 870, "osm_id": 1431913922, "name": "", "kind": "drain", "length_m": 11}, "geometry": {"type": "LineString", "coordinates": [[77.6259226, 12.9481401], [77.6258201, 12.9481483]]}}, {"type": "Feature", "id": 871, "properties": {"id": 871, "osm_id": 1431913923, "name": "", "kind": "drain", "length_m": 42}, "geometry": {"type": "LineString", "coordinates": [[77.6262058, 12.9489079], [77.6261188, 12.9486279], [77.6260961, 12.9485477]]}}, {"type": "Feature", "id": 872, "properties": {"id": 872, "osm_id": 1431913924, "name": "", "kind": "drain", "length_m": 11}, "geometry": {"type": "LineString", "coordinates": [[77.6262573, 12.9489909], [77.6262058, 12.9489079]]}}, {"type": "Feature", "id": 873, "properties": {"id": 873, "osm_id": 1431920125, "name": "", "kind": "drain", "length_m": 82}, "geometry": {"type": "LineString", "coordinates": [[77.6295762, 12.9450607], [77.6295402, 12.9448541], [77.629512, 12.9446484], [77.6294974, 12.944328]]}}, {"type": "Feature", "id": 874, "properties": {"id": 874, "osm_id": 1431920126, "name": "", "kind": "drain", "length_m": 5}, "geometry": {"type": "LineString", "coordinates": [[77.6294974, 12.944328], [77.6294856, 12.9442817]]}}, {"type": "Feature", "id": 875, "properties": {"id": 875, "osm_id": 1434904012, "name": "", "kind": "drain", "length_m": 24}, "geometry": {"type": "LineString", "coordinates": [[77.6444639, 12.8822198], [77.6445054, 12.8822296], [77.6446483, 12.88221], [77.6446823, 12.8822042]]}}, {"type": "Feature", "id": 876, "properties": {"id": 876, "osm_id": 1435614061, "name": "", "kind": "drain", "length_m": 144}, "geometry": {"type": "LineString", "coordinates": [[77.7516513, 12.8912589], [77.7529655, 12.8910611]]}}, {"type": "Feature", "id": 877, "properties": {"id": 877, "osm_id": 1442293579, "name": "K200", "kind": "drain", "length_m": 298}, "geometry": {"type": "LineString", "coordinates": [[77.6146839, 12.9234655], [77.6148004, 12.9234581], [77.6152486, 12.9233156], [77.6155325, 12.9231935], [77.6156851, 12.9231083], [77.6159392, 12.9228339], [77.6162125, 12.9224994], [77.6162457, 12.9224319], [77.6162546, 12.922131], [77.6163098, 12.9219364], [77.6165045, 12.9217547]]}}, {"type": "Feature", "id": 878, "properties": {"id": 878, "osm_id": 1442293580, "name": "K200", "kind": "drain", "length_m": 15}, "geometry": {"type": "LineString", "coordinates": [[77.6145427, 12.9234477], [77.6146839, 12.9234655]]}}, {"type": "Feature", "id": 879, "properties": {"id": 879, "osm_id": 1443481747, "name": "C105", "kind": "drain", "length_m": 396}, "geometry": {"type": "LineString", "coordinates": [[77.6501406, 12.9685524], [77.6486367, 12.968835], [77.6478066, 12.968916], [77.6480721, 12.9679149], [77.6478545, 12.9678453]]}}, {"type": "Feature", "id": 880, "properties": {"id": 880, "osm_id": 1443640369, "name": "C103", "kind": "drain", "length_m": 252}, "geometry": {"type": "LineString", "coordinates": [[77.6578112, 12.9590736], [77.6577012, 12.957917], [77.6575051, 12.9568231]]}}, {"type": "Feature", "id": 881, "properties": {"id": 881, "osm_id": 1443968008, "name": "", "kind": "drain", "length_m": 172}, "geometry": {"type": "LineString", "coordinates": [[77.7762026, 12.8784075], [77.7759665, 12.8778166], [77.7755213, 12.8773564], [77.7753543, 12.8771294]]}}, {"type": "Feature", "id": 882, "properties": {"id": 882, "osm_id": 1444447465, "name": "", "kind": "drain", "length_m": 479}, "geometry": {"type": "LineString", "coordinates": [[77.6804906, 12.982902], [77.6805416, 12.9827452], [77.680551, 12.9826616], [77.6805885, 12.9826015], [77.6807226, 12.9825152], [77.6808648, 12.9824264], [77.6809037, 12.9823845], [77.6809466, 12.9821964], [77.680952, 12.9819846], [77.6809519, 12.9817389], [77.680901, 12.9816135], [77.6808809, 12.9814659], [77.6809265, 12.9812241], [77.6808996, 12.9810607], [77.6809265, 12.9808072], [77.6809439, 12.9807131], [77.6809332, 12.9804256], [77.6809144, 12.9802871], [77.6809184, 12.980223], [77.68153, 12.9800466], [77.6817995, 12.9799447], [77.6820584, 12.9798715], [77.6822193, 12.9797905], [77.6823092, 12.9797643]]}}, {"type": "Feature", "id": 883, "properties": {"id": 883, "osm_id": 1444469668, "name": "", "kind": "drain", "length_m": 75}, "geometry": {"type": "LineString", "coordinates": [[77.6825103, 12.9794559], [77.6828322, 12.9793122], [77.6830146, 12.9792181], [77.6831272, 12.9791553]]}}, {"type": "Feature", "id": 884, "properties": {"id": 884, "osm_id": 1446546253, "name": "BD423", "kind": "stream", "length_m": 1257}, "geometry": {"type": "LineString", "coordinates": [[77.7658589, 13.0002407], [77.7666026, 13.0000886], [77.7668644, 13.0000966], [77.7670894, 13.0001905], [77.7673924, 13.0005002], [77.7678002, 13.0011261], [77.7680621, 13.001189], [77.7684909, 13.0009876], [77.7692419, 13.0002454], [77.7706102, 12.9995426], [77.7709488, 12.9992493], [77.770924, 12.9987846], [77.7708811, 12.9985599], [77.7709186, 12.9984188], [77.7712324, 12.9985233], [77.7722007, 12.9984449], [77.772662, 12.9984371], [77.7729645, 12.9981319], [77.7735439, 12.9972824], [77.7738267, 12.9970334], [77.7738687, 12.9970416], [77.7739388, 12.9970663], [77.774078, 12.9971196], [77.7743932, 12.9973864], [77.774438, 12.9975286]]}}, {"type": "Feature", "id": 885, "properties": {"id": 885, "osm_id": 1446914572, "name": "", "kind": "drain", "length_m": 202}, "geometry": {"type": "LineString", "coordinates": [[77.6628095, 12.9773898], [77.6628873, 12.9772853], [77.6628363, 12.9769585], [77.6629034, 12.9768854], [77.6632561, 12.9768187], [77.6634344, 12.9767939], [77.663696, 12.9766684], [77.6641224, 12.9765038]]}}, {"type": "Feature", "id": 886, "properties": {"id": 886, "osm_id": 1447954571, "name": "", "kind": "drain", "length_m": 154}, "geometry": {"type": "LineString", "coordinates": [[77.6727376, 12.9670077], [77.6732701, 12.9672785], [77.6734672, 12.9673021], [77.6736402, 12.9673922], [77.6738267, 12.9674281], [77.6740606, 12.9674497]]}}, {"type": "Feature", "id": 887, "properties": {"id": 887, "osm_id": 1447954572, "name": "", "kind": "drain", "length_m": 10}, "geometry": {"type": "LineString", "coordinates": [[77.6726588, 12.9669614], [77.6727376, 12.9670077]]}}, {"type": "Feature", "id": 888, "properties": {"id": 888, "osm_id": 1448551112, "name": "", "kind": "drain", "length_m": 113}, "geometry": {"type": "LineString", "coordinates": [[77.6736822, 12.9695405], [77.6738006, 12.9693556], [77.67393, 12.9692145], [77.6740858, 12.969098], [77.6742426, 12.9689623], [77.6744159, 12.9688234]]}}, {"type": "Feature", "id": 889, "properties": {"id": 889, "osm_id": 1450175948, "name": "", "kind": "drain", "length_m": 33}, "geometry": {"type": "LineString", "coordinates": [[77.6884095, 12.9665506], [77.6885104, 12.9665218], [77.6887062, 12.9665177]]}}, {"type": "Feature", "id": 890, "properties": {"id": 890, "osm_id": 1450175949, "name": "", "kind": "drain", "length_m": 671}, "geometry": {"type": "LineString", "coordinates": [[77.6830192, 12.9665404], [77.6831103, 12.9665849], [77.6833647, 12.9666103], [77.6842298, 12.9665827], [77.6846713, 12.9666997], [77.6849292, 12.9667787], [77.6852411, 12.9669486], [77.6853725, 12.9670252], [77.6855076, 12.9670396], [77.6856156, 12.967042], [77.6857114, 12.9670133], [77.6857826, 12.9669391], [77.6858096, 12.9668649], [77.6858035, 12.9666578], [77.6858354, 12.9666112], [77.685876, 12.9665645], [77.6860147, 12.9665023], [77.6861707, 12.9664891], [77.6862959, 12.9664999], [77.6864592, 12.9665908], [77.6867478, 12.9667715], [77.6868313, 12.9668026], [77.6870511, 12.9668577], [77.6872893, 12.9668912], [77.6875153, 12.9668912], [77.6877228, 12.9668134], [77.6882963, 12.9668122], [77.6883173, 12.9668078], [77.6883368, 12.9667991], [77.6883567, 12.966784], [77.6883721, 12.9667645], [77.688382, 12.966742], [77.6883859, 12.9667177], [77.6883896, 12.9666076], [77.6884095, 12.9665506]]}}, {"type": "Feature", "id": 891, "properties": {"id": 891, "osm_id": 1453259917, "name": "", "kind": "drain", "length_m": 62}, "geometry": {"type": "LineString", "coordinates": [[77.642135, 12.954728], [77.6422058, 12.9548405], [77.6422594, 12.9548588], [77.6425186, 12.955128]]}}, {"type": "Feature", "id": 892, "properties": {"id": 892, "osm_id": 1453259918, "name": "", "kind": "drain", "length_m": 13}, "geometry": {"type": "LineString", "coordinates": [[77.6425186, 12.955128], [77.6426037, 12.9552164]]}}, {"type": "Feature", "id": 893, "properties": {"id": 893, "osm_id": 1453259919, "name": "", "kind": "drain", "length_m": 85}, "geometry": {"type": "LineString", "coordinates": [[77.6432615, 12.9558995], [77.6436488, 12.9563017], [77.6437754, 12.956478]]}}, {"type": "Feature", "id": 894, "properties": {"id": 894, "osm_id": 1453259920, "name": "", "kind": "drain", "length_m": 14}, "geometry": {"type": "LineString", "coordinates": [[77.6431759, 12.9558106], [77.6432615, 12.9558995]]}}, {"type": "Feature", "id": 895, "properties": {"id": 895, "osm_id": 1453323943, "name": "", "kind": "drain", "length_m": 19}, "geometry": {"type": "LineString", "coordinates": [[77.7113436, 12.9070129], [77.7114969, 12.9069301]]}}, {"type": "Feature", "id": 896, "properties": {"id": 896, "osm_id": 1453323944, "name": "", "kind": "drain", "length_m": 41}, "geometry": {"type": "LineString", "coordinates": [[77.7110106, 12.9071927], [77.7113436, 12.9070129]]}}, {"type": "Feature", "id": 897, "properties": {"id": 897, "osm_id": 1453323945, "name": "", "kind": "drain", "length_m": 343}, "geometry": {"type": "LineString", "coordinates": [[77.7089033, 12.9078909], [77.7089797, 12.9079707], [77.7093874, 12.9079354], [77.7095845, 12.9079471], [77.7106293, 12.90787], [77.7112623, 12.907819], [77.7111657, 12.9075863], [77.711214, 12.9075628], [77.710995, 12.9072011], [77.7110106, 12.9071927]]}}, {"type": "Feature", "id": 898, "properties": {"id": 898, "osm_id": 1454095214, "name": "", "kind": "drain", "length_m": 99}, "geometry": {"type": "LineString", "coordinates": [[77.759884, 12.9940856], [77.7601469, 12.9940856], [77.760222, 12.9940542], [77.7602997, 12.9940359], [77.7603309, 12.9940464], [77.7603634, 12.9940517], [77.7603963, 12.9940516], [77.7604382, 12.9940434], [77.7604772, 12.9940266], [77.7605116, 12.9940019], [77.7605324, 12.9939911], [77.7605546, 12.9939836], [77.7605795, 12.9939795], [77.7606047, 12.9939795], [77.7606297, 12.9939836], [77.7606753, 12.9940098], [77.7607611, 12.994015]]}}, {"type": "Feature", "id": 899, "properties": {"id": 899, "osm_id": 1454095247, "name": "", "kind": "drain", "length_m": 331}, "geometry": {"type": "LineString", "coordinates": [[77.7569658, 12.9891211], [77.756977, 12.9891037], [77.7569915, 12.9890887], [77.7570087, 12.9890767], [77.7570332, 12.9890665], [77.7570596, 12.9890623], [77.7571036, 12.9890571], [77.7571468, 12.9890479], [77.7571919, 12.9890338], [77.7572353, 12.9890153], [77.7573051, 12.98898], [77.7573922, 12.9889447], [77.7574378, 12.9889382], [77.757474, 12.9889264], [77.7577007, 12.9888376], [77.7578053, 12.9887487], [77.7580038, 12.9886546], [77.7581593, 12.9886154], [77.7583793, 12.9885161], [77.7585268, 12.9884664], [77.758626, 12.9884455], [77.7586643, 12.9884409], [77.7587011, 12.9884298], [77.7587276, 12.9884171], [77.7587521, 12.9884011], [77.758791, 12.98838], [77.7588326, 12.9883645], [77.758871, 12.9883556], [77.7589104, 12.9883514], [77.758949, 12.9883417], [77.7589868, 12.9883292], [77.7590455, 12.9883037], [77.7591008, 12.9882717], [77.7591381, 12.9882441], [77.7591799, 12.9882234], [77.7592142, 12.9882125], [77.7592497, 12.9882064], [77.7592944, 12.9882039], [77.7593382, 12.9881946], [77.7593734, 12.9881818], [77.7594066, 12.9881646], [77.7594709, 12.9881358], [77.7595058, 12.9881162], [77.7595252, 12.9880988], [77.7595474, 12.9880848], [77.7595715, 12.9880748], [77.759597, 12.9880689], [77.7596232, 12.9880672], [77.75977, 12.9880515]]}}, {"type": "Feature", "id": 900, "properties": {"id": 900, "osm_id": 1454686564, "name": "", "kind": "drain", "length_m": 49}, "geometry": {"type": "LineString", "coordinates": [[77.7133823, 12.9380323], [77.7134603, 12.9380243], [77.7135515, 12.9380452], [77.7137267, 12.9381052], [77.7138108, 12.9381464]]}}, {"type": "Feature", "id": 901, "properties": {"id": 901, "osm_id": 1454686565, "name": "", "kind": "drain", "length_m": 105}, "geometry": {"type": "LineString", "coordinates": [[77.7124266, 12.9381241], [77.7127851, 12.9380557], [77.7128593, 12.938056], [77.7129873, 12.9380594], [77.7133823, 12.9380323]]}}, {"type": "Feature", "id": 902, "properties": {"id": 902, "osm_id": 1455373057, "name": "K114", "kind": "drain", "length_m": 40}, "geometry": {"type": "LineString", "coordinates": [[77.5984673, 12.951454], [77.5985413, 12.9510977]]}}, {"type": "Feature", "id": 903, "properties": {"id": 903, "osm_id": 1455373063, "name": "", "kind": "drain", "length_m": 9}, "geometry": {"type": "LineString", "coordinates": [[77.5963185, 12.9523639], [77.5963712, 12.9524248]]}}, {"type": "Feature", "id": 904, "properties": {"id": 904, "osm_id": 1455373064, "name": "", "kind": "drain", "length_m": 26}, "geometry": {"type": "LineString", "coordinates": [[77.5961644, 12.9521859], [77.5963185, 12.9523639]]}}, {"type": "Feature", "id": 905, "properties": {"id": 905, "osm_id": 1455373065, "name": "", "kind": "drain", "length_m": 34}, "geometry": {"type": "LineString", "coordinates": [[77.5963712, 12.9524248], [77.5965187, 12.952595], [77.5965361, 12.9526083], [77.5965852, 12.9526461]]}}, {"type": "Feature", "id": 906, "properties": {"id": 906, "osm_id": 1455373069, "name": "K114", "kind": "drain", "length_m": 9}, "geometry": {"type": "LineString", "coordinates": [[77.5964711, 12.9528168], [77.5964691, 12.9527898], [77.5964654, 12.9527394]]}}, {"type": "Feature", "id": 907, "properties": {"id": 907, "osm_id": 1455376047, "name": "", "kind": "drain", "length_m": 78}, "geometry": {"type": "LineString", "coordinates": [[77.7191969, 12.9730471], [77.7193779, 12.9725851], [77.719458, 12.9723876]]}}, {"type": "Feature", "id": 908, "properties": {"id": 908, "osm_id": 1455980505, "name": "", "kind": "drain", "length_m": 11}, "geometry": {"type": "LineString", "coordinates": [[77.717432, 12.9390361], [77.7175131, 12.9390922]]}}, {"type": "Feature", "id": 909, "properties": {"id": 909, "osm_id": 1455980506, "name": "", "kind": "drain", "length_m": 11}, "geometry": {"type": "LineString", "coordinates": [[77.7173467, 12.9389772], [77.717432, 12.9390361]]}}, {"type": "Feature", "id": 910, "properties": {"id": 910, "osm_id": 1455980508, "name": "", "kind": "drain", "length_m": 12}, "geometry": {"type": "LineString", "coordinates": [[77.7144165, 12.938353], [77.7145213, 12.938323]]}}, {"type": "Feature", "id": 911, "properties": {"id": 911, "osm_id": 1455980509, "name": "", "kind": "drain", "length_m": 72}, "geometry": {"type": "LineString", "coordinates": [[77.7138108, 12.9381464], [77.7142843, 12.9383665], [77.7143461, 12.9383779], [77.7144165, 12.938353]]}}, {"type": "Feature", "id": 912, "properties": {"id": 912, "osm_id": 1457683384, "name": "", "kind": "drain", "length_m": 162}, "geometry": {"type": "LineString", "coordinates": [[77.6856599, 12.910438], [77.6860522, 12.9115105], [77.6857558, 12.9116629]]}}, {"type": "Feature", "id": 913, "properties": {"id": 913, "osm_id": 1457683385, "name": "", "kind": "drain", "length_m": 14}, "geometry": {"type": "LineString", "coordinates": [[77.6857558, 12.9116629], [77.6856599, 12.9117426]]}}, {"type": "Feature", "id": 914, "properties": {"id": 914, "osm_id": 1457683388, "name": "", "kind": "drain", "length_m": 31}, "geometry": {"type": "LineString", "coordinates": [[77.6845421, 12.9123354], [77.6844496, 12.9124125], [77.6843047, 12.9124883]]}}, {"type": "Feature", "id": 915, "properties": {"id": 915, "osm_id": 1457683389, "name": "", "kind": "drain", "length_m": 94}, "geometry": {"type": "LineString", "coordinates": [[77.6841598, 12.9125644], [77.6840942, 12.9125942], [77.6840667, 12.9126447], [77.6840434, 12.9126971], [77.6840244, 12.9127511], [77.6840049, 12.9128313], [77.6839949, 12.9129132], [77.6839488, 12.9129774], [77.6839198, 12.9130178], [77.6837562, 12.9131276], [77.6837427, 12.9131526], [77.6837347, 12.9131799], [77.6837327, 12.9132101], [77.6837374, 12.91324]]}}, {"type": "Feature", "id": 916, "properties": {"id": 916, "osm_id": 1457683390, "name": "", "kind": "drain", "length_m": 141}, "geometry": {"type": "LineString", "coordinates": [[77.6856599, 12.9117426], [77.6854902, 12.911857], [77.6849826, 12.9121812], [77.6848968, 12.9122602], [77.6848244, 12.9122949], [77.6847345, 12.9123151], [77.6846091, 12.9123223], [77.6845421, 12.9123354]]}}, {"type": "Feature", "id": 917, "properties": {"id": 917, "osm_id": 1458230594, "name": "", "kind": "drain", "length_m": 88}, "geometry": {"type": "LineString", "coordinates": [[77.7376055, 12.9263337], [77.7368278, 12.9265468]]}}, {"type": "Feature", "id": 918, "properties": {"id": 918, "osm_id": 1458230595, "name": "", "kind": "drain", "length_m": 481}, "geometry": {"type": "LineString", "coordinates": [[77.7368278, 12.9265468], [77.7367955, 12.9265167], [77.7367473, 12.9265063], [77.7366239, 12.9265089], [77.7366051, 12.9265167], [77.7363798, 12.9266448], [77.7360928, 12.9269507], [77.7360231, 12.9270187], [77.7356368, 12.9273507], [77.7354893, 12.9274265], [77.7353533, 12.927465], [77.7352291, 12.9274801], [77.7351339, 12.9274997], [77.7349975, 12.9275014], [77.7347933, 12.9275663], [77.7345224, 12.9276069], [77.7343253, 12.9277306], [77.73423, 12.9278618], [77.7341375, 12.9280395], [77.7339752, 12.9282186], [77.7331665, 12.9285846]]}}, {"type": "Feature", "id": 919, "properties": {"id": 919, "osm_id": 1459558809, "name": "", "kind": "drain", "length_m": 94}, "geometry": {"type": "LineString", "coordinates": [[77.7752351, 12.8768547], [77.7749419, 12.8760543]]}}, {"type": "Feature", "id": 920, "properties": {"id": 920, "osm_id": 1459558810, "name": "", "kind": "drain", "length_m": 33}, "geometry": {"type": "LineString", "coordinates": [[77.7753543, 12.8771294], [77.7753174, 12.8770793], [77.7752351, 12.8768547]]}}, {"type": "Feature", "id": 921, "properties": {"id": 921, "osm_id": 1459558811, "name": "", "kind": "drain", "length_m": 42}, "geometry": {"type": "LineString", "coordinates": [[77.7727292, 12.8780959], [77.772699, 12.8779727], [77.7726755, 12.877848], [77.7726589, 12.8777239]]}}, {"type": "Feature", "id": 922, "properties": {"id": 922, "osm_id": 1459558812, "name": "", "kind": "drain", "length_m": 157}, "geometry": {"type": "LineString", "coordinates": [[77.7732092, 12.8794325], [77.7728096, 12.878337], [77.7727661, 12.8782175], [77.7727292, 12.8780959]]}}, {"type": "Feature", "id": 923, "properties": {"id": 923, "osm_id": 1460658600, "name": "K209", "kind": "drain", "length_m": 38}, "geometry": {"type": "LineString", "coordinates": [[77.5935893, 12.9067908], [77.5935671, 12.9064465]]}}, {"type": "Feature", "id": 924, "properties": {"id": 924, "osm_id": 1469154066, "name": "", "kind": "drain", "length_m": 41}, "geometry": {"type": "LineString", "coordinates": [[77.6690269, 12.9916106], [77.6690081, 12.9914799], [77.6688525, 12.9914511], [77.6688641, 12.9913662]]}}, {"type": "Feature", "id": 925, "properties": {"id": 925, "osm_id": 1469154067, "name": "", "kind": "drain", "length_m": 5}, "geometry": {"type": "LineString", "coordinates": [[77.6690326, 12.9916516], [77.6690269, 12.9916106]]}}, {"type": "Feature", "id": 926, "properties": {"id": 926, "osm_id": 1469212065, "name": "", "kind": "drain", "length_m": 7}, "geometry": {"type": "LineString", "coordinates": [[77.6689264, 12.9927305], [77.6689547, 12.992678]]}}, {"type": "Feature", "id": 927, "properties": {"id": 927, "osm_id": 1469212066, "name": "", "kind": "drain", "length_m": 50}, "geometry": {"type": "LineString", "coordinates": [[77.6688413, 12.9931701], [77.6689264, 12.9927305]]}}, {"type": "Feature", "id": 928, "properties": {"id": 928, "osm_id": 1481084185, "name": "", "kind": "ditch", "length_m": 410}, "geometry": {"type": "LineString", "coordinates": [[77.7210071, 12.9614361], [77.7213769, 12.961377], [77.7224572, 12.9608902], [77.7228268, 12.9607794], [77.7239233, 12.9605696], [77.72463, 12.9604825]]}}, {"type": "Feature", "id": 929, "properties": {"id": 929, "osm_id": 1481084186, "name": "", "kind": "drain", "length_m": 31}, "geometry": {"type": "LineString", "coordinates": [[77.7241138, 12.9601554], [77.7243977, 12.9601363]]}}, {"type": "Feature", "id": 930, "properties": {"id": 930, "osm_id": 1481084195, "name": "", "kind": "drain", "length_m": 563}, "geometry": {"type": "LineString", "coordinates": [[77.72463, 12.9604825], [77.7246126, 12.9598933], [77.7246427, 12.9597046], [77.7250937, 12.9584456], [77.7250449, 12.9580061], [77.7243644, 12.9573094], [77.7239301, 12.9569631], [77.7238133, 12.9567801], [77.7237841, 12.9565224], [77.7237973, 12.9559857]]}}, {"type": "Feature", "id": 931, "properties": {"id": 931, "osm_id": 1488651621, "name": "", "kind": "drain", "length_m": 805}, "geometry": {"type": "LineString", "coordinates": [[77.7491496, 12.947483], [77.7492886, 12.9475604], [77.7495264, 12.9477397], [77.7496057, 12.9478516], [77.7498385, 12.9481093], [77.7497077, 12.9487289], [77.7503353, 12.9488439], [77.7510005, 12.949074], [77.7517033, 12.9495392], [77.752111, 12.9497275], [77.7531946, 12.9500882], [77.7537739, 12.9508619], [77.7538615, 12.9509437], [77.7542835, 12.9513377], [77.7546248, 12.951403]]}}, {"type": "Feature", "id": 932, "properties": {"id": 932, "osm_id": 1488651622, "name": "", "kind": "drain", "length_m": 12}, "geometry": {"type": "LineString", "coordinates": [[77.7546248, 12.951403], [77.7547341, 12.9514239]]}}, {"type": "Feature", "id": 933, "properties": {"id": 933, "osm_id": 1488651623, "name": "", "kind": "drain", "length_m": 131}, "geometry": {"type": "LineString", "coordinates": [[77.7547341, 12.9514239], [77.7551848, 12.9515102], [77.7559109, 12.9513548]]}}, {"type": "Feature", "id": 934, "properties": {"id": 934, "osm_id": 1488651624, "name": "", "kind": "drain", "length_m": 11}, "geometry": {"type": "LineString", "coordinates": [[77.7559109, 12.9513548], [77.7560138, 12.9513328]]}}, {"type": "Feature", "id": 935, "properties": {"id": 935, "osm_id": 1488651625, "name": "", "kind": "drain", "length_m": 87}, "geometry": {"type": "LineString", "coordinates": [[77.7560138, 12.9513328], [77.7563918, 12.9513115], [77.7567005, 12.951374], [77.756798, 12.9514212]]}}, {"type": "Feature", "id": 936, "properties": {"id": 936, "osm_id": 1488651626, "name": "", "kind": "drain", "length_m": 5}, "geometry": {"type": "LineString", "coordinates": [[77.756798, 12.9514212], [77.7568436, 12.9514309]]}}, {"type": "Feature", "id": 937, "properties": {"id": 937, "osm_id": 1488651627, "name": "", "kind": "drain", "length_m": 24}, "geometry": {"type": "LineString", "coordinates": [[77.7568436, 12.9514309], [77.7570586, 12.9514893]]}}, {"type": "Feature", "id": 938, "properties": {"id": 938, "osm_id": 1488651628, "name": "", "kind": "drain", "length_m": 8}, "geometry": {"type": "LineString", "coordinates": [[77.7570586, 12.9514893], [77.7571307, 12.951513]]}}, {"type": "Feature", "id": 939, "properties": {"id": 939, "osm_id": 1488651629, "name": "", "kind": "drain", "length_m": 43}, "geometry": {"type": "LineString", "coordinates": [[77.7571307, 12.951513], [77.7574992, 12.9516561]]}}, {"type": "Feature", "id": 940, "properties": {"id": 940, "osm_id": 1491306643, "name": "", "kind": "drain", "length_m": 375}, "geometry": {"type": "LineString", "coordinates": [[77.7567515, 12.9670622], [77.7567411, 12.9669393], [77.7567428, 12.9669279], [77.7567539, 12.966922], [77.756772, 12.9669253], [77.7568759, 12.9669544], [77.756943, 12.9669704], [77.7570083, 12.9669808], [77.7570606, 12.9669893], [77.757123, 12.9669799], [77.7572236, 12.9669678], [77.7572769, 12.9669573], [77.7572745, 12.9669224], [77.7573493, 12.9668681], [77.7574472, 12.9668253], [77.7575344, 12.9667966], [77.7575914, 12.9667384], [77.7576628, 12.9666669], [77.7577382, 12.9665721], [77.7578133, 12.9664979], [77.7578811, 12.9664447], [77.7579495, 12.9664166], [77.7580051, 12.9664107], [77.7580953, 12.966411], [77.7581872, 12.9664225], [77.7583209, 12.9664545], [77.7584356, 12.9664702], [77.7585288, 12.9664669], [77.7586079, 12.9664571], [77.7587729, 12.9664244], [77.759131, 12.9663447], [77.7594569, 12.9662836], [77.7595031, 12.9663026], [77.7595397, 12.9663385], [77.7595621, 12.9663633], [77.7595953, 12.9663829], [77.7596178, 12.9663934], [77.7596349, 12.9664153], [77.759661, 12.9665143]]}}, {"type": "Feature", "id": 941, "properties": {"id": 941, "osm_id": 1491392738, "name": "K209", "kind": "drain", "length_m": 11}, "geometry": {"type": "LineString", "coordinates": [[77.6000659, 12.9035692], [77.6001568, 12.9036177]]}}, {"type": "Feature", "id": 942, "properties": {"id": 942, "osm_id": 1492125484, "name": "", "kind": "drain", "length_m": 240}, "geometry": {"type": "LineString", "coordinates": [[77.6772385, 12.9961189], [77.677461, 12.9961176], [77.6787177, 12.9957661], [77.6789135, 12.9956641], [77.6793748, 12.9956851]]}}, {"type": "Feature", "id": 943, "properties": {"id": 943, "osm_id": 1492125485, "name": "", "kind": "drain", "length_m": 136}, "geometry": {"type": "LineString", "coordinates": [[77.6762795, 12.9953374], [77.6770681, 12.9959242], [77.6772385, 12.9961189]]}}, {"type": "Feature", "id": 944, "properties": {"id": 944, "osm_id": 1492511234, "name": "", "kind": "drain", "length_m": 43}, "geometry": {"type": "LineString", "coordinates": [[77.6896123, 12.9836829], [77.6898474, 12.983614], [77.6899857, 12.9835526]]}}, {"type": "Feature", "id": 945, "properties": {"id": 945, "osm_id": 1492547633, "name": "", "kind": "drain", "length_m": 43}, "geometry": {"type": "LineString", "coordinates": [[77.6903635, 12.9946681], [77.6905915, 12.994353]]}}, {"type": "Feature", "id": 946, "properties": {"id": 946, "osm_id": 1492547634, "name": "", "kind": "drain", "length_m": 376}, "geometry": {"type": "LineString", "coordinates": [[77.691139, 12.9948238], [77.6911309, 12.9947625], [77.6909298, 12.994164], [77.6908632, 12.9939851], [77.6908627, 12.9939235], [77.690804, 12.9936722], [77.6907768, 12.9935629], [77.6905818, 12.9931695], [77.6902324, 12.9925932], [77.6901264, 12.9923809], [77.6900088, 12.9921029], [77.689944, 12.9919752], [77.6898978, 12.9918262], [77.6898679, 12.9916863]]}}, {"type": "Feature", "id": 947, "properties": {"id": 947, "osm_id": 1492547635, "name": "", "kind": "drain", "length_m": 130}, "geometry": {"type": "LineString", "coordinates": [[77.6913696, 12.9959751], [77.6911457, 12.9950065], [77.691139, 12.9948238]]}}, {"type": "Feature", "id": 948, "properties": {"id": 948, "osm_id": 1492629594, "name": "", "kind": "drain", "length_m": 139}, "geometry": {"type": "LineString", "coordinates": [[77.6945159, 12.9913172], [77.6947264, 12.9912414], [77.6950979, 12.9910617], [77.6956752, 12.9907816]]}}, {"type": "Feature", "id": 949, "properties": {"id": 949, "osm_id": 1492663098, "name": "", "kind": "drain", "length_m": 42}, "geometry": {"type": "LineString", "coordinates": [[77.6906359, 12.9942915], [77.6908632, 12.9939851]]}}, {"type": "Feature", "id": 950, "properties": {"id": 950, "osm_id": 1492663099, "name": "", "kind": "drain", "length_m": 8}, "geometry": {"type": "LineString", "coordinates": [[77.6905915, 12.994353], [77.6906359, 12.9942915]]}}, {"type": "Feature", "id": 951, "properties": {"id": 951, "osm_id": 1493374066, "name": "", "kind": "drain", "length_m": 295}, "geometry": {"type": "LineString", "coordinates": [[77.6980242, 12.9948827], [77.6979411, 12.9944096], [77.6978342, 12.9940281], [77.6977676, 12.9937837], [77.6976809, 12.9934334], [77.697634, 12.993228], [77.6975252, 12.99284], [77.6974489, 12.9925723], [77.6973752, 12.9923011]]}}, {"type": "Feature", "id": 952, "properties": {"id": 952, "osm_id": 1494503420, "name": "", "kind": "drain", "length_m": 154}, "geometry": {"type": "LineString", "coordinates": [[77.6171268, 12.976903], [77.6171335, 12.9766913], [77.6171362, 12.9765397], [77.6171335, 12.976424], [77.617165, 12.9762718], [77.6172019, 12.9760646], [77.6172314, 12.9758301], [77.6172676, 12.9755478], [77.6172703, 12.975523]]}}, {"type": "Feature", "id": 953, "properties": {"id": 953, "osm_id": 1499399048, "name": "", "kind": "drain", "length_m": 120}, "geometry": {"type": "LineString", "coordinates": [[77.5794746, 12.8690858], [77.5795477, 12.869144], [77.5795725, 12.8692068], [77.5795832, 12.8692388], [77.5796188, 12.8692859], [77.5796664, 12.8693342], [77.5796959, 12.8694813], [77.5796379, 12.8695679], [77.5796154, 12.8696088], [77.579607, 12.8696608], [77.5796124, 12.8697114], [77.5796379, 12.8697742], [77.5797116, 12.8700625]]}}, {"type": "Feature", "id": 954, "properties": {"id": 954, "osm_id": 1499661040, "name": "", "kind": "drain", "length_m": 323}, "geometry": {"type": "LineString", "coordinates": [[77.7368539, 12.9184929], [77.7372421, 12.9185092], [77.7374546, 12.9184608], [77.7378523, 12.9181746], [77.7397081, 12.9179026]]}}, {"type": "Feature", "id": 955, "properties": {"id": 955, "osm_id": 1499661041, "name": "", "kind": "drain", "length_m": 39}, "geometry": {"type": "LineString", "coordinates": [[77.7365032, 12.9184412], [77.7368539, 12.9184929]]}}, {"type": "Feature", "id": 956, "properties": {"id": 956, "osm_id": 1499661042, "name": "", "kind": "drain", "length_m": 240}, "geometry": {"type": "LineString", "coordinates": [[77.7343011, 12.9185667], [77.7344379, 12.9185648], [77.7345324, 12.9185282], [77.7346739, 12.9185125], [77.7348617, 12.9184942], [77.7352593, 12.9184693], [77.7365032, 12.9184412]]}}, {"type": "Feature", "id": 957, "properties": {"id": 957, "osm_id": 1501661082, "name": "", "kind": "drain", "length_m": 17}, "geometry": {"type": "LineString", "coordinates": [[77.5797239, 12.8704815], [77.5797234, 12.8706364]]}}, {"type": "Feature", "id": 958, "properties": {"id": 958, "osm_id": 1501661083, "name": "", "kind": "drain", "length_m": 26}, "geometry": {"type": "LineString", "coordinates": [[77.5797247, 12.8702429], [77.5797239, 12.8704815]]}}, {"type": "Feature", "id": 959, "properties": {"id": 959, "osm_id": 1501661084, "name": "", "kind": "drain", "length_m": 95}, "geometry": {"type": "LineString", "coordinates": [[77.5794619, 12.8711757], [77.5794216, 12.8719347], [77.5794127, 12.8720326]]}}, {"type": "Feature", "id": 960, "properties": {"id": 960, "osm_id": 1501661085, "name": "", "kind": "drain", "length_m": 13}, "geometry": {"type": "LineString", "coordinates": [[77.5797163, 12.8701273], [77.5797247, 12.8702429]]}}, {"type": "Feature", "id": 961, "properties": {"id": 961, "osm_id": 1501661090, "name": "", "kind": "drain", "length_m": 87}, "geometry": {"type": "LineString", "coordinates": [[77.5797234, 12.8706364], [77.579723, 12.8708691], [77.5797307, 12.8711578], [77.5795571, 12.8711744], [77.5794619, 12.8711757]]}}, {"type": "Feature", "id": 962, "properties": {"id": 962, "osm_id": 1501661091, "name": "", "kind": "drain", "length_m": 7}, "geometry": {"type": "LineString", "coordinates": [[77.5797116, 12.8700625], [77.5797163, 12.8701273]]}}, {"type": "Feature", "id": 963, "properties": {"id": 963, "osm_id": 1502467349, "name": "", "kind": "drain", "length_m": 6}, "geometry": {"type": "LineString", "coordinates": [[77.5804918, 12.8739095], [77.5804603, 12.8739541]]}}, {"type": "Feature", "id": 964, "properties": {"id": 964, "osm_id": 1502467350, "name": "", "kind": "drain", "length_m": 10}, "geometry": {"type": "LineString", "coordinates": [[77.5805579, 12.8738438], [77.5804918, 12.8739095]]}}, {"type": "Feature", "id": 965, "properties": {"id": 965, "osm_id": 1502467351, "name": "", "kind": "drain", "length_m": 4}, "geometry": {"type": "LineString", "coordinates": [[77.5805857, 12.8738141], [77.5805589, 12.8738428], [77.5805579, 12.8738438]]}}, {"type": "Feature", "id": 966, "properties": {"id": 966, "osm_id": 1502788791, "name": "K209", "kind": "drain", "length_m": 958}, "geometry": {"type": "LineString", "coordinates": [[77.5895598, 12.9165338], [77.5896601, 12.9149197], [77.5900377, 12.9148863], [77.5903553, 12.9148528], [77.5905527, 12.9148528], [77.5906042, 12.9147608], [77.590733, 12.9132215], [77.5907446, 12.9126507], [77.5907482, 12.9124769], [77.5922017, 12.9124311], [77.5921963, 12.910256], [77.5922884, 12.9101244]]}}, {"type": "Feature", "id": 967, "properties": {"id": 967, "osm_id": 1502788792, "name": "K209", "kind": "drain", "length_m": 28}, "geometry": {"type": "LineString", "coordinates": [[77.5895474, 12.9167863], [77.5895598, 12.9165338]]}}, {"type": "Feature", "id": 968, "properties": {"id": 968, "osm_id": 1507768206, "name": "", "kind": "stream", "length_m": 32}, "geometry": {"type": "LineString", "coordinates": [[77.7471815, 12.9549235], [77.7470339, 12.9548184], [77.7469943, 12.9547187]]}}, {"type": "Feature", "id": 969, "properties": {"id": 969, "osm_id": 1507768207, "name": "", "kind": "stream", "length_m": 413}, "geometry": {"type": "LineString", "coordinates": [[77.7458319, 12.9569541], [77.7459523, 12.9569974], [77.7462716, 12.9571122], [77.7463326, 12.9571338], [77.7464647, 12.9571337], [77.7465535, 12.9570435], [77.7467995, 12.9568071], [77.7469161, 12.9566951], [77.7471816, 12.9565344], [77.7475305, 12.9563868], [77.7476715, 12.9562583], [77.7476809, 12.9562497], [77.7477735, 12.9557741], [77.7477237, 12.955656], [77.7477148, 12.9555788], [77.7476013, 12.9552269], [77.7475612, 12.9552025], [77.7472158, 12.9549479], [77.7471815, 12.9549235]]}}, {"type": "Feature", "id": 970, "properties": {"id": 970, "osm_id": 1507768218, "name": "", "kind": "stream", "length_m": 95}, "geometry": {"type": "LineString", "coordinates": [[77.7446899, 12.9511933], [77.7452091, 12.9513223], [77.7455422, 12.9513688]]}}, {"type": "Feature", "id": 971, "properties": {"id": 971, "osm_id": 1507768219, "name": "", "kind": "stream", "length_m": 36}, "geometry": {"type": "LineString", "coordinates": [[77.7480126, 12.9523568], [77.7483434, 12.9524047]]}}, {"type": "Feature", "id": 972, "properties": {"id": 972, "osm_id": 1507815078, "name": "MD382", "kind": "drain", "length_m": 176}, "geometry": {"type": "LineString", "coordinates": [[77.7331782, 12.9298865], [77.7332121, 12.9299178], [77.7332456, 12.930008], [77.7333087, 12.9300851], [77.7333248, 12.9301623], [77.7333905, 12.9302433], [77.7335219, 12.9303583], [77.7335621, 12.9304668], [77.7335702, 12.9305374], [77.733652, 12.930621], [77.7336627, 12.9307073], [77.7336372, 12.9307544], [77.7336654, 12.9308341], [77.7337311, 12.9309387], [77.7337137, 12.9310511], [77.7337512, 12.9311282], [77.7338076, 12.9311975], [77.7338237, 12.9312498]]}}, {"type": "Feature", "id": 973, "properties": {"id": 973, "osm_id": 1507815092, "name": "", "kind": "stream", "length_m": 295}, "geometry": {"type": "LineString", "coordinates": [[77.7369484, 12.9363252], [77.7370638, 12.9363513], [77.7379113, 12.9365996], [77.7387938, 12.9365369], [77.7396052, 12.9363513]]}}, {"type": "Feature", "id": 974, "properties": {"id": 974, "osm_id": 1508386878, "name": "", "kind": "drain", "length_m": 281}, "geometry": {"type": "LineString", "coordinates": [[77.7023587, 12.9820944], [77.7020985, 12.9816579], [77.7016586, 12.9810751], [77.7008513, 12.9800296]]}}, {"type": "Feature", "id": 975, "properties": {"id": 975, "osm_id": 1509690166, "name": "", "kind": "drain", "length_m": 9}, "geometry": {"type": "LineString", "coordinates": [[77.7265536, 12.9592636], [77.7264748, 12.9592286]]}}, {"type": "Feature", "id": 976, "properties": {"id": 976, "osm_id": 1509690167, "name": "", "kind": "drain", "length_m": 21}, "geometry": {"type": "LineString", "coordinates": [[77.7267262, 12.9593392], [77.7265536, 12.9592636]]}}, {"type": "Feature", "id": 977, "properties": {"id": 977, "osm_id": 1509690168, "name": "", "kind": "drain", "length_m": 32}, "geometry": {"type": "LineString", "coordinates": [[77.7270216, 12.95935], [77.726858, 12.959352], [77.72675, 12.9593507], [77.7267262, 12.9593392]]}}, {"type": "Feature", "id": 978, "properties": {"id": 978, "osm_id": 1509871277, "name": "", "kind": "drain", "length_m": 20}, "geometry": {"type": "LineString", "coordinates": [[77.7061064, 12.9337666], [77.7061225, 12.9337316], [77.7061589, 12.9335936]]}}, {"type": "Feature", "id": 979, "properties": {"id": 979, "osm_id": 1510337444, "name": "", "kind": "drain", "length_m": 485}, "geometry": {"type": "LineString", "coordinates": [[77.769886, 12.9784823], [77.7701944, 12.9784771], [77.7703151, 12.978498], [77.7713022, 12.9784379], [77.7721953, 12.9783595], [77.7723697, 12.9783543], [77.773, 12.9782706], [77.7735847, 12.9781844], [77.7743357, 12.9781948]]}}, {"type": "Feature", "id": 980, "properties": {"id": 980, "osm_id": 1510337471, "name": "", "kind": "stream", "length_m": 596}, "geometry": {"type": "LineString", "coordinates": [[77.781347, 12.9887252], [77.7807945, 12.9883384], [77.780301, 12.9881188], [77.7795339, 12.9880822], [77.7786273, 12.9881031], [77.7780265, 12.9883227], [77.7776939, 12.9884481], [77.7771896, 12.9881659], [77.7761764, 12.9881836]]}}, {"type": "Feature", "id": 981, "properties": {"id": 981, "osm_id": 1511058426, "name": "", "kind": "drain", "length_m": 14}, "geometry": {"type": "LineString", "coordinates": [[77.7390613, 12.9724198], [77.7391763, 12.9723581]]}}, {"type": "Feature", "id": 982, "properties": {"id": 982, "osm_id": 1511058429, "name": "", "kind": "drain", "length_m": 42}, "geometry": {"type": "LineString", "coordinates": [[77.7387194, 12.9726021], [77.7390613, 12.9724198]]}}, {"type": "Feature", "id": 983, "properties": {"id": 983, "osm_id": 1511058430, "name": "", "kind": "drain", "length_m": 7}, "geometry": {"type": "LineString", "coordinates": [[77.7386664, 12.9726322], [77.7387194, 12.9726021]]}}, {"type": "Feature", "id": 984, "properties": {"id": 984, "osm_id": 1511058431, "name": "", "kind": "drain", "length_m": 288}, "geometry": {"type": "LineString", "coordinates": [[77.7362551, 12.9725472], [77.736365, 12.9725596], [77.7364918, 12.972593], [77.7365702, 12.972608], [77.7366755, 12.9726361], [77.7367969, 12.9726524], [77.7369028, 12.9726596], [77.7370242, 12.9726583], [77.7371583, 12.9726472], [77.73722, 12.972638], [77.7372549, 12.9726171], [77.737271, 12.9726119], [77.7373662, 12.972642], [77.7378503, 12.9730059], [77.7379261, 12.9729798], [77.7379905, 12.9729386], [77.7381849, 12.972889], [77.7384042, 12.9727792], [77.7386664, 12.9726322]]}}, {"type": "Feature", "id": 985, "properties": {"id": 985, "osm_id": 1512379100, "name": "", "kind": "drain", "length_m": 18}, "geometry": {"type": "LineString", "coordinates": [[77.6843047, 12.9124883], [77.6842524, 12.9125223], [77.6841598, 12.9125644]]}}, {"type": "Feature", "id": 986, "properties": {"id": 986, "osm_id": 1513448489, "name": "", "kind": "drain", "length_m": 671}, "geometry": {"type": "LineString", "coordinates": [[77.6510311, 12.924614], [77.6510346, 12.9247939], [77.6514181, 12.9255429], [77.6514503, 12.9255756], [77.6516139, 12.9257455], [77.6518124, 12.9258893], [77.6518794, 12.9260085], [77.6519358, 12.9261089], [77.6519814, 12.9264017], [77.6520672, 12.9268827], [77.6521236, 12.9269298], [77.6524267, 12.9270605], [77.6526627, 12.9273376], [77.6533145, 12.9281637], [77.654036, 12.929212], [77.6541567, 12.9292617], [77.6544462, 12.92931]]}}, {"type": "Feature", "id": 987, "properties": {"id": 987, "osm_id": 1513451452, "name": "", "kind": "drain", "length_m": 250}, "geometry": {"type": "LineString", "coordinates": [[77.6497927, 12.925058], [77.6503077, 12.9252724], [77.6509675, 12.9255939], [77.6515469, 12.9258606], [77.6518794, 12.9260085]]}}, {"type": "Feature", "id": 988, "properties": {"id": 988, "osm_id": 1521295529, "name": "", "kind": "drain", "length_m": 23}, "geometry": {"type": "LineString", "coordinates": [[77.6855526, 12.9224441], [77.6857627, 12.9224095]]}}, {"type": "Feature", "id": 989, "properties": {"id": 989, "osm_id": 1521295530, "name": "", "kind": "drain", "length_m": 23}, "geometry": {"type": "LineString", "coordinates": [[77.6857627, 12.9224095], [77.6858468, 12.9224241], [77.6859554, 12.9224823]]}}, {"type": "Feature", "id": 990, "properties": {"id": 990, "osm_id": 1521295532, "name": "", "kind": "drain", "length_m": 231}, "geometry": {"type": "LineString", "coordinates": [[77.6834257, 12.9225708], [77.6840886, 12.9225388], [77.68503, 12.9224841], [77.6854959, 12.9224555], [77.6855526, 12.9224441]]}}, {"type": "Feature", "id": 991, "properties": {"id": 991, "osm_id": 1521295556, "name": "", "kind": "drain", "length_m": 378}, "geometry": {"type": "LineString", "coordinates": [[77.6824028, 12.9159751], [77.6823234, 12.9160802], [77.6817377, 12.9167177], [77.6800795, 12.9185226]]}}, {"type": "Feature", "id": 992, "properties": {"id": 992, "osm_id": 1521295557, "name": "", "kind": "drain", "length_m": 10}, "geometry": {"type": "LineString", "coordinates": [[77.6824963, 12.9159571], [77.6824028, 12.9159751]]}}, {"type": "Feature", "id": 993, "properties": {"id": 993, "osm_id": 1525677630, "name": "C105", "kind": "drain", "length_m": 10}, "geometry": {"type": "LineString", "coordinates": [[77.6433919, 12.9624721], [77.6433731, 12.9623835]]}}, {"type": "Feature", "id": 994, "properties": {"id": 994, "osm_id": 1525677631, "name": "C105", "kind": "drain", "length_m": 169}, "geometry": {"type": "LineString", "coordinates": [[77.6437737, 12.9639514], [77.6433919, 12.9624721]]}}, {"type": "Feature", "id": 995, "properties": {"id": 995, "osm_id": 1528352414, "name": "", "kind": "drain", "length_m": 333}, "geometry": {"type": "LineString", "coordinates": [[77.6897127, 12.925188], [77.6896108, 12.9248789], [77.6895625, 12.9248077], [77.6894727, 12.9247188], [77.6893613, 12.9246404], [77.6892252, 12.9245547], [77.6891233, 12.9243123], [77.6890153, 12.9239659], [77.6888672, 12.9233339], [77.6888336, 12.923262], [77.6888148, 12.9232104], [77.6887639, 12.9229862], [77.6887404, 12.9227522], [77.6887263, 12.9226496], [77.6886452, 12.9226221], [77.6885634, 12.9226012], [77.6885218, 12.9226091]]}}, {"type": "Feature", "id": 996, "properties": {"id": 996, "osm_id": 1530002022, "name": "", "kind": "drain", "length_m": 254}, "geometry": {"type": "LineString", "coordinates": [[77.7059233, 12.9999777], [77.7050918, 13.0001123], [77.7048974, 13.0001397], [77.7046546, 13.0001933], [77.7046747, 13.0003031], [77.70466, 13.0003148], [77.7047512, 13.0008702], [77.7044054, 13.00092]]}}, {"type": "Feature", "id": 997, "properties": {"id": 997, "osm_id": 1530513192, "name": "", "kind": "drain", "length_m": 542}, "geometry": {"type": "LineString", "coordinates": [[77.7020019, 12.9994929], [77.7020556, 12.9998928], [77.7021065, 13.0001384], [77.7026108, 13.0008728], [77.7034088, 13.0013985], [77.7041262, 13.0018711], [77.7044857, 13.0024435], [77.7045963, 13.002576], [77.70477, 13.0027153], [77.7048585, 13.0029244], [77.7048467, 13.0030133], [77.7048511, 13.0031023], [77.7048698, 13.0031951]]}}, {"type": "Feature", "id": 998, "properties": {"id": 998, "osm_id": 1542831665, "name": "", "kind": "drain", "length_m": 64}, "geometry": {"type": "LineString", "coordinates": [[77.6795143, 12.9418409], [77.6796752, 12.9420291], [77.6799955, 12.9421435]]}}, {"type": "Feature", "id": 999, "properties": {"id": 999, "osm_id": 1542831666, "name": "", "kind": "drain", "length_m": 22}, "geometry": {"type": "LineString", "coordinates": [[77.6799955, 12.9421435], [77.6800266, 12.9421546], [77.6801902, 12.9422121]]}}, {"type": "Feature", "id": 1000, "properties": {"id": 1000, "osm_id": 1548668813, "name": "", "kind": "drain", "length_m": 116}, "geometry": {"type": "LineString", "coordinates": [[77.7381581, 12.9819663], [77.7381702, 12.9818827], [77.7382305, 12.9818592], [77.7382895, 12.9818148], [77.7383566, 12.9817076], [77.7383767, 12.9815638], [77.7383552, 12.9813286], [77.7383338, 12.9811744], [77.7383244, 12.9810607], [77.7383357, 12.9810108]]}}, {"type": "Feature", "id": 1001, "properties": {"id": 1001, "osm_id": 1548668818, "name": "", "kind": "drain", "length_m": 795}, "geometry": {"type": "LineString", "coordinates": [[77.7321922, 12.9828563], [77.7321433, 12.9824839], [77.7322036, 12.9824224], [77.7322009, 12.9822578], [77.732162, 12.9818304], [77.7321848, 12.981769], [77.7327615, 12.9816423], [77.7328426, 12.9816115], [77.7329694, 12.9815717], [77.7331337, 12.9815403], [77.7331712, 12.9815397], [77.7332141, 12.981509], [77.7332208, 12.9814541], [77.7332155, 12.9811208], [77.7332316, 12.9810372], [77.7332852, 12.9808895], [77.7334354, 12.9806223], [77.7334481, 12.9806144], [77.7335615, 12.98057], [77.7337278, 12.9805027], [77.7339068, 12.9804445], [77.7342474, 12.9801446], [77.7344821, 12.9799473], [77.7347128, 12.9798127], [77.7348134, 12.9797918], [77.7349012, 12.9798238], [77.735083, 12.9798055], [77.7352405, 12.9797643], [77.7354397, 12.9796624], [77.7355865, 12.9795657], [77.7358192, 12.9794337], [77.7359493, 12.9793742], [77.7359781, 12.9793579], [77.7362457, 12.9790417], [77.7365059, 12.9787313], [77.7367285, 12.9785437], [77.7368103, 12.9784732]]}}, {"type": "Feature", "id": 1002, "properties": {"id": 1002, "osm_id": 1549729911, "name": "", "kind": "drain", "length_m": 5}, "geometry": {"type": "LineString", "coordinates": [[77.7561503, 12.9731549], [77.7561912, 12.9731275]]}}, {"type": "Feature", "id": 1003, "properties": {"id": 1003, "osm_id": 1549729912, "name": "", "kind": "drain", "length_m": 159}, "geometry": {"type": "LineString", "coordinates": [[77.7548642, 12.9737685], [77.7548696, 12.9737554], [77.7550614, 12.9736652], [77.7555958, 12.9735002], [77.7556642, 12.9733915], [77.7558292, 12.9733451], [77.7558795, 12.9732993], [77.7561503, 12.9731549]]}}, {"type": "Feature", "id": 1004, "properties": {"id": 1004, "osm_id": 1549729936, "name": "", "kind": "drain", "length_m": 15}, "geometry": {"type": "LineString", "coordinates": [[77.7548134, 12.9738905], [77.7548642, 12.9737685]]}}, {"type": "Feature", "id": 1005, "properties": {"id": 1005, "osm_id": 1549729937, "name": "", "kind": "drain", "length_m": 76}, "geometry": {"type": "LineString", "coordinates": [[77.7546349, 12.9745278], [77.754766, 12.9743235], [77.7548093, 12.974256], [77.7547992, 12.9739246], [77.7548134, 12.9738905]]}}, {"type": "Feature", "id": 1006, "properties": {"id": 1006, "osm_id": 1551018246, "name": "", "kind": "drain", "length_m": 190}, "geometry": {"type": "LineString", "coordinates": [[77.6918833, 12.938355], [77.691831, 12.9386674], [77.69178, 12.9387785], [77.6917331, 12.9389576], [77.6916446, 12.9390961], [77.6915923, 12.9392556], [77.6914823, 12.9396621], [77.6913978, 12.9399901]]}}, {"type": "Feature", "id": 1007, "properties": {"id": 1007, "osm_id": 1551018247, "name": "", "kind": "drain", "length_m": 187}, "geometry": {"type": "LineString", "coordinates": [[77.6913978, 12.9399901], [77.6912114, 12.9403117], [77.6909727, 12.9404398], [77.6899293, 12.9406776]]}}, {"type": "Feature", "id": 1008, "properties": {"id": 1008, "osm_id": 1554535991, "name": "C100", "kind": "drain", "length_m": 78}, "geometry": {"type": "LineString", "coordinates": [[77.6046512, 12.9865859], [77.6047415, 12.9865617], [77.6048334, 12.9865439], [77.6049264, 12.9865328], [77.60502, 12.9865284], [77.6051058, 12.9865303], [77.6051913, 12.9865378], [77.6052761, 12.9865509], [77.6053599, 12.9865695]]}}, {"type": "Feature", "id": 1009, "properties": {"id": 1009, "osm_id": 1554535992, "name": "C100", "kind": "drain", "length_m": 89}, "geometry": {"type": "LineString", "coordinates": [[77.6038541, 12.9867759], [77.6046512, 12.9865859]]}}, {"type": "Feature", "id": 1010, "properties": {"id": 1010, "osm_id": 1558462278, "name": "", "kind": "drain", "length_m": 13}, "geometry": {"type": "LineString", "coordinates": [[77.6848862, 12.9307862], [77.6847728, 12.9307661]]}}, {"type": "Feature", "id": 1011, "properties": {"id": 1011, "osm_id": 1558462279, "name": "", "kind": "drain", "length_m": 425}, "geometry": {"type": "LineString", "coordinates": [[77.6847728, 12.9307661], [77.6843396, 12.9306642], [77.6840901, 12.9306393], [77.6839936, 12.9306694], [77.6838849, 12.9306498], [77.6837857, 12.930489], [77.6828563, 12.9303034], [77.6821683, 12.9302368], [77.6810673, 12.9301244], [77.6810017, 12.9301163]]}}, {"type": "Feature", "id": 1012, "properties": {"id": 1012, "osm_id": 1558462283, "name": "", "kind": "drain", "length_m": 82}, "geometry": {"type": "LineString", "coordinates": [[77.6856324, 12.9308929], [77.6853427, 12.9308668], [77.6848862, 12.9307862]]}}, {"type": "Feature", "id": 1013, "properties": {"id": 1013, "osm_id": 1558470922, "name": "", "kind": "drain", "length_m": 428}, "geometry": {"type": "LineString", "coordinates": [[77.7422149, 12.9582215], [77.7422981, 12.9582463], [77.7429901, 12.9583025], [77.7434434, 12.9583469], [77.7436472, 12.9584698], [77.7438216, 12.9585351], [77.7442883, 12.9586214], [77.7448623, 12.9585587], [77.7451868, 12.9587286], [77.7455489, 12.958773], [77.7456423, 12.9587321], [77.7458172, 12.9586554], [77.7460096, 12.9586068]]}}, {"type": "Feature", "id": 1014, "properties": {"id": 1014, "osm_id": 1558735585, "name": "", "kind": "drain", "length_m": 121}, "geometry": {"type": "LineString", "coordinates": [[77.7164751, 12.9300956], [77.7164349, 12.9300041], [77.7163357, 12.9298786], [77.7161318, 12.9298995], [77.7160111, 12.9299309], [77.7159655, 12.929957], [77.715928, 12.9301479], [77.715928, 12.9304119]]}}, {"type": "Feature", "id": 1015, "properties": {"id": 1015, "osm_id": 1558735591, "name": "", "kind": "drain", "length_m": 34}, "geometry": {"type": "LineString", "coordinates": [[77.7134845, 12.9289427], [77.7135421, 12.9290512], [77.7135622, 12.9291087], [77.7135542, 12.9292316]]}}, {"type": "Feature", "id": 1016, "properties": {"id": 1016, "osm_id": 1558741755, "name": "", "kind": "drain", "length_m": 35}, "geometry": {"type": "LineString", "coordinates": [[77.7058388, 12.9309308], [77.7060775, 12.9311465]]}}, {"type": "Feature", "id": 1017, "properties": {"id": 1017, "osm_id": 1558741756, "name": "", "kind": "drain", "length_m": 166}, "geometry": {"type": "LineString", "coordinates": [[77.7050095, 12.9300088], [77.7049671, 12.9301831], [77.705781, 12.9304682], [77.7057923, 12.9304775], [77.7058013, 12.930489], [77.7058084, 12.9305054], [77.7058107, 12.930523], [77.7058388, 12.9309308]]}}, {"type": "Feature", "id": 1018, "properties": {"id": 1018, "osm_id": 1558747419, "name": "", "kind": "drain", "length_m": 97}, "geometry": {"type": "LineString", "coordinates": [[77.694658, 12.9116354], [77.6946178, 12.9117766], [77.6945427, 12.9120066], [77.694076, 12.9121687]]}}, {"type": "Feature", "id": 1019, "properties": {"id": 1019, "osm_id": 1558747420, "name": "", "kind": "drain", "length_m": 14}, "geometry": {"type": "LineString", "coordinates": [[77.6947683, 12.9115712], [77.694658, 12.9116354]]}}, {"type": "Feature", "id": 1020, "properties": {"id": 1020, "osm_id": 1558747457, "name": "", "kind": "drain", "length_m": 377}, "geometry": {"type": "LineString", "coordinates": [[77.6964176, 12.9141563], [77.6961842, 12.9140491], [77.6959696, 12.913908], [77.6957712, 12.9136831], [77.6956183, 12.9134269], [77.6956156, 12.9132622], [77.6956183, 12.9131681], [77.6954386, 12.9129093], [77.6952106, 12.9123419], [77.694076, 12.9121687]]}}, {"type": "Feature", "id": 1021, "properties": {"id": 1021, "osm_id": 1559241395, "name": "", "kind": "drain", "length_m": 18}, "geometry": {"type": "LineString", "coordinates": [[77.7027996, 12.9492109], [77.7026697, 12.9491172]]}}, {"type": "Feature", "id": 1022, "properties": {"id": 1022, "osm_id": 1559241396, "name": "", "kind": "drain", "length_m": 113}, "geometry": {"type": "LineString", "coordinates": [[77.7033222, 12.9500137], [77.7032264, 12.9495595], [77.7031855, 12.9494909], [77.7030956, 12.949402], [77.7030171, 12.9493641], [77.7028508, 12.9492478], [77.7027996, 12.9492109]]}}, {"type": "Feature", "id": 1023, "properties": {"id": 1023, "osm_id": 1559241407, "name": "", "kind": "drain", "length_m": 328}, "geometry": {"type": "LineString", "coordinates": [[77.7026697, 12.9491172], [77.7026577, 12.9491086], [77.7026262, 12.9490713], [77.7025934, 12.9490269], [77.702529, 12.9488289], [77.7024224, 12.9487139], [77.7023251, 12.9486492], [77.7022728, 12.9486152], [77.7021468, 12.9484629], [77.7020455, 12.9483727], [77.7019107, 12.9481296], [77.7018785, 12.9480238], [77.7018702, 12.9477826], [77.7018708, 12.9477062], [77.7018859, 12.9476441], [77.7018926, 12.9476193], [77.7019064, 12.9475869], [77.7019241, 12.9475663], [77.701951, 12.94755], [77.7020482, 12.9475114], [77.7020911, 12.9474781], [77.7020945, 12.9474049], [77.701896, 12.9466011], [77.7019239, 12.946582]]}}, {"type": "Feature", "id": 1024, "properties": {"id": 1024, "osm_id": 1559356811, "name": "", "kind": "river", "length_m": 17}, "geometry": {"type": "LineString", "coordinates": [[77.7179691, 12.9425164], [77.7181189, 12.9425616]]}}, {"type": "Feature", "id": 1025, "properties": {"id": 1025, "osm_id": 1559356812, "name": "", "kind": "river", "length_m": 40}, "geometry": {"type": "LineString", "coordinates": [[77.6982391, 12.9460261], [77.698586, 12.9459061]]}}, {"type": "Feature", "id": 1026, "properties": {"id": 1026, "osm_id": 1559356813, "name": "", "kind": "river", "length_m": 659}, "geometry": {"type": "LineString", "coordinates": [[77.6927389, 12.9446471], [77.693262, 12.9449516], [77.693608, 12.9451163], [77.6942437, 12.9452993], [77.6945406, 12.9453814], [77.6947211, 12.9454274], [77.6948471, 12.9455894], [77.694933, 12.9458038], [77.6951744, 12.9459162], [77.6954319, 12.9459711], [77.6956411, 12.9459502], [77.6960193, 12.9457829], [77.6963706, 12.945626], [77.6967274, 12.9456783], [77.6972316, 12.9458535], [77.6979692, 12.9460573], [77.6982391, 12.9460261]]}}, {"type": "Feature", "id": 1027, "properties": {"id": 1027, "osm_id": 1559358210, "name": "", "kind": "drain", "length_m": 255}, "geometry": {"type": "LineString", "coordinates": [[77.7053775, 12.9352429], [77.7054935, 12.9352076], [77.7056618, 12.9352102], [77.7057014, 12.9352017], [77.7057973, 12.9351325], [77.7058697, 12.9350658], [77.7060708, 12.9346338], [77.7061956, 12.9344142], [77.7062291, 12.9343175], [77.7062519, 12.934124], [77.7062613, 12.9340051], [77.7063391, 12.9340221], [77.7064182, 12.933762], [77.7065094, 12.9335019]]}}, {"type": "Feature", "id": 1028, "properties": {"id": 1028, "osm_id": 1559358218, "name": "", "kind": "drain", "length_m": 93}, "geometry": {"type": "LineString", "coordinates": [[77.7177572, 12.9416788], [77.7174689, 12.9421977], [77.7174571, 12.9422298], [77.7174505, 12.9422632], [77.717449, 12.9422972], [77.7174528, 12.9423311], [77.7174608, 12.9423611], [77.7174729, 12.9423899], [77.7175011, 12.9424291]]}}, {"type": "Feature", "id": 1029, "properties": {"id": 1029, "osm_id": 1559358219, "name": "", "kind": "drain", "length_m": 8}, "geometry": {"type": "LineString", "coordinates": [[77.7177956, 12.9416125], [77.7177572, 12.9416788]]}}, {"type": "Feature", "id": 1030, "properties": {"id": 1030, "osm_id": 1559358220, "name": "", "kind": "drain", "length_m": 249}, "geometry": {"type": "LineString", "coordinates": [[77.7178337, 12.9397392], [77.7176325, 12.9402032], [77.7174997, 12.9406476], [77.7174934, 12.9406779], [77.7174934, 12.9407088], [77.7174997, 12.9407391], [77.7175131, 12.9407691], [77.7179959, 12.9410828], [77.7180108, 12.941105], [77.7180201, 12.9411299], [77.7180231, 12.9411494], [77.7180228, 12.9411691], [77.718004, 12.9412527], [77.7177956, 12.9416125]]}}]}