{"type": "FeatureCollection", "features": [{"type": "Feature", "id": 0, "properties": {"id": 0, "no": 50, "name": "Benniganahalli"}, "geometry": {"type": "Polygon", "coordinates": [[[77.6633922072302, 13.001381302670447], [77.66360012156245, 12.99834700392612], [77.66404209975146, 12.997515012787323], [77.66278563920399, 12.996827931339906], [77.66412833034899, 12.994563544374339], [77.64826149656328, 12.987080280300702], [77.64849575644789, 12.988388186983492], [77.64831961123632, 12.989299655608303], [77.64797077479206, 12.98994657516519], [77.6471496968458, 12.99078434180604], [77.64411405241633, 12.991497382827415], [77.63716318047645, 12.99272302109913], [77.6374758429658, 12.99361295953813], [77.6379391683626, 12.993598801094056], [77.63806536952318, 12.994240680869732], [77.63781282973548, 12.994359724136595], [77.63795898411695, 12.995474439628875], [77.64040520719468, 12.995077507298262], [77.64066436024275, 12.99583448663559], [77.64119934938246, 12.995425994774186], [77.64133045376707, 12.995854494561245], [77.64261577793242, 12.99598202099177], [77.63906832521816, 13.001629788827218], [77.6633922072302, 13.001381302670447]]]}}, {"type": "Feature", "id": 1, "properties": {"id": 1, "no": 56, "name": "A Narayanapura"}, "geometry": {"type": "Polygon", "coordinates": [[[77.67665288258482, 13.000265348719784], [77.68059267477551, 13.000431357474056], [77.68115411561429, 13.000297918803094], [77.68367306192025, 12.996379603447043], [77.68318850133652, 12.995985892071543], [77.682963223156, 12.995029510625637], [77.67909998197561, 12.994728522777654], [77.67712391111476, 12.99507767587337], [77.67581153549402, 12.993273251307677], [77.6759139184462, 12.992650934555394], [77.67662963733714, 12.99256717391838], [77.67628374313743, 12.991302753383613], [77.6755638602638, 12.991508459904741], [77.67547700512227, 12.991224840497562], [77.67579120104158, 12.991063538344457], [77.6756779618672, 12.990122638756322], [77.6758452655605, 12.990120764871639], [77.6760021247232, 12.987477433087925], [77.67466419318241, 12.986934095254986], [77.6741416559997, 12.986922582825263], [77.67448137151165, 12.986623785066863], [77.67373183749056, 12.986699781252971], [77.6717601711801, 12.985945423638011], [77.6711715763594, 12.986222320830173], [77.67099919837561, 12.986046489884663], [77.66943227223983, 12.986187663054752], [77.66795475457783, 12.985609312399943], [77.66744511445847, 12.98609209723563], [77.6674156866418, 12.98854837393929], [77.66755022034245, 12.989420227858377], [77.6683160169275, 12.990215409937912], [77.66656508715951, 12.991350732440022], [77.66556036975707, 12.992353570471167], [77.66278563920399, 12.996827931339906], [77.66662674978912, 12.998897875417043], [77.66956126762555, 12.999970160386573], [77.67237854785213, 13.000536793385074], [77.67754777027592, 13.00076167946946], [77.67665288258482, 13.000265348719784]]]}}, {"type": "Feature", "id": 2, "properties": {"id": 2, "no": 57, "name": "C V Raman Nagar"}, "geometry": {"type": "Polygon", "coordinates": [[[77.67488814492128, 12.986431293904348], [77.67862847578316, 12.98414012578977], [77.67980715952898, 12.983664129485138], [77.68040258100193, 12.98275064933345], [77.67937945180135, 12.97848374680737], [77.67930005040077, 12.976267382451711], [77.67810406665184, 12.972742442124096], [77.67458834235867, 12.973472148375008], [77.6692112662734, 12.975258041796856], [77.66953937980351, 12.976327618342024], [77.67029139083635, 12.977893980618681], [77.66975625161584, 12.978163291926856], [77.66995202761466, 12.979298120111325], [77.67018020427666, 12.979347908340987], [77.6709108285285, 12.979041295988946], [77.6709894644673, 12.979264816278157], [77.67065157272798, 12.979754335936223], [77.67026063910201, 12.97973965909046], [77.67022591239189, 12.98005781750832], [77.66990328661436, 12.980191989221181], [77.66990538292119, 12.98038825740284], [77.66891199548697, 12.98055507127643], [77.66916131020156, 12.981229631827146], [77.66909494573613, 12.98207748677853], [77.66626794091162, 12.982349761737773], [77.6662031148324, 12.982156962681108], [77.66573678397354, 12.982152953709464], [77.66526673884043, 12.982641433142179], [77.66462014642916, 12.982551331631322], [77.66415690737149, 12.982837482575311], [77.66441025023364, 12.98352325709343], [77.66415193734342, 12.983856074428859], [77.66361554440932, 12.983837116779702], [77.66301120541807, 12.983293025865215], [77.66224986479214, 12.983227454839207], [77.66167749770588, 12.983343376057409], [77.66050892690238, 12.984094947100619], [77.65979026125144, 12.983946785796837], [77.6586860237175, 12.983200779706014], [77.65843252583386, 12.98144163078741], [77.65828804073297, 12.981279766091856], [77.65351295634595, 12.979651719479952], [77.65366750133401, 12.979391582763023], [77.65308410684034, 12.979087195340563], [77.65100692186934, 12.981196801438273], [77.64968700708039, 12.983065013146568], [77.64842238554836, 12.98537645356015], [77.6481185622842, 12.986196814786213], [77.64803755307341, 12.986989957865845], [77.66412833034899, 12.994563544374339], [77.66520462237327, 12.992801585237412], [77.66606703303128, 12.991790479559292], [77.6683160169275, 12.990215409937912], [77.66755022034245, 12.989420227858377], [77.6674156866418, 12.98854837393929], [77.66744511445847, 12.98609209723563], [77.66795475457783, 12.985609312399943], [77.66943227223983, 12.986187663054752], [77.67099919837561, 12.986046489884663], [77.6711715763594, 12.986222320830173], [77.6717601711801, 12.985945423638011], [77.67373183749056, 12.986699781252971], [77.67488814492128, 12.986431293904348]]]}}, {"type": "Feature", "id": 3, "properties": {"id": 3, "no": 58, "name": "New Tippasandara"}, "geometry": {"type": "Polygon", "coordinates": [[[77.66462014642916, 12.982551331631322], [77.66526673884043, 12.982641433142179], [77.66573678397354, 12.982152953709464], [77.6662031148324, 12.982156962681108], [77.66626794091162, 12.982349761737773], [77.66909494573613, 12.98207748677853], [77.66916131020156, 12.981229631827146], [77.66891199548697, 12.98055507127643], [77.66990538292119, 12.98038825740284], [77.66990328661436, 12.980191989221181], [77.67022591239189, 12.98005781750832], [77.67026063910201, 12.97973965909046], [77.67065157272798, 12.979754335936223], [77.6709894644673, 12.979264816278157], [77.6709108285285, 12.979041295988946], [77.67018020427666, 12.979347908340987], [77.66995202761466, 12.979298120111325], [77.66975625161584, 12.978163291926856], [77.67029139083635, 12.977893980618681], [77.66953937980351, 12.976327618342024], [77.6692112662734, 12.975258041796856], [77.66747480809892, 12.975580461510159], [77.66650949189355, 12.975359012885152], [77.6666100771627, 12.974475910136658], [77.66691805339549, 12.974382323866267], [77.66667461924415, 12.973127585500883], [77.66697854913318, 12.972861228960475], [77.66699136803823, 12.972637416001586], [77.666552975367, 12.972467469008253], [77.66643142708725, 12.971829943823211], [77.66617614505894, 12.97153048902068], [77.66514560907261, 12.97181205051091], [77.66303784105924, 12.971547852455437], [77.6616561696043, 12.971985584251005], [77.66140786411313, 12.971605786143115], [77.65857040636182, 12.971543527210633], [77.65868702257102, 12.971325719809606], [77.65767937359693, 12.970792930243269], [77.65728717875152, 12.968300574015592], [77.65810554054013, 12.968220478439745], [77.65872327182859, 12.967174923666416], [77.65246668508351, 12.967945135774526], [77.64949869994244, 12.968654359221233], [77.64773309520407, 12.968845693977483], [77.64696318576947, 12.97281522492626], [77.64662646175391, 12.978727970836962], [77.64502046446995, 12.985769306334543], [77.64803755307341, 12.986989957865845], [77.6481185622842, 12.986196814786213], [77.64842238554836, 12.98537645356015], [77.64968700708039, 12.983065013146568], [77.65100692186934, 12.981196801438273], [77.65308410684034, 12.979087195340563], [77.65366750133401, 12.979391582763023], [77.65351295634595, 12.979651719479952], [77.65828804073297, 12.981279766091856], [77.65843252583386, 12.98144163078741], [77.6586860237175, 12.983200779706014], [77.65979026125144, 12.983946785796837], [77.66050892690238, 12.984094947100619], [77.66167749770588, 12.983343376057409], [77.66224986479214, 12.983227454839207], [77.66301120541807, 12.983293025865215], [77.66361554440932, 12.983837116779702], [77.66415193734342, 12.983856074428859], [77.66441025023364, 12.98352325709343], [77.66415690737149, 12.982837482575311], [77.66462014642916, 12.982551331631322]]]}}, {"type": "Feature", "id": 4, "properties": {"id": 4, "no": 59, "name": "Maruthi Seva Nagar"}, "geometry": {"type": "Polygon", "coordinates": [[[77.63041830300767, 13.001547073055644], [77.63136799096928, 13.001707978478272], [77.63906832521816, 13.001629788827218], [77.64261577793242, 12.99598202099177], [77.64133045376707, 12.995854494561245], [77.64119934938246, 12.995425994774186], [77.64066436024275, 12.99583448663559], [77.64040520719468, 12.995077507298262], [77.63795898411695, 12.995474439628875], [77.63781282973548, 12.994359724136595], [77.63806536952318, 12.994240680869732], [77.6379391683626, 12.993598801094056], [77.6374758429658, 12.99361295953813], [77.63716318047645, 12.99272302109913], [77.63698339610409, 12.992749874998639], [77.62905910528859, 12.994266919506083], [77.62911994882485, 12.994505338139737], [77.62605649927094, 12.995258622359282], [77.62437627317074, 12.996228059318794], [77.62005935404898, 13.000079011508596], [77.62024875095584, 13.00016511805811], [77.62031811444464, 13.001237998828378], [77.6205333576039, 13.0018176072713], [77.63039375375759, 13.001717854666557], [77.63041830300767, 13.001547073055644]]]}}, {"type": "Feature", "id": 5, "properties": {"id": 5, "no": 63, "name": "Jayamahal"}, "geometry": {"type": "Polygon", "coordinates": [[[77.59906745971334, 13.00185669767512], [77.59942018608237, 13.001154906630426], [77.60086426600456, 13.001532716502433], [77.60149259561199, 13.001495286712776], [77.60182902412471, 12.999841265050707], [77.6046017413066, 12.998702785149097], [77.60506734724738, 12.99784645116701], [77.60646483067048, 12.99791583370579], [77.60678161802679, 12.999545418613714], [77.608676346248, 12.998932583217423], [77.60550201392266, 12.994245286443789], [77.60355751807847, 12.99502036673389], [77.60060263287946, 12.995739855436526], [77.59657147126826, 12.99454809938819], [77.60187002885137, 12.992565133712267], [77.60283631445017, 12.992549118461634], [77.60383434971651, 12.992774558681553], [77.60489320604214, 12.991430108544503], [77.6052649449825, 12.99053114057479], [77.60529599236612, 12.990183032210071], [77.60292505744778, 12.989996136587399], [77.60282252724454, 12.989504073240962], [77.60319617615671, 12.989453814346593], [77.6032096982898, 12.989195267803915], [77.60316505463237, 12.98841252612231], [77.6030055575007, 12.988278954183835], [77.60217238853787, 12.989121448395915], [77.60174174212295, 12.984666411088936], [77.59786772942374, 12.984008715643194], [77.59714555664077, 12.98445666127128], [77.59829008335296, 12.986830835420275], [77.59948922851395, 12.990570919044936], [77.59731989044099, 12.991478531231248], [77.59568540032951, 12.993570679568748], [77.59329822047903, 12.994827856164566], [77.59174378588688, 12.995251591318409], [77.5917363525393, 12.995427740806724], [77.5941597115199, 12.995484797512686], [77.59616062240906, 12.994650898707974], [77.59575523987002, 12.99724220377913], [77.59429412317694, 13.002081232154147], [77.5987923238344, 13.002036227180083], [77.59906745971334, 13.00185669767512]]]}}, {"type": "Feature", "id": 6, "properties": {"id": 6, "no": 64, "name": "Rajamahal Guttahalli"}, "geometry": {"type": "Polygon", "coordinates": [[[77.58416959392522, 12.999337658537288], [77.58286462435927, 12.999211337124681], [77.58085810399697, 12.997268809832695], [77.57942219999158, 12.99734693953788], [77.57940736172209, 12.997143480726521], [77.5782857857248, 12.997224605200321], [77.57839069929678, 12.99917134916288], [77.5780073516501, 12.999261982091022], [77.57649193740262, 12.99891877723877], [77.5739112908177, 12.998921509456205], [77.57380982423969, 13.001015987628204], [77.57256714298478, 13.001008399095603], [77.57255769999787, 13.001865123510148], [77.57225006282066, 13.001862201043062], [77.57224695018682, 13.002300689415994], [77.584058856766, 13.00218334667618], [77.58416959392522, 12.999337658537288]]]}}, {"type": "Feature", "id": 7, "properties": {"id": 7, "no": 77, "name": "Dattatreya Temple"}, "geometry": {"type": "Polygon", "coordinates": [[[77.57225359615028, 13.002204993723792], [77.57225006282066, 13.001862201043062], [77.57255769999787, 13.001865123510148], [77.57256714298478, 13.001008399095603], [77.57380982423969, 13.001015987628204], [77.5739112908177, 12.998921509456205], [77.57688090577892, 12.998949215323737], [77.57815506379193, 12.999264326551332], [77.57841430178455, 12.999128239752741], [77.5782857857248, 12.997224605200321], [77.57940736172209, 12.997143480726521], [77.57942219999158, 12.99734693953788], [77.58085810399697, 12.997268809832695], [77.57876839069716, 12.995031752552663], [77.57550143259205, 12.991995860532567], [77.57415551191656, 12.992765522799347], [77.57389586311298, 12.993862362427587], [77.57291533291847, 12.993566777370296], [77.56959613962267, 12.993266611078997], [77.56921677451835, 12.994527918734377], [77.56923989490696, 12.996774772811643], [77.57139636836617, 12.996833324597997], [77.57131481660974, 13.002309926611916], [77.57225359615028, 13.002204993723792]]]}}, {"type": "Feature", "id": 8, "properties": {"id": 8, "no": 78, "name": "Pulikeshinagar"}, "geometry": {"type": "Polygon", "coordinates": [[[77.61864512300083, 13.001137808450988], [77.62016543793116, 12.999958496567187], [77.61945010737136, 12.999422919575757], [77.61909764303448, 12.998919852710957], [77.61790164163612, 12.998354877161097], [77.61670716497129, 12.995725975263415], [77.61753269772336, 12.99512177834204], [77.6193026952294, 12.99167510400683], [77.61952744882795, 12.990112416810478], [77.61932615089611, 12.987277312458659], [77.61837647218931, 12.987680534345134], [77.6167153102686, 12.98901448188216], [77.61369682494644, 12.990732148348808], [77.6125924093551, 12.991308114418544], [77.61104775489935, 12.991806973612155], [77.60857130140015, 12.993491484070654], [77.60740104412783, 12.993592024250205], [77.60728611248258, 12.993481603373361], [77.60710561686393, 12.99035828465494], [77.60646198562787, 12.990187717930956], [77.60529599236612, 12.990183032210071], [77.60489320604214, 12.991430108544503], [77.60383434971651, 12.992774558681553], [77.60283631445017, 12.992549118461634], [77.60187002885137, 12.992565133712267], [77.59653135019154, 12.994476785727446], [77.60060263287946, 12.995739855436526], [77.60355751807847, 12.99502036673389], [77.60550201392266, 12.994245286443789], [77.60937716436447, 12.99978849157803], [77.61054809685541, 13.000862998603989], [77.61256973474528, 13.001825328976944], [77.61709693090822, 13.001852283857348], [77.61864512300083, 13.001137808450988]]]}}, {"type": "Feature", "id": 9, "properties": {"id": 9, "no": 79, "name": "Sarvagna Nagar"}, "geometry": {"type": "Polygon", "coordinates": [[[77.62905910528859, 12.994266919506083], [77.64022365134792, 12.992110567848012], [77.64411405241633, 12.991497382827415], [77.6471496968458, 12.99078434180604], [77.64797077479206, 12.98994657516519], [77.64831961123632, 12.989299655608303], [77.64849575644789, 12.988388186983492], [77.64826149656328, 12.987080280300702], [77.64223917126688, 12.984673968396075], [77.63698208522507, 12.982784526866501], [77.63247031857692, 12.982248451767607], [77.63148940232121, 12.981655790491104], [77.63070803458469, 12.98156883489113], [77.62931456097401, 12.981606502763263], [77.62671216571707, 12.982092390780865], [77.62305568576578, 12.981726351257366], [77.62290600551938, 12.981862262367347], [77.62245273417551, 12.983875956770827], [77.62252849464556, 12.987540939619523], [77.62223248801091, 12.987689833996305], [77.61932615089611, 12.987277312458659], [77.61952744882795, 12.990112416810478], [77.6193026952294, 12.99167510400683], [77.61753269772336, 12.99512177834204], [77.61670716497129, 12.995725975263415], [77.61693504067458, 12.996461235869619], [77.61790164163612, 12.998354877161097], [77.61893093492452, 12.99878778850799], [77.61945010737136, 12.999422919575757], [77.62016543793116, 12.999958496567187], [77.6249753755224, 12.995816704605945], [77.6268346633062, 12.994975149069775], [77.62911994882485, 12.994505338139737], [77.62905910528859, 12.994266919506083]]]}}, {"type": "Feature", "id": 10, "properties": {"id": 10, "no": 80, "name": "Hoysala Nagar"}, "geometry": {"type": "Polygon", "coordinates": [[[77.64696318576947, 12.97281522492626], [77.64746314834835, 12.97042499102705], [77.64126952683597, 12.970280367615727], [77.64095040511093, 12.976058405397671], [77.63566348502916, 12.97596779766339], [77.63559432990634, 12.975389635621351], [77.63338229438148, 12.975919516146602], [77.63352431012736, 12.974774563853313], [77.63299220134091, 12.973777056591691], [77.63263773818096, 12.975195211812173], [77.63174446115492, 12.976394563399268], [77.63020823897826, 12.977091516212788], [77.6282811140383, 12.978253876130196], [77.62628914775756, 12.978688029757775], [77.62643013808888, 12.979395878150878], [77.62574002632051, 12.979489739757664], [77.6259088398498, 12.980264104053848], [77.62552970383781, 12.980306963846772], [77.62556790748881, 12.980784463907685], [77.62434227475896, 12.980903655968435], [77.62442887437373, 12.981873561602608], [77.62671216571707, 12.982092390780865], [77.63004672205662, 12.981528392125439], [77.63148940232121, 12.981655790491104], [77.63247031857692, 12.982248451767607], [77.63730079483248, 12.982867871641998], [77.64502046446995, 12.985769306334543], [77.64662646175391, 12.978727970836962], [77.64696318576947, 12.97281522492626]]]}}, {"type": "Feature", "id": 11, "properties": {"id": 11, "no": 81, "name": "Vijnana Nagar"}, "geometry": {"type": "Polygon", "coordinates": [[[77.68856636128027, 12.992034884277217], [77.68976954751756, 12.991668835751607], [77.6908192896941, 12.991611840562154], [77.69358070538375, 12.990368715238088], [77.69583625885684, 12.99019157970835], [77.69589347968888, 12.986778094468143], [77.69563985712396, 12.982704756818876], [77.69509158555135, 12.981157904604611], [77.69428382647845, 12.981521801505606], [77.69345719539442, 12.981488176075299], [77.69315494470958, 12.981983717018148], [77.69181055959322, 12.981762576168228], [77.69032246427363, 12.981870224347029], [77.68870033858744, 12.978509550677924], [77.68692749625855, 12.97948272495371], [77.6847270822982, 12.97759275623611], [77.6840850873345, 12.976200395098855], [77.6841116528039, 12.975754287621607], [77.68548617110687, 12.974703180908863], [77.68574202680371, 12.974092980452822], [77.68685064298447, 12.973161429000347], [77.6860593882757, 12.970043619475234], [77.68639575603402, 12.970004757658996], [77.6862730815453, 12.969781897625195], [77.68665236248607, 12.969258948185479], [77.68792528055684, 12.969073173338984], [77.68814214196868, 12.967164992679859], [77.68856302171054, 12.966945413552617], [77.6889647979727, 12.962241151500015], [77.68162522257727, 12.96166240088616], [77.68215136804373, 12.96411179744332], [77.68039498412087, 12.96433118823548], [77.67852743202936, 12.965137157595247], [77.67734869273336, 12.964642135669393], [77.67566668857621, 12.964821986615345], [77.67355931609588, 12.964620668352989], [77.67347461044575, 12.96729558236262], [77.67275228207447, 12.967001865672518], [77.67002717594698, 12.967655638670532], [77.66975948315333, 12.966151193355847], [77.67028928758384, 12.966110499789142], [77.67026022036664, 12.965070745970499], [77.66866733299943, 12.964866736778376], [77.66852565855474, 12.965908243244005], [77.66693007420727, 12.966294792461841], [77.66657770811312, 12.965275978679006], [77.66555115645521, 12.965929919994082], [77.66556535856287, 12.968106840009362], [77.66541334436461, 12.96817891100583], [77.66603960348606, 12.971514291599982], [77.66643142708725, 12.971829943823211], [77.666552975367, 12.972467469008253], [77.66699136803823, 12.972637416001586], [77.66697854913318, 12.972861228960475], [77.66667461924415, 12.973127585500883], [77.66692244925801, 12.97433944581164], [77.6666100771627, 12.974475910136658], [77.66653397474978, 12.97537938388766], [77.66747480809892, 12.975580461510159], [77.66879887148252, 12.97542021632203], [77.67458834235867, 12.973472148375008], [77.67810406665184, 12.972742442124096], [77.67930005040077, 12.976267382451711], [77.67937945180135, 12.97848374680737], [77.68040258100193, 12.98275064933345], [77.67980715952898, 12.983664129485138], [77.67862847578316, 12.98414012578977], [77.6741416559997, 12.986922582825263], [77.67466419318241, 12.986934095254986], [77.6760021247232, 12.987477433087925], [77.6758452655605, 12.990120764871639], [77.6756779618672, 12.990122638756322], [77.67579120104158, 12.991063538344457], [77.67547700512227, 12.991224840497562], [77.6755638602638, 12.991508459904741], [77.67628374313743, 12.991302753383613], [77.67662963733714, 12.99256717391838], [77.6759139184462, 12.992650934555394], [77.67581153549402, 12.993273251307677], [77.67712391111476, 12.99507767587337], [77.67909998197561, 12.994728522777654], [77.682963223156, 12.995029510625637], [77.68318850133652, 12.995985892071543], [77.68367306192025, 12.996379603447043], [77.68742991110106, 12.991196740709746], [77.68856636128027, 12.992034884277217]]]}}, {"type": "Feature", "id": 12, "properties": {"id": 12, "no": 82, "name": "Garudachar Playa"}, "geometry": {"type": "Polygon", "coordinates": [[[77.74359062486148, 12.983765884214941], [77.7438805906826, 12.982677181360613], [77.7421309380231, 12.979142636283544], [77.7412156576138, 12.976032632313018], [77.73892260329774, 12.977206657561585], [77.73619656470122, 12.977964044331904], [77.73550262050395, 12.976632174439848], [77.7351379410067, 12.976282128425781], [77.73401582522007, 12.975963638324814], [77.71675835016173, 12.97737860688413], [77.71416446164366, 12.977836465097033], [77.7148254408608, 12.981401317393638], [77.71530221489623, 12.981486078754585], [77.71539741939434, 12.981826107251578], [77.7149609477799, 12.982081946168643], [77.71388319083472, 12.98227268572941], [77.71288895747014, 12.983413826293907], [77.71199867321816, 12.984015420475725], [77.71116016835069, 12.984329296591493], [77.70838981654857, 12.983712039004798], [77.7080843484305, 12.984235730841373], [77.7080195122608, 12.985008197024305], [77.70708089629177, 12.987907703535228], [77.705728590761, 12.988101278212062], [77.70580901423506, 12.987077370836202], [77.70421763904791, 12.987165735887238], [77.7023315302821, 12.98479186856318], [77.69982581828903, 12.984615889561528], [77.70029428767747, 12.983973859832053], [77.70068772660741, 12.98372112125466], [77.70044031315017, 12.982822342885399], [77.70109210598518, 12.982477747260324], [77.7004022425989, 12.9822321968431], [77.69975182723586, 12.98070044236859], [77.69733811878066, 12.981704559384685], [77.69544289190067, 12.98207837301154], [77.69563985712396, 12.982704756818876], [77.69584007213838, 12.984733990186358], [77.69583625885684, 12.99019157970835], [77.69358070538375, 12.990368715238088], [77.6908192896941, 12.991611840562154], [77.68976954751756, 12.991668835751607], [77.68849043065659, 12.992071853786634], [77.68890315389743, 12.992738576562385], [77.68903567454639, 12.993398262695477], [77.69065517678911, 12.997290279575875], [77.69516794559323, 12.995465481203853], [77.6975252291048, 12.995073594857203], [77.70127472012122, 12.993994509339696], [77.7015517236864, 12.99688344459104], [77.7026126673072, 12.997235228834603], [77.70358438345501, 12.997872885019785], [77.7038907346307, 12.998454611806848], [77.70402084072997, 12.999527964963285], [77.7060699929214, 12.999278833968315], [77.70856941804561, 12.998651336206631], [77.70850523667917, 12.997709433482811], [77.70772199282291, 12.996983045069074], [77.70789844988288, 12.99680815054805], [77.70754589836254, 12.996498856953728], [77.7052409301914, 12.996022131368859], [77.70496259207674, 12.995261468053064], [77.70478602823776, 12.993024303272016], [77.71003869807998, 12.99281743634569], [77.71164594999823, 12.992521460982024], [77.71111041581878, 12.990744120257654], [77.71354896633032, 12.990151185843262], [77.71578698577561, 12.992147917248941], [77.7194178105158, 12.992122416117205], [77.72169253626289, 12.990850454770444], [77.7247271776736, 12.989940272864553], [77.72589005350572, 12.989266445525104], [77.73160783710945, 12.9881245669154], [77.731669611133, 12.986489952297116], [77.73226010499944, 12.985697209905696], [77.73348762846176, 12.985579381767701], [77.73351677106163, 12.984928243769803], [77.7370671693174, 12.98492643120946], [77.73705778397672, 12.98507583974491], [77.73845277928167, 12.98514836957423], [77.7384881476695, 12.986337602554102], [77.7404045103788, 12.987005850392869], [77.74059243288512, 12.98739996700882], [77.74472715201591, 12.986340520816663], [77.74359062486148, 12.983765884214941]]]}}, {"type": "Feature", "id": 13, "properties": {"id": 13, "no": 83, "name": "Kadugodi"}, "geometry": {"type": "Polygon", "coordinates": [[[77.76534907451551, 12.9783017090179], [77.76532327657283, 12.978969049334845], [77.76565339357148, 12.980315941432009], [77.7576247430659, 12.980417520135937], [77.75691737559906, 12.97672497879743], [77.75520445631183, 12.976743138256598], [77.75393194730523, 12.974541458711439], [77.75046379574988, 12.974845670318052], [77.7504770332335, 12.97502271139885], [77.74926518962332, 12.974692238085328], [77.74853785875291, 12.97426804893176], [77.74645072794114, 12.974604783069458], [77.74612312521656, 12.975236137770775], [77.74523641194767, 12.975682707334895], [77.7443455368658, 12.975750406954917], [77.74336103224974, 12.975411032632373], [77.7412156576138, 12.976032632313018], [77.7421309380231, 12.979142636283544], [77.7438805906826, 12.982677181360613], [77.74359062486148, 12.983765884214941], [77.74472715201591, 12.986340520816663], [77.73966466921345, 12.987582583422638], [77.7367718216931, 12.987503152050625], [77.73345787689183, 12.987867816766297], [77.73262112447266, 12.99335083822746], [77.73131133035186, 12.99546122208865], [77.73122925609736, 12.996465730510605], [77.74144410142644, 12.998556142372438], [77.74319381497628, 12.998647578376175], [77.74756095784953, 12.998227650785802], [77.75201457506806, 12.997375510562366], [77.75338536423475, 12.997974769872224], [77.7536898916788, 12.998998114389288], [77.75386237080417, 13.000437085527764], [77.77457971140116, 13.00021642760197], [77.77488627411259, 12.998198738314452], [77.77474341632325, 12.997859297238772], [77.77433236024801, 12.997522720267858], [77.7742866471917, 12.996091140213196], [77.77506755863017, 12.995598720135913], [77.77522269935872, 12.995312427913545], [77.77523930586607, 12.994432469847728], [77.7759132063674, 12.99333848174577], [77.77537946299037, 12.992022704584516], [77.77558473734504, 12.989900503393681], [77.7759449057727, 12.98906862703881], [77.77594784320925, 12.988112843368647], [77.77572224949309, 12.987754738561556], [77.77567899481839, 12.986509756916815], [77.77657611222004, 12.984865000371919], [77.77587774308174, 12.982444187605077], [77.77615089159626, 12.98148479795774], [77.77719440746534, 12.9804127390823], [77.77755226075566, 12.979373880039349], [77.77802282922481, 12.978980713314776], [77.77853828155297, 12.977125995290306], [77.76534907451551, 12.9783017090179]]]}}, {"type": "Feature", "id": 14, "properties": {"id": 14, "no": 84, "name": "Hagadur"}, "geometry": {"type": "Polygon", "coordinates": [[[77.77848382360904, 12.976986374227545], [77.77809619657629, 12.97635280050716], [77.77774304041597, 12.976195079927901], [77.77736148494589, 12.976263221312733], [77.77710193459917, 12.976590427842769], [77.77684386035276, 12.976521088407795], [77.77643521427056, 12.97595378018154], [77.77653017174853, 12.975677839968423], [77.77615683661169, 12.975247325510322], [77.77596411187744, 12.974663000557534], [77.7765450816871, 12.97437225803975], [77.77712674030305, 12.973614321586986], [77.77782636277132, 12.973416513078124], [77.7780259546338, 12.972922738816045], [77.77869887590144, 12.972792504450853], [77.77896527940096, 12.97253844178432], [77.77896305044725, 12.97210268642813], [77.77840954984796, 12.970747421076345], [77.77878422953161, 12.970123070815202], [77.78053558391889, 12.970015061996468], [77.78112667615443, 12.970636351846665], [77.78175637481054, 12.970826460777277], [77.78170303301518, 12.96602882481139], [77.7807940153293, 12.966420472945359], [77.78018779714705, 12.96631288226369], [77.77913969223077, 12.966497255089475], [77.77900868230098, 12.96735533700945], [77.77881157219282, 12.96758027057157], [77.77752162811527, 12.968025462820519], [77.77637670846332, 12.967581964480113], [77.77333433563443, 12.965876599502307], [77.77256819209083, 12.964949016848085], [77.77128350723359, 12.964191013642004], [77.77030656321374, 12.962688419944655], [77.76794612483587, 12.963049617375669], [77.76763497680452, 12.963486790626021], [77.76566514824441, 12.962516048249034], [77.75760164034206, 12.959400820637772], [77.75741184675935, 12.959180122128643], [77.75696753989, 12.959024187152398], [77.75687383407715, 12.95912015700111], [77.7557711123813, 12.958609611570722], [77.7497711296117, 12.956765278078517], [77.74950070193356, 12.955809079380856], [77.74805296638735, 12.955887200066071], [77.74820875631316, 12.958362298656194], [77.74666470037464, 12.958750483118079], [77.74551090958958, 12.957028747102006], [77.74548377191445, 12.957247378423318], [77.74484819248126, 12.956702917013972], [77.7442358807711, 12.956480365812858], [77.74335369999942, 12.954845610512752], [77.74313178255102, 12.954311323251268], [77.743200882603, 12.954150814861876], [77.74263776131724, 12.953582489139569], [77.74177472916664, 12.95305837176012], [77.7403414137199, 12.952936632073037], [77.73970345771026, 12.952678023529387], [77.73919693966549, 12.952070031432687], [77.73838214270204, 12.952311238016392], [77.73799516104354, 12.952077160316511], [77.73794128385478, 12.951750017439052], [77.73747405365037, 12.95107107724799], [77.73697462306386, 12.951043762972992], [77.73471758841987, 12.949616055150466], [77.73420933528367, 12.949506031061766], [77.73418554786291, 12.949242239821924], [77.73398576119473, 12.94958196106039], [77.73312822176361, 12.949402352592816], [77.7330175728722, 12.948842958255012], [77.7327453715919, 12.948808216350617], [77.7327498085028, 12.948575743593848], [77.7325372156443, 12.948574555735318], [77.73264970875286, 12.947776217493152], [77.7303172352238, 12.947951371726035], [77.72859037576988, 12.947808301705754], [77.7276529338867, 12.94722719238428], [77.72547293455476, 12.947123481978027], [77.72511325834574, 12.946537778547023], [77.72447749289051, 12.950048751140107], [77.72373326529762, 12.953047805135588], [77.72369936563337, 12.953959834832002], [77.72417411576984, 12.957664513375425], [77.72404779207264, 12.960668546421923], [77.72465751845326, 12.960869336120473], [77.72460497951847, 12.961198280745723], [77.72637068230904, 12.96130156329672], [77.72705434401291, 12.961893018372479], [77.72745493233724, 12.965578489897496], [77.72785236616929, 12.96749361259438], [77.7243023644667, 12.96803259053692], [77.72555378012927, 12.971212440743953], [77.72659010730825, 12.971076583878288], [77.72699413902349, 12.9765541448556], [77.73330623786322, 12.975971099347108], [77.7346061778377, 12.976051797906022], [77.73550262050395, 12.976632174439848], [77.73619656470122, 12.977964044331904], [77.73892260329774, 12.977206657561585], [77.74116866941206, 12.976046246791787], [77.74336103224974, 12.975411032632373], [77.7443455368658, 12.975750406954917], [77.74523641194767, 12.975682707334895], [77.74612312521656, 12.975236137770775], [77.74645072794114, 12.974604783069458], [77.74853785875291, 12.97426804893176], [77.74926518962332, 12.974692238085328], [77.7504770332335, 12.97502271139885], [77.75046379574988, 12.974845670318052], [77.75393194730523, 12.974541458711439], [77.75520445631183, 12.976743138256598], [77.75691737559906, 12.97672497879743], [77.7576247430659, 12.980417520135937], [77.76565339357148, 12.980315941432009], [77.76532327657283, 12.978969049334845], [77.76534907451551, 12.9783017090179], [77.77848382360904, 12.976986374227545]]]}}, {"type": "Feature", "id": 15, "properties": {"id": 15, "no": 85, "name": "Dodda Nekkundi"}, "geometry": {"type": "Polygon", "coordinates": [[[77.70106694508813, 12.95892006615937], [77.70191844028946, 12.965187256459322], [77.70109208415494, 12.96429712700651], [77.69973757866715, 12.96338317047978], [77.6980102170674, 12.962990803648633], [77.69555517119554, 12.961619335097836], [77.6943550274589, 12.961162868357635], [77.69323739419555, 12.960969294300762], [77.69338476260877, 12.95985414455817], [77.69499091015965, 12.96009150400585], [77.69498877891652, 12.95896813635771], [77.69589442273332, 12.958900147544064], [77.69596831036084, 12.958362106829139], [77.69539780770702, 12.958104264369759], [77.6944007491436, 12.958007129775387], [77.69381619158398, 12.957368449026479], [77.69403550202153, 12.956221091909269], [77.6899016503119, 12.955563109848102], [77.68979259909379, 12.961190769807372], [77.68954120458618, 12.962112739035213], [77.6889664967241, 12.962219071415474], [77.68856302171054, 12.966945413552617], [77.68814214196868, 12.967164992679859], [77.68792528055684, 12.969073173338984], [77.68665236248607, 12.969258948185479], [77.6862730815453, 12.969781897625195], [77.68639575603402, 12.970004757658996], [77.6860593882757, 12.970043619475234], [77.68685064298447, 12.973161429000347], [77.68574202680371, 12.974092980452822], [77.68548617110687, 12.974703180908863], [77.6841116528039, 12.975754287621607], [77.6840850873345, 12.976200395098855], [77.6847270822982, 12.97759275623611], [77.68692749625855, 12.97948272495371], [77.68870033858744, 12.978509550677924], [77.69032246427363, 12.981870224347029], [77.69181055959322, 12.981762576168228], [77.69315494470958, 12.981983717018148], [77.69345719539442, 12.981488176075299], [77.69428382647845, 12.981521801505606], [77.69509158555135, 12.981157904604611], [77.69544289190067, 12.98207837301154], [77.69733811878066, 12.981704559384685], [77.69975182723586, 12.98070044236859], [77.7004022425989, 12.9822321968431], [77.70109210598518, 12.982477747260324], [77.70044031315017, 12.982822342885399], [77.70068772660741, 12.98372112125466], [77.70029428767747, 12.983973859832053], [77.69982581828903, 12.984615889561528], [77.7023315302821, 12.98479186856318], [77.70421763904791, 12.987165735887238], [77.70580901423506, 12.987077370836202], [77.705728590761, 12.988101278212062], [77.70616780839514, 12.988096702932], [77.70708089629177, 12.987907703535228], [77.7080195122608, 12.985008197024305], [77.7080843484305, 12.984235730841373], [77.70838981654857, 12.983712039004798], [77.71116016835069, 12.984329296591493], [77.71199867321816, 12.984015420475725], [77.71288895747014, 12.983413826293907], [77.71388319083472, 12.98227268572941], [77.7149609477799, 12.982081946168643], [77.71539741939434, 12.981826107251578], [77.71530221489623, 12.981486078754585], [77.7148254408608, 12.981401317393638], [77.71416446164366, 12.977836465097033], [77.71675835016173, 12.97737860688413], [77.72699413902349, 12.9765541448556], [77.72659010730825, 12.971076583878288], [77.72555378012927, 12.971212440743953], [77.7243023644667, 12.96803259053692], [77.72785236616929, 12.96749361259438], [77.72745493233724, 12.965578489897496], [77.72705434401291, 12.961893018372479], [77.72637068230904, 12.96130156329672], [77.72460497951847, 12.961198280745723], [77.72465751845326, 12.960869336120473], [77.72404779207264, 12.960668546421923], [77.72417411576984, 12.957664513375425], [77.72369936563337, 12.953959834832002], [77.72373326529762, 12.953047805135588], [77.72501967839281, 12.947461259390492], [77.72511325834574, 12.946537778547023], [77.72499719847248, 12.94640163710119], [77.72300328674193, 12.946347288022139], [77.72125510390562, 12.945388008783787], [77.71946371360421, 12.945156059908296], [77.71843563537793, 12.944615349286284], [77.71719770705826, 12.943575515294556], [77.71579443776395, 12.94749564374248], [77.71501726876933, 12.954078257932178], [77.71487947309976, 12.95441258049823], [77.71462644902658, 12.954553923030558], [77.71451975513389, 12.95596184244828], [77.70447900858044, 12.95681533100072], [77.70400857722773, 12.960050321730339], [77.70162617376042, 12.959482423283415], [77.70142419469215, 12.958941240379524], [77.70106694508813, 12.95892006615937]]]}}, {"type": "Feature", "id": 16, "properties": {"id": 16, "no": 86, "name": "Marathahalli"}, "geometry": {"type": "Polygon", "coordinates": [[[77.68549279117664, 12.941211989128108], [77.68286121964573, 12.942604419132984], [77.68145889392984, 12.943524785587245], [77.6805453098323, 12.943751307606439], [77.6803204151589, 12.944135460439163], [77.67998369964177, 12.944056567677887], [77.67766272150216, 12.94473180267168], [77.67304020841433, 12.946478831633936], [77.6729124798722, 12.947386081895036], [77.6730265237505, 12.948058750352791], [77.67337312990412, 12.948272359786738], [77.67534128025325, 12.948765628195765], [77.67820756067687, 12.948265550850302], [77.6795426455649, 12.948224532759355], [77.68011423954698, 12.948251400076707], [77.68056977968442, 12.948526883853349], [77.68738440933011, 12.9490213159843], [77.68882280847103, 12.94938973696345], [77.6894527973211, 12.950332873106813], [77.68940666898578, 12.953037250028173], [77.68920329302262, 12.953462479237317], [77.68768499300492, 12.955049158649734], [77.68959083591893, 12.955513798415316], [77.69403550202153, 12.956221091909269], [77.69381619158398, 12.957368449026479], [77.6944007491436, 12.958007129775387], [77.69591767444014, 12.958284483067608], [77.69596339923473, 12.958831051238837], [77.69498877891652, 12.95896813635771], [77.69499091015965, 12.96009150400585], [77.69338476260877, 12.95985414455817], [77.69323739419555, 12.960969294300762], [77.6943550274589, 12.961162868357635], [77.69555517119554, 12.961619335097836], [77.6980102170674, 12.962990803648633], [77.69973757866715, 12.96338317047978], [77.70109208415494, 12.96429712700651], [77.70191844028946, 12.965187256459322], [77.70106694508813, 12.95892006615937], [77.70142437916627, 12.958941291655208], [77.70162617376042, 12.959482423283415], [77.70400857722773, 12.960050321730339], [77.70447900858044, 12.95681533100072], [77.7010587452693, 12.956910757728842], [77.70001462894389, 12.953566055737305], [77.69903371835622, 12.948364259341126], [77.69796435062878, 12.944804321078644], [77.69704851759407, 12.944895405127225], [77.695562133282, 12.945323256262219], [77.69475696578372, 12.945106600616812], [77.68971030622258, 12.941521487566526], [77.68867257971462, 12.941007230405068], [77.68803238776451, 12.941913773745076], [77.68680714759513, 12.9417389193685], [77.68549279117664, 12.941211989128108]]]}}, {"type": "Feature", "id": 17, "properties": {"id": 17, "no": 87, "name": "HAL Airport"}, "geometry": {"type": "Polygon", "coordinates": [[[77.66603960348606, 12.971514291599982], [77.66541334436461, 12.96817891100583], [77.66556535856287, 12.968106840009362], [77.6654908801643, 12.966177329892213], [77.66555115645521, 12.965929919994082], [77.66657770811312, 12.965275978679006], [77.66693007420727, 12.966294792461841], [77.66852565855474, 12.965908243244005], [77.66866733299943, 12.964866736778376], [77.67026022036664, 12.965070745970499], [77.67028928758384, 12.966110499789142], [77.66975948315333, 12.966151193355847], [77.67002717594698, 12.967655638670532], [77.67275228207447, 12.967001865672518], [77.67347461044575, 12.96729558236262], [77.67355931609588, 12.964620668352989], [77.67566668857621, 12.964821986615345], [77.67734869273336, 12.964642135669393], [77.67852743202936, 12.965137157595247], [77.68039498412087, 12.96433118823548], [77.68215136804373, 12.96411179744332], [77.68162522257727, 12.96166240088616], [77.6889647979727, 12.962241151500015], [77.68954120458618, 12.962112739035213], [77.68979259909379, 12.961190769807372], [77.6899016503119, 12.955563109848102], [77.68766956259104, 12.955026963966118], [77.68938663967543, 12.953131812379933], [77.68947912378141, 12.950544905813363], [77.68938103307876, 12.9500888771301], [77.68901896422314, 12.949563354537938], [77.68847243512388, 12.949235680056349], [77.68738440933011, 12.9490213159843], [77.68056977968442, 12.948526883853349], [77.68011423954698, 12.948251400076707], [77.67820756067687, 12.948265550850302], [77.67534128025325, 12.948765628195765], [77.67314721696617, 12.948187978554536], [77.67093211666597, 12.948058619629936], [77.67092725764819, 12.947111715431411], [77.66835785340882, 12.946990943693027], [77.66840978018416, 12.946550962611179], [77.66660034030919, 12.946440190859134], [77.66662169741716, 12.946014800882178], [77.66473933612593, 12.945882425739871], [77.66432687990584, 12.94458084496875], [77.66414650419942, 12.94445154173195], [77.66267372576094, 12.944470826976401], [77.66257608511354, 12.94664845371917], [77.65996357039825, 12.947588943255306], [77.65607924628686, 12.947370508732707], [77.65460775596054, 12.947717606831654], [77.64982214480821, 12.947315764572604], [77.64939417297259, 12.947430113822948], [77.6490977905053, 12.947955609160163], [77.64925069909742, 12.948971662548782], [77.64944885836165, 12.949309892199985], [77.65109681275484, 12.951104955905906], [77.65228330816669, 12.951806718737561], [77.65256913871916, 12.952544893373206], [77.6584242947485, 12.952932574800936], [77.66102549012501, 12.952864720752538], [77.66104984717674, 12.954345000846347], [77.6624138143659, 12.95425598923682], [77.66249031830155, 12.954972889676586], [77.66191828467697, 12.955014469039487], [77.66192378932094, 12.955457212659937], [77.66087260318024, 12.955444527234842], [77.66088873314739, 12.955568497989242], [77.66100324434659, 12.955705186778802], [77.66341016889226, 12.955762189390965], [77.66303963302936, 12.956907578144675], [77.66358387405609, 12.958916423039922], [77.66129015784425, 12.959296838090708], [77.65978105913494, 12.959077859961484], [77.65968790491107, 12.959254561931127], [77.65983851094462, 12.960294121957215], [77.66020815335871, 12.960895985416473], [77.65979584058981, 12.961076837381619], [77.65999211065487, 12.961733081596861], [77.66084410504574, 12.961618567272465], [77.66097763750396, 12.962212257520699], [77.66154417073903, 12.962193363033615], [77.66176891343065, 12.962832331645988], [77.66184271171991, 12.96430649348564], [77.66112983290752, 12.964191353767353], [77.6608601694554, 12.964911521534713], [77.66052773203609, 12.964989708374484], [77.66071191453268, 12.965230080856445], [77.6611250718295, 12.965140353550385], [77.66124592004111, 12.96557375597162], [77.6616381141022, 12.965549216953868], [77.66197800328689, 12.966256937503557], [77.66162254944376, 12.966831061438462], [77.65872327182859, 12.967174923666416], [77.65810554054013, 12.968220478439745], [77.65728717875152, 12.968300574015592], [77.65767937359693, 12.970792930243269], [77.65868702257102, 12.971325719809606], [77.65857040636182, 12.971543527210633], [77.66140786411313, 12.971605786143115], [77.6616561696043, 12.971985584251005], [77.66303784105924, 12.971547852455437], [77.66531418435575, 12.971803283183657], [77.66603960348606, 12.971514291599982]]]}}, {"type": "Feature", "id": 18, "properties": {"id": 18, "no": 88, "name": "Jeevanbhima Nagar"}, "geometry": {"type": "Polygon", "coordinates": [[[77.65246668508351, 12.967945135774526], [77.66162254944376, 12.966831061438462], [77.66197800328689, 12.966256937503557], [77.6616381141022, 12.965549216953868], [77.66124592004111, 12.96557375597162], [77.6611250718295, 12.965140353550385], [77.66071191453268, 12.965230080856445], [77.66052773203609, 12.964989708374484], [77.6608601694554, 12.964911521534713], [77.66112983290752, 12.964191353767353], [77.66184271171991, 12.96430649348564], [77.66176891343065, 12.962832331645988], [77.66154417073903, 12.962193363033615], [77.66097763750396, 12.962212257520699], [77.66084410504574, 12.961618567272465], [77.65999264044802, 12.961733009114337], [77.66028517905009, 12.962827405867712], [77.65938763565497, 12.963011559333028], [77.65936828086815, 12.96328880751084], [77.65670816662978, 12.963079921742828], [77.65590759056644, 12.961710004865163], [77.65564160496994, 12.960242527183752], [77.65528106566364, 12.959369551611639], [77.65041834403394, 12.959654476658809], [77.64168595139454, 12.960639642800333], [77.64126952683597, 12.970280367615727], [77.64746314834835, 12.97042499102705], [77.64773309520407, 12.968845693977483], [77.64949869994244, 12.968654359221233], [77.65246668508351, 12.967945135774526]]]}}, {"type": "Feature", "id": 19, "properties": {"id": 19, "no": 89, "name": "Jogupalya"}, "geometry": {"type": "Polygon", "coordinates": [[[77.63299220134091, 12.973777056591691], [77.63352431012736, 12.974774563853313], [77.63338229438148, 12.975919516146602], [77.63559432990634, 12.975389635621351], [77.63566348502916, 12.97596779766339], [77.64095040511093, 12.976058405397671], [77.64112148902096, 12.972664105564226], [77.63813057945174, 12.972509554377826], [77.63398089891416, 12.970843380735232], [77.62896696071799, 12.969202044001237], [77.62534502378487, 12.975074848493179], [77.6266794469516, 12.976206549544521], [77.62724987111231, 12.977438808153327], [77.62851339671742, 12.978139942743523], [77.63020823897826, 12.977091516212788], [77.63174446115492, 12.976394563399268], [77.63263773818096, 12.975195211812173], [77.63299220134091, 12.973777056591691]]]}}, {"type": "Feature", "id": 20, "properties": {"id": 20, "no": 90, "name": "Halsoor"}, "geometry": {"type": "Polygon", "coordinates": [[[77.61837647218931, 12.987680534345134], [77.61914421474711, 12.98727914673875], [77.62246339632115, 12.987638868454736], [77.62245273417551, 12.983875956770827], [77.62291977028907, 12.981834553232678], [77.62324180282233, 12.981714132490328], [77.6244535402375, 12.981860338045383], [77.62434227475896, 12.980903655968435], [77.62556790748881, 12.980784463907685], [77.62552970383781, 12.980306963846772], [77.6259088398498, 12.980264104053848], [77.62574002632051, 12.979489739757664], [77.62643013808888, 12.979395878150878], [77.62628914775756, 12.978688029757775], [77.62750544503223, 12.978511855880624], [77.62851339671742, 12.978139942743523], [77.62724987111231, 12.977438808153327], [77.62692255841993, 12.976542967247031], [77.62574898652163, 12.975348430087966], [77.62130298192777, 12.972709392799974], [77.61996727107191, 12.972745445847096], [77.61917306799843, 12.972577227930802], [77.61390171012427, 12.973832151289121], [77.61544561933005, 12.97862138948297], [77.61532502591743, 12.979060127774872], [77.61479243841066, 12.979286881253781], [77.61559953342592, 12.98118481466086], [77.61560055416966, 12.982040718347523], [77.61542394785268, 12.982602733105072], [77.61429664702058, 12.98254404543592], [77.6129662821006, 12.982937714370602], [77.614087411103, 12.984100476321167], [77.6172538254713, 12.988625525945098], [77.61837647218931, 12.987680534345134]]]}}, {"type": "Feature", "id": 21, "properties": {"id": 21, "no": 91, "name": "Bharathi Nagar"}, "geometry": {"type": "Polygon", "coordinates": [[[77.6172437822815, 12.988615508842583], [77.614087411103, 12.984100476321167], [77.61276018275342, 12.982721894454885], [77.61236057962442, 12.983122464623275], [77.61097462491955, 12.98361248484189], [77.61064668109913, 12.983052709525321], [77.60723639244064, 12.984144423297817], [77.60684493646313, 12.98420786287635], [77.60656929780565, 12.983739111835288], [77.60503805634313, 12.984106010484554], [77.60341418601465, 12.984146233501766], [77.60174174212295, 12.984666411088936], [77.60533145014601, 12.985517431232587], [77.60557075826478, 12.985354249944004], [77.60615527726559, 12.986809982723125], [77.60727862457246, 12.986794400722726], [77.60833912198923, 12.986444220814553], [77.60978496736143, 12.992678138825662], [77.61104775489935, 12.991806973612155], [77.6125924093551, 12.991308114418544], [77.61369682494644, 12.990732148348808], [77.6172437822815, 12.988615508842583]]]}}, {"type": "Feature", "id": 22, "properties": {"id": 22, "no": 92, "name": "Shivaji Nagar"}, "geometry": {"type": "Polygon", "coordinates": [[[77.60978496736143, 12.992678138825662], [77.60833912198923, 12.986444220814553], [77.60727862457246, 12.986794400722726], [77.60615527726559, 12.986809982723125], [77.60557075826478, 12.985354249944004], [77.60533145014601, 12.985517431232587], [77.60174174212295, 12.984666411088936], [77.60217238853787, 12.989121448395915], [77.6030055575007, 12.988278954183835], [77.60316505463237, 12.98841252612231], [77.60319617615671, 12.989453814346593], [77.60282252724454, 12.989504073240962], [77.60292505744778, 12.989996136587399], [77.60646198562787, 12.990187717930956], [77.60710561686393, 12.99035828465494], [77.60724088684606, 12.993354427340806], [77.60740104412783, 12.993592024250205], [77.60879002041528, 12.993396114792414], [77.60978496736143, 12.992678138825662]]]}}, {"type": "Feature", "id": 23, "properties": {"id": 23, "no": 93, "name": "Vasanth Nagar"}, "geometry": {"type": "Polygon", "coordinates": [[[77.5842192224138, 12.99928799652857], [77.58435205495715, 12.997778930818244], [77.58662075496525, 12.997490484026029], [77.58771522088342, 12.996655288075983], [77.58932683292058, 12.99580805361622], [77.58974589314343, 12.995351622835212], [77.5917363525393, 12.995427740806724], [77.59174378588688, 12.995251591318409], [77.59329822047903, 12.994827856164566], [77.59568540032951, 12.993570679568748], [77.59731989044099, 12.991478531231248], [77.59948922851395, 12.990570919044936], [77.59829008335296, 12.986830835420275], [77.59714555664077, 12.98445666127128], [77.5928152934721, 12.989747565689566], [77.58954022113416, 12.985966978004633], [77.58901409864637, 12.98649351917177], [77.58882343225686, 12.986333238630133], [77.58766835726802, 12.983291691983547], [77.58440354676405, 12.978013132208227], [77.58130756097748, 12.979945939674707], [77.58035735123707, 12.980224650452037], [77.57740073201938, 12.980658003850426], [77.57676487503386, 12.98131505726233], [77.5765421810111, 12.98207912426165], [77.57672791137178, 12.982966472067245], [77.57729633041484, 12.983572247759067], [77.57471059412617, 12.984012635776827], [77.57463088261092, 12.98426221365001], [77.57534781885549, 12.984630082539574], [77.5759078755907, 12.985135997767808], [77.57979543084402, 12.990950771776156], [77.57755014276259, 12.991744069085396], [77.57789299205707, 12.992118013898423], [77.57712164746897, 12.993612126600057], [77.57876839069716, 12.995031752552663], [77.58250277477617, 12.998969095110933], [77.58328386515616, 12.999346474832127], [77.5842192224138, 12.99928799652857]]]}}, {"type": "Feature", "id": 24, "properties": {"id": 24, "no": 94, "name": "Gandhinagar"}, "geometry": {"type": "Polygon", "coordinates": [[[77.57539579682839, 12.991975142118457], [77.57712536868883, 12.993604993944556], [77.57789299205707, 12.992118013898423], [77.57755014276259, 12.991744069085396], [77.57979543084402, 12.990950771776156], [77.57632430841126, 12.98570318897897], [77.57562179583223, 12.984834130967002], [77.57463088261092, 12.98426221365001], [77.57471059412617, 12.984012635776827], [77.57729633041484, 12.983572247759067], [77.57672791137178, 12.982966472067245], [77.5765421810111, 12.98207912426165], [77.57676487503386, 12.98131505726233], [77.57740073201938, 12.980658003850426], [77.58035735123707, 12.980224650452037], [77.58130756097748, 12.979945939674707], [77.58440354676405, 12.978013132208227], [77.5810104862361, 12.973046967038512], [77.57829120089406, 12.974255666013555], [77.5775384960748, 12.973283253141952], [77.57543978349673, 12.973963232809716], [77.57487097784265, 12.973152480075017], [77.57438270395083, 12.973471712538606], [77.57292541997539, 12.973843366996563], [77.5723196238895, 12.972527344802833], [77.57166858410466, 12.972970995961065], [77.56964105218621, 12.973016753724396], [77.56911454245297, 12.973206343873402], [77.56964845218478, 12.974586578470717], [77.57064118918491, 12.974732623545977], [77.57099781115902, 12.975882777028948], [77.57097945263878, 12.980329795618891], [77.57004537779002, 12.981414777072112], [77.57142250402474, 12.983368492275206], [77.57230609629266, 12.985864143983333], [77.5722289068632, 12.988056256164514], [77.5716402763917, 12.990957794698476], [77.57148306185974, 12.993415155347279], [77.57291533291847, 12.993566777370296], [77.57389586311298, 12.993862362427587], [77.57415551191656, 12.992765522799347], [77.57539579682839, 12.991975142118457]]]}}, {"type": "Feature", "id": 25, "properties": {"id": 25, "no": 109, "name": "Chickpete"}, "geometry": {"type": "Polygon", "coordinates": [[[77.5810104862361, 12.973046967038512], [77.58276833039272, 12.972042333295812], [77.58279462889291, 12.970378193707514], [77.58294638672534, 12.970172220354986], [77.58224224257295, 12.968319543362933], [77.58128077451119, 12.966542440220202], [77.57865116199233, 12.967993905635806], [77.57801157001323, 12.966742037826416], [77.57189942620464, 12.969916802594685], [77.57022303039938, 12.970104827021318], [77.57029370677435, 12.972993501472777], [77.57166858410466, 12.972970995961065], [77.5723196238895, 12.972527344802833], [77.57292541997539, 12.973843366996563], [77.57438270395083, 12.973471712538606], [77.57487097784265, 12.973152480075017], [77.57543978349673, 12.973963232809716], [77.5775384960748, 12.973283253141952], [77.57829120089406, 12.974255666013555], [77.5810104862361, 12.973046967038512]]]}}, {"type": "Feature", "id": 26, "properties": {"id": 26, "no": 110, "name": "Sampangiram Nagar"}, "geometry": {"type": "Polygon", "coordinates": [[[77.5928152934721, 12.989747565689566], [77.59733253943745, 12.984297002524212], [77.59786772942374, 12.984008715643194], [77.60174174212295, 12.984666411088936], [77.60341418601465, 12.984146233501766], [77.60503805634313, 12.984106010484554], [77.60656929780565, 12.983739111835288], [77.60684493646313, 12.98420786287635], [77.60723639244064, 12.984144423297817], [77.61064668109913, 12.983052709525321], [77.61097462491955, 12.98361248484189], [77.61236057962442, 12.983122464623275], [77.61276018275342, 12.982721894454885], [77.6129662821006, 12.982937714370602], [77.61429664702058, 12.98254404543592], [77.61542394785268, 12.982602733105072], [77.61560055416966, 12.982040718347523], [77.61559953342592, 12.98118481466086], [77.61479243841066, 12.979286881253781], [77.61543447026511, 12.978917920728842], [77.6150130879757, 12.977138522230174], [77.61432136016668, 12.975382139179061], [77.59748992850476, 12.980946920076455], [77.59736229538466, 12.98079968230312], [77.59919694721363, 12.976622674974145], [77.59512157251261, 12.973498224383851], [77.59410274428097, 12.972217247411841], [77.59399268688972, 12.971883020196834], [77.59498319268941, 12.96774683187439], [77.59502551063882, 12.9665690412952], [77.59574884924754, 12.965348628097331], [77.59615993431653, 12.96500564524438], [77.596770836272, 12.96488165504071], [77.59679566722636, 12.964579724659398], [77.59607068643426, 12.96339684249654], [77.59459789569375, 12.962193005024814], [77.59465570655215, 12.962318390366416], [77.59328143977837, 12.962228134129822], [77.58996283515964, 12.962794250331886], [77.5866607711313, 12.965655224844662], [77.58661598502714, 12.965928012246986], [77.58732603900494, 12.966798673659826], [77.58520108262036, 12.967814491330852], [77.5843523416979, 12.968700500948971], [77.58439811454969, 12.97039147541606], [77.58276834070767, 12.97204333232804], [77.5810104862361, 12.973046967038512], [77.58289200965956, 12.975668645426131], [77.58699051994367, 12.98207050402541], [77.58817761755043, 12.98442824460839], [77.588012614273, 12.984464640182708], [77.58882343225686, 12.986333238630133], [77.58901409864637, 12.98649351917177], [77.58954022113416, 12.985966978004633], [77.5928152934721, 12.989747565689566]]]}}, {"type": "Feature", "id": 27, "properties": {"id": 27, "no": 111, "name": "Shantala Nagar"}, "geometry": {"type": "Polygon", "coordinates": [[[77.59754501895918, 12.980935746889815], [77.61432136016668, 12.975382139179061], [77.61390171012427, 12.973832151289121], [77.61410317881959, 12.97371264716544], [77.61947739491119, 12.972601275208376], [77.61989764396556, 12.968439901083821], [77.62049324378756, 12.966696620071575], [77.61974445572426, 12.965534503062441], [77.61760704988815, 12.965381900811794], [77.61895044275307, 12.962499787736128], [77.61623009864395, 12.961630191603476], [77.61375876702417, 12.961538159959488], [77.61367063207274, 12.96056802032937], [77.61325376052024, 12.960295608750503], [77.61232953669703, 12.960199234158623], [77.61247701677813, 12.961739634479276], [77.61097481030652, 12.963583253349979], [77.60883434798284, 12.966632167695732], [77.60468752272287, 12.96589305138954], [77.60468372124312, 12.964750330444483], [77.6044767143684, 12.9636134592787], [77.60362374427615, 12.963956459264582], [77.60326794888125, 12.962802452076126], [77.60305377423617, 12.962852450385128], [77.60258949680001, 12.961373595480177], [77.60296885276081, 12.96125495159627], [77.60243617766791, 12.959767206988378], [77.59907945087645, 12.961542589229644], [77.59732418442506, 12.962078705558225], [77.59500885259847, 12.96249148821011], [77.59642794506284, 12.96386093845528], [77.59679566722636, 12.964579724659398], [77.596770836272, 12.96488165504071], [77.59598136411573, 12.965112478384896], [77.59502551063882, 12.9665690412952], [77.59498319268941, 12.96774683187439], [77.59399398423126, 12.971897603295368], [77.59512157251261, 12.973498224383851], [77.59919694721363, 12.976622674974145], [77.59736229538466, 12.98079968230312], [77.59754501895918, 12.980935746889815]]]}}, {"type": "Feature", "id": 28, "properties": {"id": 28, "no": 112, "name": "Domlur"}, "geometry": {"type": "Polygon", "coordinates": [[[77.64112148902096, 12.972664105564226], [77.64168595139454, 12.960639642800333], [77.64240104308655, 12.960558472227687], [77.64307292141845, 12.95845374936453], [77.6437689815385, 12.957975057012229], [77.64338196034326, 12.957844928308667], [77.643819871782, 12.956257689213405], [77.64340245600292, 12.954699160198397], [77.64132781192984, 12.95470106090888], [77.6410993311112, 12.953865518036153], [77.63979337204262, 12.95159690359348], [77.6366976915833, 12.955335350006873], [77.63622330201984, 12.956246577272749], [77.63639725097404, 12.956286495916286], [77.63479039427673, 12.960933284864895], [77.63476456238509, 12.961432160974631], [77.63429466398306, 12.961776848985469], [77.63429130374841, 12.962849350154574], [77.63441545095517, 12.963049180458231], [77.63427414609897, 12.963074549877213], [77.6341547096156, 12.963757754385833], [77.63429112513411, 12.964687863625993], [77.63357820855256, 12.964671143218094], [77.63355124151899, 12.965356069257508], [77.63389801712907, 12.965371710913974], [77.63356781933298, 12.966158332528613], [77.63310544328948, 12.968492841165563], [77.63102519547847, 12.96812177431589], [77.62893309027143, 12.96814292452545], [77.62896696071799, 12.969202044001237], [77.63398089891416, 12.970843380735232], [77.63813057945174, 12.972509554377826], [77.64112148902096, 12.972664105564226]]]}}, {"type": "Feature", "id": 29, "properties": {"id": 29, "no": 113, "name": "Konena Agrahara"}, "geometry": {"type": "Polygon", "coordinates": [[[77.66028517905009, 12.962827405867712], [77.65979584058981, 12.961076837381619], [77.66020815335871, 12.960895985416473], [77.65983851094462, 12.960294121957215], [77.65971819633654, 12.959098731315962], [77.66129015784425, 12.959296838090708], [77.66358387405609, 12.958916423039922], [77.66303963302936, 12.956907578144675], [77.66341016889226, 12.955762189390965], [77.66100324434659, 12.955705186778802], [77.66088873314739, 12.955568497989242], [77.66087260318024, 12.955444527234842], [77.66192378932094, 12.955457212659937], [77.66191828467697, 12.955014469039487], [77.66249031830155, 12.954972889676586], [77.6624138143659, 12.95425598923682], [77.66104984717674, 12.954345000846347], [77.66102549012501, 12.952864720752538], [77.6584242947485, 12.952932574800936], [77.65256913871916, 12.952544893373206], [77.65228330816669, 12.951806718737561], [77.65130558166385, 12.951278859752797], [77.65043549913752, 12.95049364902082], [77.64925069909742, 12.948971662548782], [77.6490977905053, 12.947955609160163], [77.64943268521885, 12.947346464844491], [77.64908279425329, 12.946002893148908], [77.64782067131567, 12.947171999010234], [77.64656259328183, 12.947863372069056], [77.64535138081864, 12.949545357977982], [77.6446360579437, 12.95120444999057], [77.64427166978254, 12.953337671579302], [77.6423618591436, 12.9539552863218], [77.64174037359244, 12.953509011703076], [77.64077168563409, 12.953271507462718], [77.64129413434891, 12.954284866062718], [77.64132781192984, 12.95470106090888], [77.64340245600292, 12.954699160198397], [77.643819871782, 12.956257689213405], [77.64338196034326, 12.957844928308667], [77.6437689815385, 12.957975057012229], [77.64307292141845, 12.95845374936453], [77.64240104308655, 12.960558472227687], [77.65041834403394, 12.959654476658809], [77.65528106566364, 12.959369551611639], [77.65564160496994, 12.960242527183752], [77.65590759056644, 12.961710004865163], [77.65670816662978, 12.963079921742828], [77.65936828086815, 12.96328880751084], [77.65938763565497, 12.963011559333028], [77.66028517905009, 12.962827405867712]]]}}, {"type": "Feature", "id": 30, "properties": {"id": 30, "no": 114, "name": "Agaram"}, "geometry": {"type": "Polygon", "coordinates": [[[77.62534502378487, 12.975074848493179], [77.62896696071799, 12.969202044001237], [77.62893309027143, 12.96814292452545], [77.63102519547847, 12.96812177431589], [77.63310544328948, 12.968492841165563], [77.63356781933298, 12.966158332528613], [77.63389801712907, 12.965371710913974], [77.63355124151899, 12.965356069257508], [77.63357820855256, 12.964671143218094], [77.63429112513411, 12.964687863625993], [77.6341547096156, 12.963757754385833], [77.63427414609897, 12.963074549877213], [77.63441545095517, 12.963049180458231], [77.63429130374841, 12.962849350154574], [77.63429466398306, 12.961776848985469], [77.63476456238509, 12.961432160974631], [77.63479039427673, 12.960933284864895], [77.63639725097404, 12.956286495916286], [77.63622330201984, 12.956246577272749], [77.6366976915833, 12.955335350006873], [77.63979337204262, 12.95159690359348], [77.6424193680808, 12.948996609255918], [77.6474732786664, 12.94479493009776], [77.64746747038821, 12.944244941676587], [77.64802292847874, 12.943739251446907], [77.64999831867671, 12.942519068191594], [77.6539537981364, 12.940528658393033], [77.65471525095222, 12.940220878417547], [77.65649832649824, 12.940102705123829], [77.6573333402721, 12.939482651379766], [77.65769649064512, 12.938852390358528], [77.658166345651, 12.93877339951539], [77.6582080355452, 12.937948553540231], [77.65901449296803, 12.937907350647313], [77.65907404394926, 12.938327164657034], [77.66054068257183, 12.938275547521965], [77.66050467098773, 12.93811169348143], [77.65522199307256, 12.93511529634067], [77.65913994768931, 12.929763526884301], [77.66143838707237, 12.930048701332039], [77.66225505852117, 12.92958513435887], [77.6635877841154, 12.928107407611533], [77.66249687569031, 12.925690473970167], [77.66121154371156, 12.921727692597022], [77.66284266233734, 12.921222167112937], [77.66280682142568, 12.92031377016368], [77.66220899451945, 12.918314431295808], [77.66051264079867, 12.916531967976107], [77.65486769305247, 12.920574611358461], [77.65370829535993, 12.92067112392737], [77.65357740038836, 12.920966031109607], [77.65158240148203, 12.921179583964358], [77.6515116290652, 12.922676754118026], [77.65169844912278, 12.924253301585455], [77.64932213145522, 12.924689214184246], [77.64542943341569, 12.924473600925646], [77.64134703909892, 12.923379996726158], [77.6391923326336, 12.924147024154134], [77.63931613145238, 12.925901115825807], [77.63981215147221, 12.926091493277212], [77.64134290829108, 12.92616478548691], [77.64211966973998, 12.929051342375647], [77.64028976105553, 12.929210010589197], [77.63833225085416, 12.930271910386997], [77.63798027353567, 12.930114860557737], [77.63693981124693, 12.928579044515384], [77.63650505213455, 12.928516207497884], [77.63558422883762, 12.928943842771103], [77.6338834194985, 12.93060883717567], [77.63399867116611, 12.931047314557683], [77.63339586923796, 12.931692349029966], [77.63381265473676, 12.933537572592872], [77.63441810307893, 12.934572843151166], [77.63578616258299, 12.935066570522403], [77.6331914427787, 12.937539158717907], [77.62950326149907, 12.945506909597285], [77.62766563879686, 12.948594490852622], [77.62704602036122, 12.949323321220827], [77.62726517179628, 12.949488317612287], [77.62587105789407, 12.952208415520422], [77.6251637436942, 12.95324222839063], [77.62423926987888, 12.954170787930378], [77.62324487960433, 12.954816518526757], [77.62096807017319, 12.955919853501912], [77.62107040882002, 12.956567064128684], [77.6191762884411, 12.956672524973406], [77.61899807110622, 12.95681137381922], [77.61901159971838, 12.957322365542613], [77.61770798629391, 12.957212217671703], [77.6177782661158, 12.956938504103778], [77.6167681636587, 12.957087069801958], [77.61661701679014, 12.957970158892728], [77.61212653471739, 12.95844031604829], [77.61232953669703, 12.960199234158623], [77.61325376052024, 12.960295608750503], [77.61367063207274, 12.96056802032937], [77.61375876702417, 12.961538159959488], [77.61623009864395, 12.961630191603476], [77.61895044275307, 12.962499787736128], [77.61760704988815, 12.965381900811794], [77.61974445572426, 12.965534503062441], [77.62049324378756, 12.966696620071575], [77.61989764396556, 12.968439901083821], [77.61947739491119, 12.972601275208376], [77.62155720391223, 12.972788160327784], [77.62534502378487, 12.975074848493179]]]}}, {"type": "Feature", "id": 31, "properties": {"id": 31, "no": 115, "name": "Vannarpet"}, "geometry": {"type": "Polygon", "coordinates": [[[77.6190266056253, 12.949720076131682], [77.61891451648627, 12.94980031777806], [77.62001471059611, 12.951799526967218], [77.61889876001734, 12.951614656509697], [77.61889145414739, 12.952264741207133], [77.6185183334331, 12.952304139311375], [77.61797378653812, 12.952668391454223], [77.6176265761612, 12.953647843872746], [77.61417438174246, 12.955050198154714], [77.61372447040523, 12.953587090734045], [77.61331344716035, 12.95368574985123], [77.61337793555556, 12.953951801342068], [77.61244813993059, 12.954159989040834], [77.61239360058829, 12.954024813864574], [77.61164342868736, 12.95430893818691], [77.61133912856073, 12.954592560830084], [77.6118405962083, 12.956125303515499], [77.61212653471739, 12.95844031604829], [77.61661701679014, 12.957970158892728], [77.6167681636587, 12.957087069801958], [77.6177782661158, 12.956938504103778], [77.61770798629391, 12.957212217671703], [77.61901159971838, 12.957322365542613], [77.61899807110622, 12.95681137381922], [77.6191762884411, 12.956672524973406], [77.62107040882002, 12.956567064128684], [77.62096807017319, 12.955919853501912], [77.62324487960433, 12.954816518526757], [77.62491128618062, 12.953543230434486], [77.62587105789407, 12.952208415520422], [77.62726517179628, 12.949488317612287], [77.62704602036122, 12.949323321220827], [77.62580961885276, 12.950247206680647], [77.62346766204276, 12.950787849018445], [77.62150430615833, 12.951687557749144], [77.62001471906018, 12.948705953866316], [77.61910472917224, 12.94923862856604], [77.61917696127976, 12.949346389018936], [77.6188980531415, 12.949496427723064], [77.6190266056253, 12.949720076131682]]]}}, {"type": "Feature", "id": 32, "properties": {"id": 32, "no": 116, "name": "Nilasandra"}, "geometry": {"type": "Polygon", "coordinates": [[[77.61420673397778, 12.955038170784462], [77.6177571309735, 12.953559488670606], [77.61779938211093, 12.952923978789622], [77.61797378653812, 12.952668391454223], [77.6185183334331, 12.952304139311375], [77.61889145414739, 12.952264741207133], [77.61889876001734, 12.951614656509697], [77.62001471059611, 12.951799526967218], [77.61891451648627, 12.94980031777806], [77.6190266056253, 12.949720076131682], [77.6188980531415, 12.949496427723064], [77.61917696127976, 12.949346389018936], [77.61910472917224, 12.94923862856604], [77.62001471906018, 12.948705953866316], [77.61933664040166, 12.947431999212206], [77.61701937118838, 12.94914247534273], [77.61710387816362, 12.949243901158688], [77.611753823223, 12.949300090202213], [77.61146816632291, 12.948978667000958], [77.61109882896389, 12.948924996320702], [77.60588106629916, 12.949707817945228], [77.60579635976646, 12.949978242548955], [77.60743325767194, 12.949790934987133], [77.60753282680963, 12.950392452899496], [77.60953454410792, 12.94998221514465], [77.6098863228648, 12.951741951153506], [77.61143700106058, 12.951625798140038], [77.61157302920307, 12.95190695027984], [77.6119769085804, 12.95215619210031], [77.61255280172897, 12.953660417958023], [77.61244813993059, 12.954159989040834], [77.61337793555556, 12.953951801342068], [77.61331344716035, 12.95368574985123], [77.61372447040523, 12.953587090734045], [77.61420673397778, 12.955038170784462]]]}}, {"type": "Feature", "id": 33, "properties": {"id": 33, "no": 117, "name": "Shanthi Nagar"}, "geometry": {"type": "Polygon", "coordinates": [[[77.60953454410792, 12.94998221514465], [77.60753282680963, 12.950392452899496], [77.60743325767194, 12.949790934987133], [77.60335663295096, 12.950506508352447], [77.60035933112925, 12.949761400489116], [77.59227663876939, 12.956106549315603], [77.59459789569375, 12.962193005024814], [77.59500885259847, 12.96249148821011], [77.59775443912119, 12.961970497896004], [77.59995936770427, 12.961180384366415], [77.60243617766791, 12.959767206988378], [77.60296885276081, 12.96125495159627], [77.60258949680001, 12.961373595480177], [77.60305377423617, 12.962852450385128], [77.60326794888125, 12.962802452076126], [77.60362374427615, 12.963956459264582], [77.6044767143684, 12.9636134592787], [77.60468372124312, 12.964750330444483], [77.60468752272287, 12.96589305138954], [77.60883434798284, 12.966632167695732], [77.61097481030652, 12.963583253349979], [77.61247701677813, 12.961739634479276], [77.6118405962083, 12.956125303515499], [77.61131181813505, 12.954682891526865], [77.61164342868736, 12.95430893818691], [77.6123857146519, 12.954031317835208], [77.61255280172897, 12.953660417958023], [77.6119769085804, 12.95215619210031], [77.61157302920307, 12.95190695027984], [77.61143700106058, 12.951625798140038], [77.6098863228648, 12.951741951153506], [77.60953454410792, 12.94998221514465]]]}}, {"type": "Feature", "id": 34, "properties": {"id": 34, "no": 118, "name": "Sudham Nagara"}, "geometry": {"type": "Polygon", "coordinates": [[[77.58677439644359, 12.965588517966681], [77.58996283515964, 12.962794250331886], [77.59328143977837, 12.962228134129822], [77.59465570655215, 12.962318390366416], [77.59227663876939, 12.956106549315603], [77.59201393961685, 12.956252870311731], [77.59167736400236, 12.957137457286002], [77.59118535316851, 12.957724738239127], [77.58680528954592, 12.959076613069424], [77.58622615577445, 12.957661334073041], [77.58542078714028, 12.954047218805428], [77.58304898544395, 12.954692629179688], [77.58087536044225, 12.954927311716649], [77.57917131622413, 12.955369117991964], [77.57743722397029, 12.956251855188576], [77.57767453762108, 12.958815295330986], [77.57847296223237, 12.958748397640866], [77.57912029250811, 12.959028513567418], [77.58016735789626, 12.958908584327075], [77.58216408736713, 12.957768417581317], [77.58519485473104, 12.963785254415965], [77.58677439644359, 12.965588517966681]]]}}, {"type": "Feature", "id": 35, "properties": {"id": 35, "no": 119, "name": "Dharmaraya Swamy Temple"}, "geometry": {"type": "Polygon", "coordinates": [[[77.58677439644359, 12.965588517966681], [77.58519485473104, 12.963785254415965], [77.58216408736713, 12.957768417581317], [77.58016735789626, 12.958908584327075], [77.57912029250811, 12.959028513567418], [77.57847296223237, 12.958748397640866], [77.57767453762108, 12.958815295330986], [77.57743722397029, 12.956251855188576], [77.57362355720308, 12.95729545983071], [77.5751013749863, 12.961122856499086], [77.57617351079723, 12.962630833674611], [77.57865116199233, 12.967993905635806], [77.58128077451119, 12.966542440220202], [77.58224224257295, 12.968319543362933], [77.58294638672534, 12.970172220354986], [77.58279462889291, 12.970378193707514], [77.58276834070767, 12.97204333232804], [77.58439811454969, 12.97039147541606], [77.5843523416979, 12.968700500948971], [77.58520108262036, 12.967814491330852], [77.58732603900494, 12.966798673659826], [77.58661598502714, 12.965928012246986], [77.58677439644359, 12.965588517966681]]]}}, {"type": "Feature", "id": 36, "properties": {"id": 36, "no": 139, "name": "K R Market"}, "geometry": {"type": "Polygon", "coordinates": [[[77.57801157001323, 12.966742037826416], [77.57617351079723, 12.962630833674611], [77.57545640994613, 12.961759580066865], [77.57455859117353, 12.959778964308825], [77.57170817582171, 12.960571787662152], [77.5688670410404, 12.960488909304628], [77.56894541112382, 12.96812499465479], [77.5704227628394, 12.967903742939564], [77.57384837641968, 12.966407166744707], [77.57485254930006, 12.968379567803176], [77.57801157001323, 12.966742037826416]]]}}, {"type": "Feature", "id": 37, "properties": {"id": 37, "no": 143, "name": "Vishveshwara Puram"}, "geometry": {"type": "Polygon", "coordinates": [[[77.57369151613207, 12.957276086520443], [77.57743722397029, 12.956251855188576], [77.57917131622413, 12.955369117991964], [77.58087536044225, 12.954927311716649], [77.58304898544395, 12.954692629179688], [77.58542078714028, 12.954047218805428], [77.5870952472814, 12.952751805946015], [77.59178381448517, 12.951041026496295], [77.59283628219877, 12.950052490501763], [77.59344232883184, 12.94891854783897], [77.59226878717443, 12.948063180325336], [77.59091553550871, 12.947380074407212], [77.58970658966983, 12.94630045499955], [77.58775264713762, 12.946168277129296], [77.58601256093469, 12.945465070709028], [77.58537735820761, 12.94487282054458], [77.5852069718185, 12.943692183143874], [77.577740215864, 12.94362296935857], [77.57761275673788, 12.944141021339929], [77.57712656452625, 12.944455875513388], [77.57375403276954, 12.944538857401962], [77.57372782551126, 12.95319052692105], [77.5698603656497, 12.95325472354183], [77.56979552360079, 12.954015363471957], [77.5688004229014, 12.953994039995456], [77.56883280588217, 12.957151628722224], [77.57369151613207, 12.957276086520443]]]}}, {"type": "Feature", "id": 38, "properties": {"id": 38, "no": 144, "name": "Siddapura"}, "geometry": {"type": "Polygon", "coordinates": [[[77.5969434381131, 12.944827253099458], [77.59763765341657, 12.93999031899601], [77.59421747422302, 12.939516353813737], [77.59345563935636, 12.939126121093592], [77.59262726905659, 12.937977558071257], [77.59256985153296, 12.940567119141264], [77.59344187153704, 12.941524380368891], [77.59120631614721, 12.942168961525542], [77.59126279876554, 12.942455245236683], [77.59009615075524, 12.943092191373454], [77.5895876340916, 12.942844556806975], [77.58934130728737, 12.942893364368631], [77.58915159106651, 12.943074819973223], [77.58901011431371, 12.943758380460691], [77.58705284006042, 12.943764405541659], [77.5870382085429, 12.945949541923865], [77.58789543749383, 12.946197466680148], [77.58970658966983, 12.94630045499955], [77.59091553550871, 12.947380074407212], [77.59226878717443, 12.948063180325336], [77.59344232883184, 12.94891854783897], [77.59457308893585, 12.946812635766094], [77.59555231744483, 12.945933205086865], [77.59654075401382, 12.94534584831782], [77.5969434381131, 12.944827253099458]]]}}, {"type": "Feature", "id": 39, "properties": {"id": 39, "no": 145, "name": "Hombegowda Nagara"}, "geometry": {"type": "Polygon", "coordinates": [[[77.59201393961685, 12.956252870311731], [77.60035933112925, 12.949761400489116], [77.60343487907154, 12.950505726317507], [77.60248417984019, 12.947585724619593], [77.60261053882977, 12.945240411091826], [77.60289333734019, 12.943688216557273], [77.60266650774804, 12.942159840629996], [77.59724526951074, 12.943201812322542], [77.5969434381131, 12.944827253099458], [77.59654075401382, 12.94534584831782], [77.59555231744483, 12.945933205086865], [77.59457308893585, 12.946812635766094], [77.59283628219877, 12.950052490501763], [77.59219105962647, 12.950698301540967], [77.59165958964195, 12.95111817094861], [77.5870952472814, 12.952751805946015], [77.58542078714028, 12.954047218805428], [77.58622615577445, 12.957661334073041], [77.58680528954592, 12.959076613069424], [77.59118535316851, 12.957724738239127], [77.59167736400236, 12.957137457286002], [77.59201393961685, 12.956252870311731]]]}}, {"type": "Feature", "id": 40, "properties": {"id": 40, "no": 146, "name": "Lakkasandra"}, "geometry": {"type": "Polygon", "coordinates": [[[77.60575620285007, 12.950096209631955], [77.60814129485944, 12.942236552823822], [77.61379712834146, 12.931669095916066], [77.61005236272702, 12.934529183046237], [77.60804657409236, 12.935863757865386], [77.6064107363225, 12.93647256689603], [77.59985008223202, 12.937433137292228], [77.5987420796432, 12.938157080177534], [77.59788006904293, 12.93939900876042], [77.59759754536398, 12.940205530757316], [77.59724526951074, 12.943201812322542], [77.60266650774804, 12.942159840629996], [77.60289333734019, 12.943688216557273], [77.60261053882977, 12.945240411091826], [77.60248417984019, 12.947585724619593], [77.60341603134697, 12.950438335245806], [77.60575620285007, 12.950096209631955]]]}}, {"type": "Feature", "id": 41, "properties": {"id": 41, "no": 147, "name": "Adugodi"}, "geometry": {"type": "Polygon", "coordinates": [[[77.6187389777621, 12.94346478072269], [77.61754977833525, 12.943560914329783], [77.61731259959949, 12.941121881430083], [77.61849282377369, 12.941038464163952], [77.61702615215835, 12.936356649926493], [77.61567620220967, 12.936058715038083], [77.61230202091782, 12.934362652822754], [77.60814129485944, 12.942236552823822], [77.60588106629916, 12.949707817945228], [77.61109882896389, 12.948924996320702], [77.61146816632291, 12.948978667000958], [77.611753823223, 12.949300090202213], [77.61710387816362, 12.949243901158688], [77.61701937118838, 12.94914247534273], [77.61933664040166, 12.947431999212206], [77.61860197778462, 12.946008146835869], [77.61874415874249, 12.94569954695441], [77.61928966210357, 12.945332321421862], [77.6187389777621, 12.94346478072269]]]}}, {"type": "Feature", "id": 42, "properties": {"id": 42, "no": 148, "name": "Ejipura"}, "geometry": {"type": "Polygon", "coordinates": [[[77.62706895239032, 12.949303799384266], [77.62766563879686, 12.948594490852622], [77.62950326149907, 12.945506909597285], [77.6331914427787, 12.937539158717907], [77.63578616258299, 12.935066570522403], [77.63441810307893, 12.934572843151166], [77.63381265473676, 12.933537572592872], [77.63339586923796, 12.931692349029966], [77.63397221139779, 12.931088614243674], [77.63403511284602, 12.930818332994733], [77.63349083216146, 12.929841909184681], [77.63325150591443, 12.92979227012403], [77.63275038863551, 12.931345925720533], [77.62873238802071, 12.93532952068418], [77.62659589006556, 12.937688991053177], [77.62510154424298, 12.94024367018958], [77.62177909189367, 12.943392684484905], [77.6186063671189, 12.945892913604153], [77.62150430615833, 12.951687557749144], [77.62346766204276, 12.950787849018445], [77.62580961885276, 12.950247206680647], [77.62706895239032, 12.949303799384266]]]}}, {"type": "Feature", "id": 43, "properties": {"id": 43, "no": 149, "name": "Varthuru"}, "geometry": {"type": "Polygon", "coordinates": [[[77.76905350521064, 12.96032310327709], [77.76730895337083, 12.960292073124005], [77.76556280891465, 12.960766771310274], [77.7653542869522, 12.960647060307979], [77.76546018922663, 12.958979581078005], [77.76429659138402, 12.957945449453735], [77.7644631113054, 12.955389152978448], [77.76556926569133, 12.946584799137865], [77.76530924374056, 12.942102737459003], [77.76549391209583, 12.93702584843107], [77.7663178696204, 12.935364807158436], [77.76634339236651, 12.934951458513222], [77.76560234368544, 12.93321850041368], [77.76567924485943, 12.932007962650243], [77.76468134703971, 12.928802449180552], [77.76211897164406, 12.928298494608704], [77.75707604179323, 12.926522490335454], [77.75255126269334, 12.925360530582681], [77.7517973172682, 12.922342249797243], [77.75154473509605, 12.9219791258966], [77.75116742023967, 12.921576669039894], [77.75066893428016, 12.921459994690322], [77.74855515481293, 12.921400974780243], [77.74621733876549, 12.919799843611134], [77.7452489282454, 12.918387508557009], [77.74485342129121, 12.916318848819529], [77.72827173588676, 12.915557827091735], [77.72703147197619, 12.908173561359394], [77.7194791718673, 12.910934808228134], [77.7165197354299, 12.90929918210903], [77.71536808289903, 12.910083400376232], [77.70923019202688, 12.908733766815587], [77.70941758867593, 12.91439289367539], [77.70750205127828, 12.91540209023165], [77.70367085886674, 12.917806514115236], [77.70558083942433, 12.920151454452503], [77.7077916157422, 12.92193431442411], [77.71083341071733, 12.925578798372964], [77.71033728653097, 12.926314864058503], [77.70810638906292, 12.92876723843478], [77.70752538326265, 12.929762153787943], [77.70578871981056, 12.931306493742007], [77.70461300381214, 12.932028106935586], [77.70313024831788, 12.932731398247158], [77.70129476879879, 12.933244858279943], [77.69746391305564, 12.933671470273188], [77.69936910987695, 12.943120704491308], [77.6993964057716, 12.94420678150397], [77.7026260264781, 12.943100408269812], [77.70665081440256, 12.94137804812705], [77.70447900858044, 12.95681533100072], [77.71451975513389, 12.95596184244828], [77.71462644902658, 12.954553923030558], [77.71487947309976, 12.95441258049823], [77.71501726876933, 12.954078257932178], [77.71579443776395, 12.94749564374248], [77.71719770705826, 12.943575515294556], [77.71843563537793, 12.944615349286284], [77.71946371360421, 12.945156059908296], [77.72125510390562, 12.945388008783787], [77.72300328674193, 12.946347288022139], [77.72499719847248, 12.94640163710119], [77.72547293455476, 12.947123481978027], [77.7276529338867, 12.94722719238428], [77.72859037576988, 12.947808301705754], [77.7303172352238, 12.947951371726035], [77.73264970875286, 12.947776217493152], [77.7325372156443, 12.948574555735318], [77.7327498085028, 12.948575743593848], [77.7327453715919, 12.948808216350617], [77.7330175728722, 12.948842958255012], [77.73312822176361, 12.949402352592816], [77.73398576119473, 12.94958196106039], [77.73418554786291, 12.949242239821924], [77.73420933528367, 12.949506031061766], [77.73471758841987, 12.949616055150466], [77.73697462306386, 12.951043762972992], [77.73747405365037, 12.95107107724799], [77.73794128385478, 12.951750017439052], [77.73799516104354, 12.952077160316511], [77.73838214270204, 12.952311238016392], [77.73919693966549, 12.952070031432687], [77.73970345771026, 12.952678023529387], [77.7403414137199, 12.952936632073037], [77.74177472916664, 12.95305837176012], [77.74263776131724, 12.953582489139569], [77.743200882603, 12.954150814861876], [77.74313178255102, 12.954311323251268], [77.74335369999942, 12.954845610512752], [77.7442358807711, 12.956480365812858], [77.74484819248126, 12.956702917013972], [77.74548377191445, 12.957247378423318], [77.74551090958958, 12.957028747102006], [77.74666470037464, 12.958750483118079], [77.74820875631316, 12.958362298656194], [77.74805296638735, 12.955887200066071], [77.74950070193356, 12.955809079380856], [77.7497711296117, 12.956765278078517], [77.7557711123813, 12.958609611570722], [77.75687383407715, 12.95912015700111], [77.75696753989, 12.959024187152398], [77.75741184675935, 12.959180122128643], [77.75760164034206, 12.959400820637772], [77.76566514824441, 12.962516048249034], [77.76763497680452, 12.963486790626021], [77.76794612483587, 12.963049617375669], [77.77030656321374, 12.962688419944655], [77.77048703538884, 12.961944123825543], [77.77027495401941, 12.961053867928971], [77.76905350521064, 12.96032310327709]]]}}, {"type": "Feature", "id": 44, "properties": {"id": 44, "no": 150, "name": "Bellanduru"}, "geometry": {"type": "Polygon", "coordinates": [[[77.70665081440256, 12.94137804812705], [77.7026260264781, 12.943100408269812], [77.6993964057716, 12.94420678150397], [77.69936910987695, 12.943120704491308], [77.69746391305564, 12.933671470273188], [77.70129476879879, 12.933244858279943], [77.70313024831788, 12.932731398247158], [77.70461300381214, 12.932028106935586], [77.70578871981056, 12.931306493742007], [77.70752538326265, 12.929762153787943], [77.70810638906292, 12.92876723843478], [77.71033728653097, 12.926314864058503], [77.71083341071733, 12.925578798372964], [77.7077916157422, 12.92193431442411], [77.70558083942433, 12.920151454452503], [77.70367085886674, 12.917806514115236], [77.70750205127828, 12.91540209023165], [77.70941758867593, 12.91439289367539], [77.70923019202688, 12.908733766815587], [77.70778383461078, 12.903739815724766], [77.70159749471293, 12.904739111344574], [77.68876292945596, 12.908144965360757], [77.68635465197686, 12.90583153044583], [77.67638874264392, 12.892787960465649], [77.67396573394021, 12.89282737509827], [77.66959555503676, 12.893697489409826], [77.66471714473293, 12.894349469148006], [77.66343838703726, 12.894273234828763], [77.66267157890819, 12.894504194269475], [77.66075045128555, 12.894694152882183], [77.65716614213775, 12.89404491047723], [77.65519270471154, 12.896128296512664], [77.65464995986778, 12.898262785528045], [77.65536533919571, 12.898372296252743], [77.65583958702682, 12.898192315401799], [77.65586143132914, 12.899556919360148], [77.65660741724969, 12.899746400277378], [77.65682052815643, 12.899496084394322], [77.6570162552421, 12.899713049881957], [77.65717723105747, 12.90042575738908], [77.65706335985286, 12.900738927767453], [77.65638748113967, 12.90120012873144], [77.65504645568852, 12.90275943490869], [77.65477452012276, 12.903482101621382], [77.65702530672083, 12.911446734973428], [77.66017124500227, 12.911517558259993], [77.66093117375237, 12.913978051577631], [77.66123104690809, 12.915894735492964], [77.6620012541125, 12.916024006312206], [77.66272155325173, 12.918039242142175], [77.66314123914272, 12.918069240129256], [77.66485493751748, 12.920672993617655], [77.66706768312604, 12.922806765075427], [77.66810915392233, 12.92433420668095], [77.66930996783606, 12.927224953545196], [77.66927303697058, 12.93095336209463], [77.66703274782147, 12.931055596180029], [77.66616699766975, 12.930747753491088], [77.66584604242455, 12.9302178320206], [77.6652987632334, 12.928546824409159], [77.66484950470053, 12.92798350510218], [77.6635877841154, 12.928107407611533], [77.66225505852117, 12.92958513435887], [77.66143838707237, 12.930048701332039], [77.65913994768931, 12.929763526884301], [77.65522199307256, 12.93511529634067], [77.66050467098773, 12.93811169348143], [77.66054068257183, 12.938275547521965], [77.65907404394926, 12.938327164657034], [77.65901449296803, 12.937907350647313], [77.6582080355452, 12.937948553540231], [77.658166345651, 12.93877339951539], [77.65769649064512, 12.938852390358528], [77.6573333402721, 12.939482651379766], [77.65649832649824, 12.940102705123829], [77.65471525095222, 12.940220878417547], [77.6539537981364, 12.940528658393033], [77.64999831867671, 12.942519068191594], [77.64802292847874, 12.943739251446907], [77.64746747038821, 12.944244941676587], [77.6474732786664, 12.94479493009776], [77.6424193680808, 12.948996609255918], [77.63979337204262, 12.95159690359348], [77.64077168563409, 12.953271507462718], [77.64174037359244, 12.953509011703076], [77.6423618591436, 12.9539552863218], [77.64427166978254, 12.953337671579302], [77.6446360579437, 12.95120444999057], [77.64535138081864, 12.949545357977982], [77.64656259328183, 12.947863372069056], [77.64782067131567, 12.947171999010234], [77.64908279425329, 12.946002893148908], [77.64935937677173, 12.947467137902562], [77.64982214480821, 12.947315764572604], [77.65460775596054, 12.947717606831654], [77.65607924628686, 12.947370508732707], [77.65996357039825, 12.947588943255306], [77.66257608511354, 12.94664845371917], [77.66267372576094, 12.944470826976401], [77.66414650419942, 12.94445154173195], [77.66432687990584, 12.94458084496875], [77.66473933612593, 12.945882425739871], [77.66662169741716, 12.946014800882178], [77.66660034030919, 12.946440190859134], [77.66840978018416, 12.946550962611179], [77.66835785340882, 12.946990943693027], [77.67092725764819, 12.947111715431411], [77.67093211666597, 12.948058619629936], [77.67314721696617, 12.948187978554536], [77.6729124798722, 12.947386081895036], [77.67304020841433, 12.946478831633936], [77.67377682511972, 12.946119380955036], [77.67534476086041, 12.945691496295925], [77.67766272150216, 12.94473180267168], [77.67998369964177, 12.944056567677887], [77.6803204151589, 12.944135460439163], [77.6805453098323, 12.943751307606439], [77.68145889392984, 12.943524785587245], [77.68286121964573, 12.942604419132984], [77.68549279117664, 12.941211989128108], [77.68680714759513, 12.9417389193685], [77.68803238776451, 12.941913773745076], [77.68867257971462, 12.941007230405068], [77.68971030622258, 12.941521487566526], [77.69475696578372, 12.945106600616812], [77.695562133282, 12.945323256262219], [77.69704851759407, 12.944895405127225], [77.69796435062878, 12.944804321078644], [77.69903371835622, 12.948364259341126], [77.70001462894389, 12.953566055737305], [77.7010587452693, 12.956910757728842], [77.70447900858044, 12.95681533100072], [77.70665081440256, 12.94137804812705]]]}}, {"type": "Feature", "id": 45, "properties": {"id": 45, "no": 151, "name": "Koramangala"}, "geometry": {"type": "Polygon", "coordinates": [[[77.62177909189367, 12.943392684484905], [77.62523978486121, 12.94009417670137], [77.62612230184037, 12.93839037657556], [77.62692429965556, 12.937293676959365], [77.63275038863551, 12.931345925720533], [77.63325150591443, 12.92979227012403], [77.63349083216146, 12.929841909184681], [77.6338834194985, 12.93060883717567], [77.63558422883762, 12.928943842771103], [77.63664192547198, 12.928496148961345], [77.63693981124693, 12.928579044515384], [77.63798027353567, 12.930114860557737], [77.63833225085416, 12.930271910386997], [77.64028976105553, 12.929210010589197], [77.64211966973998, 12.929051342375647], [77.64134290829108, 12.92616478548691], [77.63981215147221, 12.926091493277212], [77.63931613145238, 12.925901115825807], [77.6391923326336, 12.924147024154134], [77.6372553525932, 12.925199085837733], [77.6366942692643, 12.925321525379461], [77.62902281607839, 12.924203050027643], [77.62400826439436, 12.923073655202762], [77.62287230939073, 12.922635541641704], [77.62022432131508, 12.921159006376472], [77.61494553686514, 12.929671517525104], [77.61230202091782, 12.934362652822754], [77.61567620220967, 12.936058715038083], [77.61702615215835, 12.936356649926493], [77.61849282377369, 12.941038464163952], [77.61731259959949, 12.941121881430083], [77.61754977833525, 12.943560914329783], [77.6187389777621, 12.94346478072269], [77.61928966210357, 12.945332321421862], [77.62177909189367, 12.943392684484905]]]}}, {"type": "Feature", "id": 46, "properties": {"id": 46, "no": 152, "name": "Suddagunte Palya"}, "geometry": {"type": "Polygon", "coordinates": [[[77.61388008140597, 12.931520048724837], [77.61823204341765, 12.924418135325714], [77.61713400125642, 12.923834656392529], [77.61657050087571, 12.924784605173379], [77.61627160361459, 12.924644455798482], [77.61580364334729, 12.923269324316076], [77.61466618306383, 12.923769552915134], [77.61461028347007, 12.923509232975064], [77.61399129482197, 12.9234660535082], [77.61338361822426, 12.923856449463486], [77.61181122135267, 12.92423402552808], [77.6102419506858, 12.924912717066151], [77.60909781035875, 12.925052261037681], [77.608357941774, 12.924826642822183], [77.60698033969302, 12.925050727958565], [77.6069875024422, 12.92545968047319], [77.60637707821722, 12.925645978298384], [77.60611737310067, 12.925628550407943], [77.60577886250329, 12.925323017519212], [77.60487928535882, 12.92518326149654], [77.60503828567428, 12.926006044400946], [77.60448960416365, 12.926323457955219], [77.60476467917982, 12.927220872242735], [77.60437383019065, 12.927425303612326], [77.60441813913138, 12.927536268044038], [77.60477359854075, 12.92742354244697], [77.60493894697034, 12.928034623748115], [77.60328346780418, 12.927988288208939], [77.60102750936323, 12.926663277190112], [77.60049214791411, 12.926624832215701], [77.60071731238533, 12.931722856976661], [77.60159442199333, 12.93712747673977], [77.6064107363225, 12.93647256689603], [77.60804657409236, 12.935863757865386], [77.61005236272702, 12.934529183046237], [77.61388008140597, 12.931520048724837]]]}}, {"type": "Feature", "id": 47, "properties": {"id": 47, "no": 153, "name": "Jayanagar"}, "geometry": {"type": "Polygon", "coordinates": [[[77.58705284006042, 12.943764405541659], [77.58901011431371, 12.943758380460691], [77.58915159106651, 12.943074819973223], [77.58934130728737, 12.942893364368631], [77.5895876340916, 12.942844556806975], [77.59009615075524, 12.943092191373454], [77.59126279876554, 12.942455245236683], [77.59120631614721, 12.942168961525542], [77.59344187153704, 12.941524380368891], [77.59256985153296, 12.940567119141264], [77.59262726905659, 12.937977558071257], [77.59345563935636, 12.939126121093592], [77.59421747422302, 12.939516353813737], [77.59763765341657, 12.93999031899601], [77.59836776107512, 12.938622541197383], [77.5990834114476, 12.937856118749165], [77.59985008223202, 12.937433137292228], [77.60159442199333, 12.93712747673977], [77.60074051676385, 12.931929263934125], [77.6005201280317, 12.928349192887072], [77.5925497097473, 12.928551056343611], [77.59270367445092, 12.936179710864378], [77.59174265098586, 12.936341028495686], [77.59111032371193, 12.936672095118645], [77.5906267801216, 12.936142075549387], [77.59017358879834, 12.93634708860368], [77.59004490065513, 12.935582779957889], [77.58901614617015, 12.935796155338853], [77.5877632637822, 12.935223985587575], [77.58560105091094, 12.936583490093472], [77.58010228572321, 12.936761001155464], [77.57768266727301, 12.939670535469094], [77.57774818068715, 12.940586922571034], [77.57379843415957, 12.94063221215147], [77.57375403276954, 12.944538857401962], [77.57712656452625, 12.944455875513388], [77.57761275673788, 12.944141021339929], [77.577740215864, 12.94362296935857], [77.5852069718185, 12.943692183143874], [77.58545375867409, 12.944975516897552], [77.58601256093469, 12.945465070709028], [77.5870382085429, 12.945949541923865], [77.58705284006042, 12.943764405541659]]]}}, {"type": "Feature", "id": 48, "properties": {"id": 48, "no": 154, "name": "Basavanagudi"}, "geometry": {"type": "Polygon", "coordinates": [[[77.57377319756885, 12.943693909111904], [77.5738316802794, 12.934761090140762], [77.5717283148977, 12.934959786199983], [77.5715168077249, 12.93342123205078], [77.56928812834525, 12.933835052158711], [77.56920480374592, 12.933565219932197], [77.56859259448586, 12.933709224466138], [77.56869458735439, 12.943668421238323], [77.57377319756885, 12.943693909111904]]]}}, {"type": "Feature", "id": 49, "properties": {"id": 49, "no": 166, "name": "Karisandra"}, "geometry": {"type": "Polygon", "coordinates": [[[77.57961052982805, 12.930829395376367], [77.57974170155369, 12.923426800809949], [77.57360078027216, 12.923554849019116], [77.57356537798735, 12.921036545152635], [77.57422205575382, 12.920914234243817], [77.57440552938377, 12.920709712027023], [77.57428753378852, 12.919895881897704], [77.57361689063941, 12.918006215257385], [77.57364909412756, 12.91691619663773], [77.57255339273203, 12.91659689901805], [77.57127759180229, 12.916592553518118], [77.57038740248387, 12.91636455923467], [77.56999236385619, 12.915666627554204], [77.56964630253067, 12.915543196852385], [77.56877521732827, 12.917183713249146], [77.56865722885385, 12.917956540032034], [77.5697350261548, 12.921611474492204], [77.57053017879056, 12.925330565105941], [77.57004726213111, 12.92609171017024], [77.56953568467222, 12.92645103135094], [77.57069592941906, 12.926456637506435], [77.57113718068253, 12.929811059041404], [77.57504743694844, 12.9292442495798], [77.57526198925949, 12.930304386838879], [77.57635532038013, 12.930347190924756], [77.57618213254044, 12.930903589265455], [77.57961052982805, 12.930829395376367]]]}}, {"type": "Feature", "id": 50, "properties": {"id": 50, "no": 167, "name": "Yediyur"}, "geometry": {"type": "Polygon", "coordinates": [[[77.58490260094737, 12.936646241822652], [77.58482857104292, 12.932934678661615], [77.57958436080833, 12.933056416645929], [77.57961052982805, 12.930829395376367], [77.57618213254044, 12.930903589265455], [77.57635532038013, 12.930347190924756], [77.57526198925949, 12.930304386838879], [77.57504743694844, 12.9292442495798], [77.57145576983342, 12.929778407084763], [77.56855402962888, 12.92994134723884], [77.56859259448586, 12.933709224466138], [77.56920480374592, 12.933565219932197], [77.56928812834525, 12.933835052158711], [77.5715168077249, 12.93342123205078], [77.5717283148977, 12.934959786199983], [77.5738316802794, 12.934761090140762], [77.57379843415957, 12.94063221215147], [77.57774818068715, 12.940586922571034], [77.57768266727301, 12.939670535469094], [77.58010228572321, 12.936761001155464], [77.58490260094737, 12.936646241822652]]]}}, {"type": "Feature", "id": 51, "properties": {"id": 51, "no": 168, "name": "Pattabhiram Nagar"}, "geometry": {"type": "Polygon", "coordinates": [[[77.58383376608894, 12.928706587826836], [77.5871599885208, 12.928630582943525], [77.58774792520565, 12.92793770875485], [77.58893317581972, 12.927738830382436], [77.58971635062807, 12.927059548503978], [77.59716187999244, 12.92693942209737], [77.59704577264654, 12.923135660404759], [77.5934557720902, 12.923238073202121], [77.59335635628892, 12.920532597876237], [77.59297299465396, 12.920148199956396], [77.59262944502743, 12.918978373520767], [77.59331786455716, 12.91897929794693], [77.59329118461775, 12.916902158004605], [77.58583804765574, 12.917143405883692], [77.58595749661453, 12.923351535752108], [77.57974170155369, 12.923426800809949], [77.57958436080833, 12.933056416645929], [77.58392193205158, 12.932953327719888], [77.58383376608894, 12.928706587826836]]]}}, {"type": "Feature", "id": 52, "properties": {"id": 52, "no": 169, "name": "Byrasandra"}, "geometry": {"type": "Polygon", "coordinates": [[[77.5953500273359, 12.926994029656823], [77.58971635062807, 12.927059548503978], [77.58893317581972, 12.927738830382436], [77.58774792520565, 12.92793770875485], [77.5871599885208, 12.928630582943525], [77.58383376608894, 12.928706587826836], [77.58392193205158, 12.932953327719888], [77.58482857104292, 12.932934678661615], [77.58490260094737, 12.936646241822652], [77.58593060621563, 12.936477028920743], [77.5877632637822, 12.935223985587575], [77.58901614617015, 12.935796155338853], [77.59004490065513, 12.935582779957889], [77.59017358879834, 12.93634708860368], [77.5906267801216, 12.936142075549387], [77.59111032371193, 12.936672095118645], [77.59174265098586, 12.936341028495686], [77.59270367445092, 12.936179710864378], [77.5925281901867, 12.928581253347355], [77.59538795672793, 12.92846033115738], [77.5953500273359, 12.926994029656823]]]}}, {"type": "Feature", "id": 53, "properties": {"id": 53, "no": 170, "name": "Jayanagar East"}, "geometry": {"type": "Polygon", "coordinates": [[[77.6005201280317, 12.928349192887072], [77.60015366028198, 12.920914604099554], [77.60229934498221, 12.921067206405652], [77.60251370536464, 12.92143228425273], [77.60391728239374, 12.921406812690378], [77.60475093297372, 12.920572262853945], [77.60479985644423, 12.91951272611159], [77.60512604823361, 12.919585809268046], [77.60539364721566, 12.918247810300176], [77.60531903298819, 12.91663705228387], [77.59329118461775, 12.916902158004605], [77.59331786455716, 12.91897929794693], [77.59262944502743, 12.918978373520767], [77.59297299465396, 12.920148199956396], [77.59335635628892, 12.920532597876237], [77.5934557720902, 12.923238073202121], [77.59704577264654, 12.923135660404759], [77.59716187999244, 12.92693942209737], [77.5953500273359, 12.926994029656823], [77.59538795672793, 12.92846033115738], [77.6005201280317, 12.928349192887072]]]}}, {"type": "Feature", "id": 54, "properties": {"id": 54, "no": 171, "name": "Gurappanapalya"}, "geometry": {"type": "Polygon", "coordinates": [[[77.60493894697034, 12.928034623748115], [77.60477359854075, 12.92742354244697], [77.60441813913138, 12.927536268044038], [77.60437383019065, 12.927425303612326], [77.60476467917982, 12.927220872242735], [77.60448960416365, 12.926323457955219], [77.60503828567428, 12.926006044400946], [77.60487928535882, 12.92518326149654], [77.60577886250329, 12.925323017519212], [77.60627511767133, 12.925655577086038], [77.6069875024422, 12.92545968047319], [77.60698033969302, 12.925050727958565], [77.60856743099734, 12.924868283447731], [77.60877506148994, 12.92373995106631], [77.60853173621847, 12.923643343226663], [77.60881705760163, 12.923117561213429], [77.60890273842605, 12.922423424915129], [77.60862465105784, 12.92131299596008], [77.60802907819449, 12.919964080781213], [77.60812867656124, 12.919832353701496], [77.60727834598879, 12.916591204014138], [77.60531903298819, 12.91663705228387], [77.60539364721566, 12.918247810300176], [77.60512604823361, 12.919585809268046], [77.60479985644423, 12.91951272611159], [77.60475093297372, 12.920572262853945], [77.60391728239374, 12.921406812690378], [77.60251370536464, 12.92143228425273], [77.60229934498221, 12.921067206405652], [77.60015366028198, 12.920914604099554], [77.60049214791411, 12.926624832215701], [77.60102750936323, 12.926663277190112], [77.60328346780418, 12.927988288208939], [77.60493894697034, 12.928034623748115]]]}}, {"type": "Feature", "id": 55, "properties": {"id": 55, "no": 172, "name": "Madivala"}, "geometry": {"type": "Polygon", "coordinates": [[[77.6137060037682, 12.923572293774814], [77.61461028347007, 12.923509232975064], [77.61466618306383, 12.923769552915134], [77.61580364334729, 12.923269324316076], [77.61627160361459, 12.924644455798482], [77.61657050087571, 12.924784605173379], [77.61713400125642, 12.923834656392529], [77.61823204341765, 12.924418135325714], [77.62273850605546, 12.917310959266139], [77.6193573572287, 12.916263512529492], [77.61696452275008, 12.916218884838392], [77.61470500883978, 12.916438227570342], [77.60727834598879, 12.916591204014138], [77.60812867656124, 12.919832353701496], [77.60802907819449, 12.919964080781213], [77.60862465105784, 12.92131299596008], [77.60890273842605, 12.922423424915129], [77.60881705760163, 12.923117561213429], [77.60853173621847, 12.923643343226663], [77.60877506148994, 12.92373995106631], [77.60856743099734, 12.924868283447731], [77.60909781035875, 12.925052261037681], [77.6102419506858, 12.924912717066151], [77.61181122135267, 12.92423402552808], [77.61338361822426, 12.923856449463486], [77.6137060037682, 12.923572293774814]]]}}, {"type": "Feature", "id": 56, "properties": {"id": 56, "no": 173, "name": "Jakkasandra"}, "geometry": {"type": "Polygon", "coordinates": [[[77.6372553525932, 12.925199085837733], [77.63997420329699, 12.923835025230094], [77.63883490859928, 12.921532381561372], [77.63846765236977, 12.92034088889946], [77.63820246370263, 12.915944004036383], [77.62852877640088, 12.916804076399277], [77.62557637867683, 12.917653791060157], [77.62457984758315, 12.917636577678268], [77.6228123309276, 12.917306484909208], [77.62022432131508, 12.921159006376472], [77.62287230939073, 12.922635541641704], [77.62400826439436, 12.923073655202762], [77.62902281607839, 12.924203050027643], [77.6366942692643, 12.925321525379461], [77.6372553525932, 12.925199085837733]]]}}, {"type": "Feature", "id": 57, "properties": {"id": 57, "no": 174, "name": "HSR Layout"}, "geometry": {"type": "Polygon", "coordinates": [[[77.65401417935801, 12.897940806168666], [77.65162955827093, 12.898278837447497], [77.65116015009082, 12.898918572376823], [77.64921212817582, 12.899741162659918], [77.64885251525129, 12.899503951560053], [77.6485838899325, 12.900842312804539], [77.64851635157171, 12.902200531153987], [77.64879444414274, 12.903822203075638], [77.64750900505241, 12.903915051104555], [77.64689598520746, 12.904206341686278], [77.6419680480529, 12.90531593170833], [77.63911892121241, 12.905705411197994], [77.63511604670818, 12.90731433736031], [77.6332627906912, 12.90664604111888], [77.63252748128924, 12.906622223586824], [77.63255634913175, 12.904387395220462], [77.63231408505646, 12.9039377320547], [77.63100380849012, 12.903641175733782], [77.62445819914444, 12.914265542287076], [77.6227249690305, 12.917337245542006], [77.62557637867683, 12.917653791060157], [77.62852877640088, 12.916804076399277], [77.63820246370263, 12.915944004036383], [77.63846765236977, 12.92034088889946], [77.63883490859928, 12.921532381561372], [77.63997420329699, 12.923835025230094], [77.64134703909892, 12.923379996726158], [77.64521162797053, 12.924454982771653], [77.64932213145522, 12.924689214184246], [77.65172512928855, 12.924235460879343], [77.6515116290652, 12.922676754118026], [77.65158240148203, 12.921179583964358], [77.65357740038836, 12.920966031109607], [77.65370829535993, 12.92067112392737], [77.65486769305247, 12.920574611358461], [77.66051264079867, 12.916531967976107], [77.66220899451945, 12.918314431295808], [77.66280682142568, 12.92031377016368], [77.66284266233734, 12.921222167112937], [77.66121154371156, 12.921727692597022], [77.66249687569031, 12.925690473970167], [77.6635877841154, 12.928107407611533], [77.66395970328549, 12.927983718491179], [77.66498584626598, 12.928044226401608], [77.6652987632334, 12.928546824409159], [77.66584604242455, 12.9302178320206], [77.66627625101415, 12.930813188673815], [77.66703274782147, 12.931055596180029], [77.66927303697058, 12.93095336209463], [77.66930996783606, 12.927224953545196], [77.66810915392233, 12.92433420668095], [77.66706768312604, 12.922806765075427], [77.66485493751748, 12.920672993617655], [77.66314123914272, 12.918069240129256], [77.66272155325173, 12.918039242142175], [77.6620012541125, 12.916024006312206], [77.66123104690809, 12.915894735492964], [77.66093117375237, 12.913978051577631], [77.66017124500227, 12.911517558259993], [77.65702530672083, 12.911446734973428], [77.65477452012276, 12.903482101621382], [77.65504645568852, 12.90275943490869], [77.65638748113967, 12.90120012873144], [77.65706335985286, 12.900738927767453], [77.65717723105747, 12.90042575738908], [77.6570162552421, 12.899713049881957], [77.65682052815643, 12.899496084394322], [77.65660741724969, 12.899746400277378], [77.65586143132914, 12.899556919360148], [77.65583958702682, 12.898192315401799], [77.65536533919571, 12.898372296252743], [77.65464995986778, 12.898262785528045], [77.6546619129143, 12.897985320334822], [77.65401417935801, 12.897940806168666]]]}}, {"type": "Feature", "id": 58, "properties": {"id": 58, "no": 175, "name": "Bommanahalli"}, "geometry": {"type": "Polygon", "coordinates": [[[77.63113804986403, 12.903423874475175], [77.62929619473324, 12.903594454411397], [77.62940383302364, 12.903933751902272], [77.62748258120018, 12.90436153062618], [77.62726451456462, 12.903415612173323], [77.62666739486112, 12.903705466699348], [77.62420150272409, 12.902985565944185], [77.62352613250569, 12.901554238591327], [77.62214589818896, 12.899612969080492], [77.62117939091407, 12.896691802092018], [77.620834103275, 12.89628349709077], [77.62027691106589, 12.894839317951753], [77.61963076818978, 12.891568811408437], [77.62010986773433, 12.89139244322974], [77.62018881665253, 12.889736007006848], [77.61990215972912, 12.88883892439869], [77.61925099621244, 12.88812946810283], [77.61862415240157, 12.886246796900497], [77.61741800904447, 12.886478176278326], [77.61734631124394, 12.886208531022431], [77.61588049370435, 12.886508069891317], [77.6159943637966, 12.88747894192286], [77.61531363546173, 12.887605846425364], [77.61525694807828, 12.88672768541145], [77.6143031277743, 12.886920561225608], [77.61250327829163, 12.886915075865197], [77.61245711281983, 12.888544971831305], [77.61281251079157, 12.89037711528077], [77.61333656703108, 12.890227501345949], [77.6135718778623, 12.890617040623413], [77.61435569412143, 12.891186728399108], [77.61507654351978, 12.892374665379615], [77.61423201335663, 12.89262330001828], [77.61464235236689, 12.894903544446732], [77.61548423141849, 12.894886696215961], [77.6154776642714, 12.895492276990296], [77.61655561721098, 12.89545760296009], [77.61645086087555, 12.894472420312379], [77.61719770438394, 12.89440594202109], [77.61717955197693, 12.895965547353477], [77.61775588373276, 12.896027211966144], [77.61811120832749, 12.897970821299682], [77.61890415764654, 12.897997004959976], [77.6197106115064, 12.898255381562363], [77.61994688687663, 12.900756331788216], [77.61862251301278, 12.900865377712071], [77.61923165689521, 12.902427125841443], [77.61950571620203, 12.902340086253252], [77.61961478488482, 12.90291218305604], [77.62051993015696, 12.904841844289994], [77.62160462828497, 12.90465475181408], [77.62183023845985, 12.906713984516413], [77.62285592059334, 12.906829160298608], [77.622862240338, 12.90743727489381], [77.62220671669506, 12.907386486473234], [77.62215081344125, 12.908381439753727], [77.621419136485, 12.908425224077222], [77.62143926789905, 12.908622591616266], [77.62092652345001, 12.908726518288256], [77.62064523504415, 12.908493778639494], [77.6205469672448, 12.909098865893556], [77.62061281678183, 12.910131637989245], [77.62081818199792, 12.910676688235084], [77.6210850060253, 12.910842872426013], [77.62117221953125, 12.911942971142494], [77.62132675176781, 12.912235239834017], [77.6210616205056, 12.91264505434494], [77.62167026658324, 12.912949410100774], [77.62164976556188, 12.913246742505198], [77.62114141300022, 12.913767647191413], [77.62235378288676, 12.914366439336101], [77.62232542650392, 12.91617263336989], [77.62274127214218, 12.91730558670894], [77.62445819914444, 12.914265542287076], [77.63113804986403, 12.903423874475175]]]}}, {"type": "Feature", "id": 59, "properties": {"id": 59, "no": 176, "name": "BTM Layout"}, "geometry": {"type": "Polygon", "coordinates": [[[77.62232542650392, 12.91617263336989], [77.62236995926223, 12.914408722878107], [77.62114141300022, 12.913767647191413], [77.62164976556188, 12.913246742505198], [77.62167026658324, 12.912949410100774], [77.62107521983143, 12.912586305688153], [77.61954588798666, 12.91255619556268], [77.61911868912095, 12.912763496041846], [77.6167895839758, 12.91483518879], [77.6164996784158, 12.915433725049882], [77.61526261027483, 12.909584455193817], [77.61389399729121, 12.906753159606776], [77.6132227062314, 12.905902076612927], [77.61272220197223, 12.904486086751515], [77.60934489534635, 12.905022376636174], [77.60945460221794, 12.905442056283722], [77.60852479892635, 12.905849613401394], [77.60617809100992, 12.905630185887203], [77.60389015800749, 12.905813697334436], [77.60403614236488, 12.908705357047095], [77.60029168645782, 12.908513437324885], [77.59995560813243, 12.912285580477828], [77.59992516795943, 12.916555564743541], [77.6001022429916, 12.916745774774583], [77.61891418207577, 12.916249659167322], [77.62020788396154, 12.916433387778044], [77.62273850605546, 12.917310959266139], [77.62232542650392, 12.91617263336989]]]}}, {"type": "Feature", "id": 60, "properties": {"id": 60, "no": 177, "name": "J P Nagar"}, "geometry": {"type": "Polygon", "coordinates": [[[77.6001022429916, 12.916745774774583], [77.59992516795943, 12.916555564743541], [77.59995560813243, 12.912285580477828], [77.60033517195608, 12.908014054433055], [77.60052909221066, 12.90733505704548], [77.60168963417732, 12.905891008485547], [77.6018980677794, 12.905242265764599], [77.6014636316817, 12.903343731002026], [77.59947891860008, 12.903868978245505], [77.5989462228742, 12.903621052670509], [77.59908838964215, 12.902337199066329], [77.59944016350124, 12.901192843639805], [77.59667387227776, 12.902493250417976], [77.5940248701131, 12.902711610487568], [77.59376373605505, 12.904861785361875], [77.59341710843056, 12.905316441769191], [77.59361519659451, 12.907403818208877], [77.59317331708398, 12.90746740250222], [77.59332248830223, 12.910228484448414], [77.58570358196124, 12.910567956446942], [77.58583804765574, 12.917143405883692], [77.6001022429916, 12.916745774774583]]]}}, {"type": "Feature", "id": 61, "properties": {"id": 61, "no": 178, "name": "Sarakki"}, "geometry": {"type": "Polygon", "coordinates": [[[77.58313396868162, 12.910513627322132], [77.59332248830223, 12.910228484448414], [77.59317331708398, 12.90746740250222], [77.59361519659451, 12.907403818208877], [77.59341710843056, 12.905316441769191], [77.59175355364422, 12.90540498002353], [77.59174689431735, 12.905629499287825], [77.59028074746212, 12.905717067515086], [77.59009091539626, 12.90481112760266], [77.58853921931534, 12.904968582118176], [77.5885761809776, 12.905187641696312], [77.58828759470927, 12.905251028649769], [77.58828794136875, 12.905731863450344], [77.58648045940996, 12.905741965223848], [77.58647503595078, 12.904626168922645], [77.58576030060975, 12.904621069161614], [77.58497883876251, 12.904640972154077], [77.58496123650193, 12.9051680824187], [77.58171404309266, 12.905599150263503], [77.58172911148903, 12.903810752165787], [77.58044979809122, 12.9041203320238], [77.58032744953674, 12.904416723559452], [77.57961646932092, 12.904555693516834], [77.57963716445724, 12.904770575159493], [77.57870054332304, 12.904990561121348], [77.5787343671552, 12.905552586817372], [77.57689459344725, 12.905546209541875], [77.57704869215617, 12.904300653090521], [77.57725436824278, 12.903901097986891], [77.5770107710408, 12.903856729901326], [77.57548097406143, 12.905054302968205], [77.57548669617294, 12.906468037473623], [77.57326055422912, 12.90648943220856], [77.57298590485127, 12.908469755620324], [77.57289555148085, 12.911464894679149], [77.57767479708075, 12.910918460786476], [77.58313396868162, 12.910513627322132]]]}}, {"type": "Feature", "id": 62, "properties": {"id": 62, "no": 179, "name": "Shakambari Nagar"}, "geometry": {"type": "Polygon", "coordinates": [[[77.57360078027216, 12.923554849019116], [77.58595749661453, 12.923351535752108], [77.58570358196124, 12.910567956446942], [77.58313396868162, 12.910513627322132], [77.57767479708075, 12.910918460786476], [77.57289555148085, 12.911464894679149], [77.57296823482939, 12.912378528539646], [77.57365959741752, 12.915355422399903], [77.57361689063941, 12.918006215257385], [77.57439493172573, 12.920498828372722], [77.57434371227474, 12.920850978896777], [77.57356537798735, 12.921036545152635], [77.57360078027216, 12.923554849019116]]]}}, {"type": "Feature", "id": 63, "properties": {"id": 63, "no": 180, "name": "Banashankari Temple ward"}, "geometry": {"type": "Polygon", "coordinates": [[[77.56867554228617, 12.918089408442958], [77.56877521732827, 12.917183713249146], [77.56964630253067, 12.915543196852385], [77.56999236385619, 12.915666627554204], [77.57038740248387, 12.91636455923467], [77.57127759180229, 12.916592553518118], [77.57255339273203, 12.91659689901805], [77.57364909412756, 12.91691619663773], [77.57365959741752, 12.915355422399903], [77.57289327882775, 12.911629609524955], [77.5729353744295, 12.90916804997195], [77.57326055422912, 12.90648943220856], [77.57219326242716, 12.906629343444202], [77.57174983262631, 12.906899034536531], [77.56836017560069, 12.910983247028307], [77.56843406151202, 12.918212541509137], [77.56867554228617, 12.918089408442958]]]}}, {"type": "Feature", "id": 64, "properties": {"id": 64, "no": 186, "name": "Jaraganahalli"}, "geometry": {"type": "Polygon", "coordinates": [[[77.58580160645485, 12.902764657751488], [77.58361821616595, 12.901919764420496], [77.58382765836701, 12.898633142810345], [77.58272514793052, 12.898666229719343], [77.58271428867492, 12.897844817920367], [77.58097560927449, 12.897863530952636], [77.57938779442557, 12.89687385926906], [77.57926465325342, 12.897338072022913], [77.57891039535015, 12.897203094803894], [77.57463590224934, 12.89472927262078], [77.57326241682796, 12.894290153784146], [77.57340248102669, 12.89403565636812], [77.5732378523169, 12.893965809417057], [77.57275321603386, 12.894661442919846], [77.57188964688115, 12.894515087222594], [77.57188359865714, 12.894220335849614], [77.56870038394251, 12.893989802072051], [77.56836143121389, 12.894079987381458], [77.57117724951647, 12.897164450753294], [77.57281649017382, 12.899445711301933], [77.57346397637886, 12.901840553972693], [77.57322972884226, 12.903758793518227], [77.57337550709494, 12.905579977606946], [77.57326055422912, 12.90648943220856], [77.57548669617294, 12.906468037473623], [77.57548097406143, 12.905054302968205], [77.5770107710408, 12.903856729901326], [77.57725436824278, 12.903901097986891], [77.57704869215617, 12.904300653090521], [77.57689459344725, 12.905546209541875], [77.5787343671552, 12.905552586817372], [77.57870054332304, 12.904990561121348], [77.57963716445724, 12.904770575159493], [77.57961646932092, 12.904555693516834], [77.58032744953674, 12.904416723559452], [77.58044979809122, 12.9041203320238], [77.58172911148903, 12.903810752165787], [77.58171404309266, 12.905599150263503], [77.58496123650193, 12.9051680824187], [77.58497883876251, 12.904640972154077], [77.58576030060975, 12.904621069161614], [77.58580160645485, 12.902764657751488]]]}}, {"type": "Feature", "id": 65, "properties": {"id": 65, "no": 187, "name": "Puttenahalli"}, "geometry": {"type": "Polygon", "coordinates": [[[77.5925441155892, 12.891429243088208], [77.5903268758226, 12.89221398197847], [77.58984731330773, 12.891206082230783], [77.58861954112156, 12.891744286127922], [77.58828240913796, 12.891550352943577], [77.5880228650169, 12.889092502475544], [77.58624386717999, 12.889337811275606], [77.5829977282171, 12.890332022699384], [77.58253406775925, 12.890529894355854], [77.58198223628946, 12.891198238357468], [77.58185588656579, 12.892129021140542], [77.580842178466, 12.892110849790912], [77.5801871891452, 12.894699443892096], [77.57938779442557, 12.89687385926906], [77.58097560927449, 12.897863530952636], [77.58271428867492, 12.897844817920367], [77.58272514793052, 12.898666229719343], [77.58382765836701, 12.898633142810345], [77.58361821616595, 12.901919764420496], [77.58580160645485, 12.902764657751488], [77.58576030060975, 12.904621069161614], [77.58647503595078, 12.904626168922645], [77.58648045940996, 12.905741965223848], [77.58828794136875, 12.905731863450344], [77.58828759470927, 12.905251028649769], [77.5885761809776, 12.905187641696312], [77.58853921931534, 12.904968582118176], [77.59009091539626, 12.90481112760266], [77.59028074746212, 12.905717067515086], [77.59174689431735, 12.905629499287825], [77.59175355364422, 12.90540498002353], [77.59341710843056, 12.905316441769191], [77.59376373605505, 12.904861785361875], [77.5940248701131, 12.902711610487568], [77.59667387227776, 12.902493250417976], [77.59940966396933, 12.901195871396272], [77.5989178426288, 12.903291874967799], [77.59901639280677, 12.903696593859456], [77.59947891860008, 12.903868978245505], [77.6014636316817, 12.903343731002026], [77.6007306383191, 12.899329802089838], [77.59946685111639, 12.895225284063999], [77.59881952976494, 12.892417923452095], [77.59812388208539, 12.890579570722348], [77.5925441155892, 12.891429243088208]]]}}, {"type": "Feature", "id": 66, "properties": {"id": 66, "no": 188, "name": "Bilekhalli"}, "geometry": {"type": "Polygon", "coordinates": [[[77.61970022536786, 12.912545558492159], [77.62107521983143, 12.912586305688153], [77.62132735047153, 12.912292645681628], [77.6210850060253, 12.910842872426013], [77.62081818199792, 12.910676688235084], [77.62061281678183, 12.910131637989245], [77.62064523504415, 12.908493778639494], [77.62092652345001, 12.908726518288256], [77.62143926789905, 12.908622591616266], [77.621419136485, 12.908425224077222], [77.62215081344125, 12.908381439753727], [77.62220671669506, 12.907386486473234], [77.622862240338, 12.90743727489381], [77.62285592059334, 12.906829160298608], [77.62183023845985, 12.906713984516413], [77.62160462828497, 12.90465475181408], [77.62051993015696, 12.904841844289994], [77.61961478488482, 12.90291218305604], [77.61950571620203, 12.902340086253252], [77.61923165689521, 12.902427125841443], [77.61862251301278, 12.900865377712071], [77.61994688687663, 12.900756331788216], [77.6197106115064, 12.898255381562363], [77.61890415764654, 12.897997004959976], [77.61811120832749, 12.897970821299682], [77.61775588373276, 12.896027211966144], [77.61717955197693, 12.895965547353477], [77.61719770438394, 12.89440594202109], [77.61645086087555, 12.894472420312379], [77.61655561721098, 12.89545760296009], [77.6154776642714, 12.895492276990296], [77.61548423141849, 12.894886696215961], [77.61464235236689, 12.894903544446732], [77.61423201335663, 12.89262330001828], [77.61507654351978, 12.892374665379615], [77.61435569412143, 12.891186728399108], [77.6135718778623, 12.890617040623413], [77.61333656703108, 12.890227501345949], [77.61281251079157, 12.89037711528077], [77.61256949797766, 12.889245126676448], [77.61250327829163, 12.886915075865197], [77.61222764293186, 12.886903557767665], [77.61247100818143, 12.883946237196238], [77.61010559883468, 12.884538174369926], [77.61050543353225, 12.886847387657498], [77.60842811469159, 12.886746637862482], [77.60845143827214, 12.888310677935483], [77.60749046100064, 12.88846411375444], [77.60381917083983, 12.889814195305224], [77.60349545009929, 12.889432157199767], [77.60323442384184, 12.889402782557417], [77.60315199953483, 12.888785468015023], [77.59988457193978, 12.89007554309436], [77.59953312599558, 12.89034921387888], [77.59812388208539, 12.890579570722348], [77.59881952976494, 12.892417923452095], [77.59946685111639, 12.895225284063999], [77.6007306383191, 12.899329802089838], [77.6011184817101, 12.90190549937735], [77.60188085057874, 12.905075282636764], [77.60177941399397, 12.90575166179083], [77.60048335720344, 12.907418361038744], [77.60029168645782, 12.908513437324885], [77.60403614236488, 12.908705357047095], [77.60389015800749, 12.905813697334436], [77.60617809100992, 12.905630185887203], [77.60852479892635, 12.905849613401394], [77.60945460221794, 12.905442056283722], [77.60934489534635, 12.905022376636174], [77.61272220197223, 12.904486086751515], [77.6132227062314, 12.905902076612927], [77.61389399729121, 12.906753159606776], [77.61526261027483, 12.909584455193817], [77.6164996784158, 12.915433725049882], [77.6167895839758, 12.91483518879], [77.61856063405143, 12.913159973449222], [77.61970022536786, 12.912545558492159]]]}}, {"type": "Feature", "id": 67, "properties": {"id": 67, "no": 189, "name": "Hongasandra"}, "geometry": {"type": "Polygon", "coordinates": [[[77.63616337961055, 12.895241449630985], [77.63433455967846, 12.894848710788086], [77.63345088653236, 12.895204472721483], [77.63276382376975, 12.8938103399404], [77.632187471273, 12.89372092319326], [77.62960708160686, 12.89425016977086], [77.62951988967065, 12.893203657461582], [77.63030263868342, 12.89314137738428], [77.63023426282571, 12.892642972562333], [77.62994776948761, 12.892037007165989], [77.6294869507038, 12.891692568042334], [77.62933621418783, 12.89086426088135], [77.6286999288014, 12.890146964595072], [77.62866403835932, 12.888082386779127], [77.62808784750852, 12.888057558641417], [77.62675642790424, 12.888389551278902], [77.6256030411022, 12.888401127982553], [77.62560781619315, 12.888550479230549], [77.62376915954543, 12.888543453433856], [77.62152969476902, 12.88883064739945], [77.62131334144965, 12.888651568771307], [77.61990215972912, 12.88883892439869], [77.62018881665253, 12.889736007006848], [77.62015956269634, 12.891126012660953], [77.62006686486231, 12.891461500505207], [77.61963076818978, 12.891568811408437], [77.62027691106589, 12.894839317951753], [77.620834103275, 12.89628349709077], [77.62117939091407, 12.896691802092018], [77.62214589818896, 12.899612969080492], [77.62352613250569, 12.901554238591327], [77.62420150272409, 12.902985565944185], [77.62666739486112, 12.903705466699348], [77.62726451456462, 12.903415612173323], [77.62748258120018, 12.90436153062618], [77.62940383302364, 12.903933751902272], [77.62929619473324, 12.903594454411397], [77.63113804986403, 12.903423874475175], [77.63100380849012, 12.903641175733782], [77.63231408505646, 12.9039377320547], [77.63255634913175, 12.904387395220462], [77.63252748128924, 12.906622223586824], [77.6332627906912, 12.90664604111888], [77.63511604670818, 12.90731433736031], [77.63523768732287, 12.907269876335988], [77.63508125447227, 12.90723727642052], [77.63477719879963, 12.90610397139584], [77.63490093263245, 12.906102723767715], [77.63483515348426, 12.905402008738015], [77.63494485644773, 12.905373926888936], [77.63485759357785, 12.90295032558499], [77.6347987616107, 12.902256281831606], [77.63456242234194, 12.902244988870605], [77.63451205562436, 12.901520137146973], [77.63500130902746, 12.901557167968484], [77.63498223171177, 12.900092323780186], [77.63308954841565, 12.90090003062725], [77.63237320396004, 12.90140774963591], [77.63616337961055, 12.895241449630985]]]}}, {"type": "Feature", "id": 68, "properties": {"id": 68, "no": 190, "name": "Mangammanapalya"}, "geometry": {"type": "Polygon", "coordinates": [[[77.65519270471154, 12.896128296512664], [77.65723652810836, 12.89405230829917], [77.65699291642171, 12.893823175819202], [77.656383856809, 12.893746103087006], [77.65526884213494, 12.893979454131395], [77.65401619060712, 12.894575000104153], [77.65304085148075, 12.894640405780219], [77.65219017457265, 12.894454755197996], [77.65052263193688, 12.893264363879977], [77.64996445063649, 12.892645557919991], [77.64917165188858, 12.891238137353588], [77.64870139603441, 12.889816626089273], [77.64378520989895, 12.890628536011247], [77.64352079006422, 12.888190611224607], [77.6411035966696, 12.887326643576051], [77.64115839924636, 12.88712166855337], [77.63972921293089, 12.88672943156094], [77.63895621479942, 12.884789146304225], [77.63811043808435, 12.885054837450387], [77.63843247718367, 12.885692462628922], [77.63716983380897, 12.88617365685575], [77.63653900786703, 12.886587477729973], [77.63533139473931, 12.887792204546896], [77.634983498725, 12.887683646893754], [77.63516057728188, 12.886695231785183], [77.63475363681628, 12.886651081150973], [77.63474792839055, 12.886292440040688], [77.63244064671267, 12.886147057071222], [77.63144009135314, 12.88915275776243], [77.63315225595613, 12.889308889834966], [77.63431088651892, 12.88980147932118], [77.63418834278343, 12.890485812629501], [77.63435768840935, 12.892136301316734], [77.63181132970156, 12.892664004393493], [77.63024534598895, 12.892767816348051], [77.63030263868342, 12.89314137738428], [77.62951988967065, 12.893203657461582], [77.62960708160686, 12.89425016977086], [77.632187471273, 12.89372092319326], [77.63276382376975, 12.8938103399404], [77.63345088653236, 12.895204472721483], [77.63433455967846, 12.894848710788086], [77.63616337961055, 12.895241449630985], [77.63237320396004, 12.90140774963591], [77.63308954841565, 12.90090003062725], [77.63498223171177, 12.900092323780186], [77.63500130902746, 12.901557167968484], [77.63451205562436, 12.901520137146973], [77.63456242234194, 12.902244988870605], [77.6347987616107, 12.902256281831606], [77.63485759357785, 12.90295032558499], [77.63494485644773, 12.905373926888936], [77.63483515348426, 12.905402008738015], [77.63490093263245, 12.906102723767715], [77.63477719879963, 12.90610397139584], [77.63508125447227, 12.90723727642052], [77.63523768732287, 12.907269876335988], [77.63911892121241, 12.905705411197994], [77.6419680480529, 12.90531593170833], [77.64689598520746, 12.904206341686278], [77.64750900505241, 12.903915051104555], [77.64879444414274, 12.903822203075638], [77.64851635157171, 12.902200531153987], [77.6485838899325, 12.900842312804539], [77.64885251525129, 12.899503951560053], [77.64921212817582, 12.899741162659918], [77.65116015009082, 12.898918572376823], [77.65162955827093, 12.898278837447497], [77.65328561765843, 12.897991991596323], [77.6546619129143, 12.897985320334822], [77.65519270471154, 12.896128296512664]]]}}, {"type": "Feature", "id": 69, "properties": {"id": 69, "no": 191, "name": "Singasandra"}, "geometry": {"type": "Polygon", "coordinates": [[[77.64094662608612, 12.874251296807982], [77.64036984044903, 12.87436273676245], [77.63971361717314, 12.876322660338566], [77.63719140838852, 12.87985547483166], [77.63732946985631, 12.88245696156613], [77.63811043808435, 12.885054837450387], [77.63895621479942, 12.884789146304225], [77.63972921293089, 12.88672943156094], [77.64115839924636, 12.88712166855337], [77.6411035966696, 12.887326643576051], [77.64352079006422, 12.888190611224607], [77.64378520989895, 12.890628536011247], [77.64870139603441, 12.889816626089273], [77.64917165188858, 12.891238137353588], [77.6502799965903, 12.893058669457176], [77.65186311198967, 12.894291547615783], [77.65304085148075, 12.894640405780219], [77.65401619060712, 12.894575000104153], [77.65526884213494, 12.893979454131395], [77.656383856809, 12.893746103087006], [77.65699291642171, 12.893823175819202], [77.65723652810836, 12.89405230829917], [77.66075045128555, 12.894694152882183], [77.66267157890819, 12.894504194269475], [77.66343838703726, 12.894273234828763], [77.66471714473293, 12.894349469148006], [77.66959555503676, 12.893697489409826], [77.67334098358546, 12.89292165442437], [77.67185975597425, 12.884690537239846], [77.67479991046886, 12.884192105145866], [77.67435643455958, 12.880442122998755], [77.67198775628982, 12.88082771622481], [77.67429276785857, 12.876325016173489], [77.67528575418292, 12.872901326420688], [77.6754504769406, 12.872762891150332], [77.67289477009268, 12.86917126634016], [77.67283103832136, 12.868486656311783], [77.66448490544488, 12.868571662406671], [77.6624720090056, 12.869561011262608], [77.66180327710127, 12.870162210085011], [77.65871866704796, 12.871871274487864], [77.658024180891, 12.871402255351843], [77.6578148944912, 12.870390329125714], [77.6579324676662, 12.870378310569071], [77.65789678780612, 12.86908675192987], [77.65733754090101, 12.869070773028959], [77.65733892057357, 12.869550718557289], [77.65682954516085, 12.869550546723824], [77.65681520591819, 12.868979237301838], [77.65613592090408, 12.868951813208577], [77.6559003206729, 12.868994229785438], [77.65596639595458, 12.869734078435785], [77.65383483465735, 12.869606807117938], [77.65170054241605, 12.87225698621784], [77.64831454479688, 12.872376968574171], [77.64780314819308, 12.871871811911852], [77.64705778821505, 12.871844864500138], [77.64703801269769, 12.871300257250393], [77.64658044064728, 12.870236235227903], [77.64417204378464, 12.870515135957007], [77.64410362419196, 12.870136428828882], [77.64214559866657, 12.869586243541477], [77.64080147090179, 12.869815748390645], [77.64141381599059, 12.871465491113732], [77.64094662608612, 12.874251296807982]]]}}, {"type": "Feature", "id": 70, "properties": {"id": 70, "no": 193, "name": "Arakere"}, "geometry": {"type": "Polygon", "coordinates": [[[77.59742165224411, 12.869258555217812], [77.59694690951935, 12.87021413518814], [77.59629889104149, 12.872625100823184], [77.59598111046355, 12.872912144658494], [77.59437446006393, 12.873066997289701], [77.59355459545313, 12.873321451142777], [77.59326704378029, 12.87368806821093], [77.58895667789191, 12.86985318492924], [77.58874760449979, 12.872597461909548], [77.58721313859262, 12.873083065342056], [77.5861374573618, 12.874009814213778], [77.58614025090716, 12.87428215124319], [77.58685342209431, 12.874918872375883], [77.58965640686814, 12.87685592848878], [77.58968521919019, 12.877632408951472], [77.59042753026982, 12.879580611775838], [77.59073474395983, 12.881090220094903], [77.59059447721224, 12.882751327931627], [77.59120843823804, 12.884169900365746], [77.59158596821133, 12.885815503140941], [77.59173767847658, 12.888326157503181], [77.59069673043366, 12.888661133997925], [77.5880228650169, 12.889092502475544], [77.58828240913796, 12.891550352943577], [77.58880733479737, 12.891755578350912], [77.58984731330773, 12.891206082230783], [77.5903268758226, 12.89221398197847], [77.5925441155892, 12.891429243088208], [77.59953312599558, 12.89034921387888], [77.59988457193978, 12.89007554309436], [77.60315199953483, 12.888785468015023], [77.60323442384184, 12.889402782557417], [77.60349545009929, 12.889432157199767], [77.60381917083983, 12.889814195305224], [77.60749046100064, 12.88846411375444], [77.60845143827214, 12.888310677935483], [77.60842811469159, 12.886746637862482], [77.61050543353225, 12.886847387657498], [77.61010559883468, 12.884538174369926], [77.61247100818143, 12.883946237196238], [77.61222764293186, 12.886903557767665], [77.6143031277743, 12.886920561225608], [77.61525694807828, 12.88672768541145], [77.61531363546173, 12.887605846425364], [77.6159943637966, 12.88747894192286], [77.61588049370435, 12.886508069891317], [77.61734631124394, 12.886208531022431], [77.61741800904447, 12.886478176278326], [77.61862415240157, 12.886246796900497], [77.6182612232345, 12.884789251245063], [77.6178772597564, 12.884697066190524], [77.61763373007985, 12.881712171208314], [77.61897786794745, 12.8811187966485], [77.6190242925025, 12.880764389067703], [77.61863033983403, 12.8795000350587], [77.61811940153919, 12.879353432046301], [77.61807115448853, 12.87896322817225], [77.61848351908691, 12.878872269404031], [77.61831021391555, 12.878588882459674], [77.6182420232312, 12.877812856596941], [77.61780421238032, 12.877148673201729], [77.61791062019661, 12.876402174648652], [77.61777231334202, 12.876010833211199], [77.61539400896051, 12.87622552446856], [77.61519752880616, 12.87260283702952], [77.6145587303959, 12.871436186933172], [77.61450091333694, 12.870988518455167], [77.61477970905364, 12.870619297928647], [77.61465810438541, 12.870253042027802], [77.61394430548908, 12.869080746222703], [77.60891368278403, 12.869130885302628], [77.60904365510252, 12.870433150070768], [77.60693591683976, 12.871007872819469], [77.60657007611532, 12.87012408991133], [77.60580523819637, 12.869161818210603], [77.59742165224411, 12.869258555217812]]]}}, {"type": "Feature", "id": 71, "properties": {"id": 71, "no": 195, "name": "Konankunte"}, "geometry": {"type": "Polygon", "coordinates": [[[77.57926465325342, 12.897338072022913], [77.5801871891452, 12.894699443892096], [77.580842178466, 12.892110849790912], [77.58185588656579, 12.892129021140542], [77.5819377027883, 12.89127274147613], [77.58253406775925, 12.890529894355854], [77.58624386717999, 12.889337811275606], [77.59069673043366, 12.888661133997925], [77.59175413654364, 12.888281993296626], [77.59158596821133, 12.885815503140941], [77.59120843823804, 12.884169900365746], [77.59055842712394, 12.882562845974302], [77.59068808010504, 12.881428535064101], [77.58552404706694, 12.878570651141564], [77.58550818714619, 12.877024580890266], [77.58414030771554, 12.877023495912825], [77.58250796200281, 12.877331338833164], [77.58205299698103, 12.876460601004688], [77.5818045234108, 12.875427366920984], [77.57961406061737, 12.874952990408243], [77.57733906721988, 12.876390338076616], [77.57728496957523, 12.87691600873342], [77.57658612975654, 12.878367010710013], [77.57652431949396, 12.879592940462718], [77.5762380154448, 12.880675206633068], [77.57568559592484, 12.881905961920802], [77.57285942693997, 12.882206104982794], [77.57295688675877, 12.883004615062852], [77.57200846531188, 12.883046789881245], [77.57206129849345, 12.883331969151984], [77.56993472730261, 12.883683774377456], [77.57044684084795, 12.885266975871591], [77.56809958389745, 12.885450717342913], [77.56811202275576, 12.886670714246778], [77.56880848005869, 12.886613249681556], [77.56865488478385, 12.88885775158418], [77.5695793805876, 12.888887418675171], [77.56942537435162, 12.890051337085358], [77.57047814508407, 12.890265725349273], [77.57155517624138, 12.890274469415486], [77.57208362193987, 12.892139048996228], [77.57179480572691, 12.89422821457176], [77.57188964688115, 12.894515087222594], [77.57275321603386, 12.894661442919846], [77.5732378523169, 12.893965809417057], [77.57340248102669, 12.89403565636812], [77.57326241682796, 12.894290153784146], [77.57463590224934, 12.89472927262078], [77.57891039535015, 12.897203094803894], [77.57926465325342, 12.897338072022913]]]}}]}